frame,backend,bond_dim,energy,abs_energy_error,within_dmrg_tolerance,dmrg_seconds,max_result_mps_bond,sweep_converged,reached_max_sweeps,sweep_limit_reached_without_convergence,sweeps_requested,sweeps_completed,sweep_energy_tolerance,last_sweep_energy_change,final_sweep_noise,sweep_energies,per_sweep_seconds,system,dataset_tag,fiedler
raw_qubit,block2_pauli,1,-2.1242597389727775,0.05605687535107995,False,0.048540999996475875,1,True,False,False,100,3,1e-06,0.0,0.0,"[-2.1795507519996766, -2.1242597389727775, -2.1242597389727775]","[0.012004875003185589, 0.017088708002120256, 0.013653707996127196]",H4chain_eqm,,False
raw_qubit,block2_pauli,2,-2.1452557587935956,0.035060855530261836,False,0.050958166997588705,2,True,False,False,100,3,1e-06,0.0,0.0,"[-2.1795507519996766, -2.1452557587935956, -2.1452557587935956]","[0.012185874998976942, 0.014535709000483621, 0.01023900000291178]",H4chain_eqm,,False
raw_qubit,block2_pauli,3,-2.158359491042254,0.021957123281603597,False,0.05084233300294727,3,True,False,False,100,4,1e-06,1.7763568394002505e-15,0.0,"[-2.1795507519996766, -2.1549379797996355, -2.1583594910422557, -2.158359491042254]","[0.015203082999505568, 0.01014329199824715, 0.009966625002562068, 0.010055749997263774]",H4chain_eqm,,False
raw_qubit,block2_pauli,4,-2.1638193591911836,0.01649725513267386,False,0.04574037499696715,4,True,False,False,100,4,1e-06,2.6645352591003757e-15,0.0,"[-2.1795507519996775, -2.1696483608093677, -2.1638193591911863, -2.1638193591911836]","[0.011417707995860837, 0.00985154200316174, 0.00953395899705356, 0.010909499993431382]",H4chain_eqm,,False
raw_qubit,block2_pauli,5,-2.1773168561125926,0.002999758211264858,False,0.03410133300349116,5,True,False,False,100,3,1e-06,4.1744385725905886e-14,0.0,"[-2.1795507519996775, -2.177316856112551, -2.1773168561125926]","[0.010375000005296897, 0.00991354100551689, 0.00991187500039814]",H4chain_eqm,,False
raw_qubit,block2_pauli,6,-2.1784011821414326,0.0019154321824248477,False,0.03824920799524989,6,True,False,False,100,3,1e-06,8.881784197001252e-15,0.0,"[-2.1795507519996775, -2.1784011821414415, -2.1784011821414326]","[0.011504000001878012, 0.010780458003864624, 0.01034912499744678]",H4chain_eqm,,False
raw_qubit,block2_pauli,7,-2.17956800290687,0.0007486114169874547,True,0.027210542000830173,7,True,False,False,100,2,1e-06,3.6128433578141994e-11,0.0,"[-2.1795680028707416, -2.17956800290687]","[0.011126000004878733, 0.011674749999656342]",H4chain_eqm,,False
HCT_Nover2_Comm,block2_pauli,1,-2.1532967901271984,0.027019824196659048,False,0.07899524999811547,1,True,False,False,100,6,1e-06,9.146476109833657e-08,0.0,"[-2.180205850176246, -2.1535826104833538, -2.1533073858180174, -2.153303405019116, -2.1532968815919595, -2.1532967901271984]","[0.010754791997896973, 0.011450708996562753, 0.01623749999998836, 0.01031837500340771, 0.012839957998949103, 0.013691541003936436]",H4chain_eqm,HCT N/2 Comm,False
HCT_Nover2_Comm,block2_pauli,2,-2.180156667561487,0.00015994676237029992,True,0.0658019999973476,2,True,False,False,100,4,1e-06,3.248956659263058e-12,0.0,"[-2.180316614319958, -2.1802213474216963, -2.180156667564736, -2.180156667561487]","[0.01308749999589054, 0.022644083997874986, 0.014754582996829413, 0.010488750005606562]",H4chain_eqm,HCT N/2 Comm,False
HCT_N_Comm,block2_pauli,1,-2.1496924957869314,0.030624118536926037,False,0.04744641599972965,1,True,False,False,100,4,1e-06,4.082686553275039e-07,0.0,"[-2.1802059146426336, -2.149863818630835, -2.149692087518276, -2.1496924957869314]","[0.009890499997709412, 0.014486750005744398, 0.009812625001359265, 0.009555958000419196]",H4chain_eqm,HCT N Comm,False
HCT_N_Comm,block2_pauli,2,-2.1802097022836975,0.000106912040160001,True,0.0519388339962461,2,True,False,False,100,4,1e-06,1.6431300764452317e-13,0.0,"[-2.1803166142969435, -2.1802047902001123, -2.180209702283533, -2.1802097022836975]","[0.011155665997648612, 0.010372832999564707, 0.01446337499510264, 0.01201170800050022]",H4chain_eqm,HCT N Comm,False
Pauli_BLISS+HCT_N_Comm,block2_pauli,1,-2.1496924957869314,0.030624118536926037,False,0.04777495800226461,1,True,False,False,100,4,1e-06,4.082686553275039e-07,0.0,"[-2.1802059146426336, -2.149863818630835, -2.149692087518276, -2.1496924957869314]","[0.009635665999667253, 0.013912583002820611, 0.010543290998612065, 0.009764791997440625]",H4chain_eqm,Pauli BLISS+HCT N Comm,False
Pauli_BLISS+HCT_N_Comm,block2_pauli,2,-2.1802097022836975,0.000106912040160001,True,0.049811791999673005,2,True,False,False,100,4,1e-06,1.6431300764452317e-13,0.0,"[-2.1803166142969435, -2.1802047902001123, -2.180209702283533, -2.1802097022836975]","[0.01091295899823308, 0.010026999996625818, 0.013575000004493631, 0.011351665998518001]",H4chain_eqm,Pauli BLISS+HCT N Comm,False
BS_Nover2_Comm,block2_pauli,1,-2.1532967901271984,0.027019824196659048,False,0.07622970899683423,1,True,False,False,100,6,1e-06,9.146476109833657e-08,0.0,"[-2.180205850176246, -2.1535826104833538, -2.1533073858180174, -2.153303405019116, -2.1532968815919595, -2.1532967901271984]","[0.014848708000499755, 0.01354058300057659, 0.009003874998597894, 0.008710792004421819, 0.016302542004268616, 0.009581500002241228]",H4chain_eqm,BS N/2 Comm,False
BS_Nover2_Comm,block2_pauli,2,-2.180156667561487,0.00015994676237029992,True,0.051421124997432344,2,True,False,False,100,4,1e-06,3.248956659263058e-12,0.0,"[-2.180316614319958, -2.1802213474216963, -2.180156667564736, -2.180156667561487]","[0.00985358299658401, 0.01462879199971212, 0.00910075000138022, 0.014303292002296075]",H4chain_eqm,BS N/2 Comm,False
BS_N_Comm,block2_pauli,1,-2.167308732768775,0.013007881555082701,False,0.042042499997478444,1,True,False,False,100,3,1e-06,7.753896422713069e-07,0.0,"[-2.1801794098122427, -2.1673079573791325, -2.167308732768775]","[0.015713041997514665, 0.009443832997931167, 0.013525834001484327]",H4chain_eqm,BS N Comm,False
BS_N_Comm,block2_pauli,2,-2.1801832579813736,0.0001333563424839035,True,0.04917908400238957,2,True,False,False,100,4,1e-06,2.602362769721367e-13,0.0,"[-2.180316614314969, -2.18017752073518, -2.1801832579811133, -2.1801832579813736]","[0.010876457999984268, 0.009900291996018495, 0.009687208003015257, 0.01508266600285424]",H4chain_eqm,BS N Comm,False
HCT_N_Comm_Fiedler,block2_pauli,1,-2.1496491932383224,0.030667421085535107,False,0.06392670900095254,1,True,False,False,100,5,1e-06,1.0189615640143757e-07,0.0,"[-2.180281529190096, -2.1495860593315577, -2.1496610710842567, -2.1496492951344788, -2.1496491932383224]","[0.016309917002217844, 0.009699083006125875, 0.012202666999655776, 0.012684832996455953, 0.009310749999713153]",H4chain_eqm,HCT N Comm,True
HCT_N_Comm_Fiedler,block2_pauli,2,-2.1802166457086605,9.996861519701028e-05,True,0.04618420800397871,2,True,False,False,100,3,1e-06,1.0391687510491465e-13,0.0,"[-2.180316614320019, -2.1802166457085566, -2.1802166457086605]","[0.017582874999789055, 0.009791457996470854, 0.015226874995278195]",H4chain_eqm,HCT N Comm,True
BS_N_Comm_Fiedler,block2_pauli,1,-2.1673082053541,0.013008408969757301,False,0.039858916999946814,1,True,False,False,100,3,1e-06,5.110148739717602e-07,0.0,"[-2.1801762245710137, -2.167307694339226, -2.1673082053541]","[0.010283875002642162, 0.01027750000503147, 0.014098749998083804]",H4chain_eqm,BS N Comm,True
BS_N_Comm_Fiedler,block2_pauli,2,-2.180207219675303,0.00010939464855441727,True,0.033676916995318606,2,True,False,False,100,3,1e-06,1.1546319456101628e-13,0.0,"[-2.1803166143221997, -2.1802072196754185, -2.180207219675303]","[0.010115666998899542, 0.01006845899973996, 0.009805875000893138]",H4chain_eqm,BS N Comm,True
raw_fermionic_su2,,1,-2.145255758793598,0.035060855530259616,False,0.016303042000799906,1,True,False,False,100,3,1e-06,0.0,0.0,"[-2.1795507519996797, -2.145255758793598, -2.145255758793598]","[0.009042833000421524, 0.0023432500020135194, 0.0024068750062724575]",H4chain_eqm,,False
raw_fermionic_su2,,2,-2.155483894612758,0.02483271971109957,False,0.012201124998682644,2,True,False,False,100,4,1e-06,1.0658141036401503e-14,0.0,"[-2.1795507519996797, -2.154526426297004, -2.1554838946127473, -2.155483894612758]","[0.0032473750034114346, 0.002605957997730002, 0.0024143339978763834, 0.002581041000667028]",H4chain_eqm,,False
raw_fermionic_su2,,3,-2.1803166143228014,1.056044141023449e-12,True,0.007063249999191612,3,True,False,False,100,2,1e-06,2.2660984200228995e-11,0.0,"[-2.1803166143001405, -2.1803166143228014]","[0.003096334003203083, 0.002783625001029577]",H4chain_eqm,,False
raw_qubit,block2_pauli,1,-1.575616476701863,0.3221641692880024,False,0.046859957998094615,1,True,False,False,100,3,1e-06,0.0,0.0,"[-1.8546369784847307, -1.575616476701863, -1.575616476701863]","[0.013753459003055468, 0.010358166000514757, 0.014562541000486817]",H4chain_corr,,False
raw_qubit,block2_pauli,2,-1.6476408473685153,0.25013979862135005,False,0.06081758299842477,2,True,False,False,100,4,1e-06,0.0,0.0,"[-1.8546369784847307, -1.6523363188699909, -1.6476408473685153, -1.6476408473685153]","[0.014308125006209593, 0.015383083002234343, 0.013952875000541098, 0.00953937500162283]",H4chain_corr,,False
raw_qubit,block2_pauli,3,-1.8400816452320885,0.0576990007577769,False,0.04763325000385521,3,True,False,False,100,3,1e-06,2.220446049250313e-16,0.0,"[-1.8546369784847307, -1.8400816452320883, -1.8400816452320885]","[0.011088457998994272, 0.014285458004451357, 0.01766154199867742]",H4chain_corr,,False
raw_qubit,block2_pauli,4,-1.7670329998018364,0.13074764618802903,False,0.05375145900325151,4,True,False,False,100,4,1e-06,5.031530747601209e-13,0.0,"[-1.8546369784847307, -1.7760368965242321, -1.7670329998023395, -1.7670329998018364]","[0.017724500001349952, 0.009607833999325521, 0.009240208004484884, 0.008958457998232916]",H4chain_corr,,False
raw_qubit,block2_pauli,5,-1.84008164522563,0.05769900076423551,False,0.0347012909987825,5,True,False,False,100,3,1e-06,0.0,0.0,"[-1.8546369784847307, -1.84008164522563, -1.84008164522563]","[0.010266375000355765, 0.010879874993406702, 0.009598666998499539]",H4chain_corr,,False
raw_qubit,block2_pauli,6,-1.8499505014893063,0.04783014450055911,False,0.03655554199940525,6,True,False,False,100,3,1e-06,4.809930231886028e-12,0.0,"[-1.8546369784847307, -1.8499505014941162, -1.8499505014893063]","[0.01127950000227429, 0.01065379200008465, 0.010285917000146583]",H4chain_corr,,False
raw_qubit,block2_pauli,7,-1.8615834508336935,0.036197195156171924,False,0.027257290996203665,7,True,False,False,100,2,1e-06,1.386708525785707e-10,0.0,"[-1.8615834509723643, -1.8615834508336935]","[0.011676624999381602, 0.011852249997900799]",H4chain_corr,,False
raw_qubit,block2_pauli,8,-1.8400816452333635,0.05769900075650192,False,0.04467879200092284,8,True,False,False,100,4,1e-06,0.0,0.0,"[-1.8615834509723643, -1.861591289400798, -1.8400816452333635, -1.8400816452333635]","[0.012178166005469393, 0.011317500000586733, 0.00885250000283122, 0.008409416004724335]",H4chain_corr,,False
raw_qubit,block2_pauli,9,-1.8977806458534743,1.363911206198054e-10,True,0.05308008300198708,9,True,False,False,100,4,1e-06,1.026425611172499e-10,0.0,"[-1.8615834509723643, -1.8615912894151447, -1.8977806459561168, -1.8977806458534743]","[0.015116666996618733, 0.011804582994955126, 0.01116724999883445, 0.011028999993868638]",H4chain_corr,,False
HCT_Nover2_Comm,block2_pauli,1,-1.8400816315779422,0.057699014411923155,False,0.07899400000314927,1,True,False,False,100,6,1e-06,1.3468376613978705e-07,0.0,"[-1.894959368057286, -1.8398643783345547, -1.8400627934536846, -1.8400799225374769, -1.840081496894176, -1.8400816315779422]","[0.02031291700404836, 0.010276665998389944, 0.0089565419984865, 0.009659417002694681, 0.014654416001576465, 0.011464834002254065]",H4chain_corr,HCT N/2 Comm,False
HCT_Nover2_Comm,block2_pauli,2,-1.8957884834660055,0.0019921625238599194,False,0.0722204160047113,2,True,False,False,100,4,1e-06,1.8637358323303488e-10,0.0,"[-1.8977806459483642, -1.8954832915923467, -1.895788483279632, -1.8957884834660055]","[0.017422750002879184, 0.011521957996592391, 0.016210416993999388, 0.014294458997028414]",H4chain_corr,HCT N/2 Comm,False
HCT_Nover2_Comm,block2_pauli,3,-1.8964084843797964,0.0013721616100690337,True,0.06787291700311471,3,True,False,False,100,5,1e-06,2.4136070919666963e-10,0.0,"[-1.8977806459483642, -1.8970858867458633, -1.8962850102239077, -1.896408484621157, -1.8964084843797964]","[0.012295375003304798, 0.017319040998700075, 0.010281750001013279, 0.009840874998189975, 0.009416540997335687]",H4chain_corr,HCT N/2 Comm,False
HCT_N_Comm,block2_pauli,1,-1.84008164482415,0.05769900116571547,False,0.0470916669946746,1,True,False,False,100,4,1e-06,1.0631702629382289e-08,0.0,"[-1.891303772081776, -1.8683551675099332, -1.8400816341924473, -1.84008164482415]","[0.010777292001876049, 0.009891291003441438, 0.009664208002504893, 0.00962495800195029]",H4chain_corr,HCT N Comm,False
HCT_N_Comm,block2_pauli,2,-1.8943637120462782,0.0034169339435872192,False,0.04866570799640613,2,True,False,False,100,4,1e-06,3.567812711935403e-12,0.0,"[-1.8977806459562558, -1.8956508554017664, -1.8943637120427104, -1.8943637120462782]","[0.010416458004328888, 0.010139500001969282, 0.01021845799550647, 0.014147334004519507]",H4chain_corr,HCT N Comm,False
HCT_N_Comm,block2_pauli,3,-1.896859776051509,0.0009208699383564944,True,0.04648833299870603,3,True,False,False,100,4,1e-06,4.169642409124208e-11,0.0,"[-1.8977806459562558, -1.896840579437749, -1.8968597760098125, -1.896859776051509]","[0.011284916996373795, 0.012208874999487307, 0.009282750004786067, 0.00977825000154553]",H4chain_corr,HCT N Comm,False
Pauli_BLISS+HCT_N_Comm,block2_pauli,1,-1.84008164482415,0.05769900116571547,False,0.050952874997165054,1,True,False,False,100,4,1e-06,1.0631702629382289e-08,0.0,"[-1.891303772081776, -1.8683551675099332, -1.8400816341924473, -1.84008164482415]","[0.011300665995804593, 0.009028125001350418, 0.011856500001158565, 0.014869457998429425]",H4chain_corr,Pauli BLISS+HCT N Comm,False
Pauli_BLISS+HCT_N_Comm,block2_pauli,2,-1.8943637120462782,0.0034169339435872192,False,0.05390195799554931,2,True,False,False,100,4,1e-06,3.567812711935403e-12,0.0,"[-1.8977806459562558, -1.8956508554017664, -1.8943637120427104, -1.8943637120462782]","[0.01538375000382075, 0.009605166997062042, 0.00970633300312329, 0.015441042000020389]",H4chain_corr,Pauli BLISS+HCT N Comm,False
Pauli_BLISS+HCT_N_Comm,block2_pauli,3,-1.896859776051509,0.0009208699383564944,True,0.05756045800080756,3,True,False,False,100,4,1e-06,4.169642409124208e-11,0.0,"[-1.8977806459562558, -1.896840579437749, -1.8968597760098125, -1.896859776051509]","[0.018229790999612305, 0.011428499994508456, 0.013160749993403442, 0.010304832998372149]",H4chain_corr,Pauli BLISS+HCT N Comm,False
BS_Nover2_Comm,block2_pauli,1,-1.5549241818677249,0.34285646412214055,False,0.1357891669977107,1,True,False,False,100,10,1e-06,7.482265185210224e-08,0.0,"[-1.8622578489639525, -1.5389922291409759, -1.5537198042714095, -1.554475911779703, -1.5548492493519015, -1.5548595069497515, -1.5549191493811796, -1.5549201609354455, -1.554924107045073, -1.5549241818677249]","[0.019241332993260585, 0.009033957998326514, 0.012923041998874396, 0.008290915997349657, 0.01235274999635294, 0.009043624995683786, 0.012940166001499165, 0.015142541997192893, 0.011106250000011642, 0.01849433300230885]",H4chain_corr,BS N/2 Comm,False
BS_Nover2_Comm,block2_pauli,2,-1.8800479384740982,0.017732707515767165,False,0.04814954200264765,2,True,False,False,100,3,1e-06,6.113909378768767e-11,0.0,"[-1.8977806459836808, -1.8800479385352373, -1.8800479384740982]","[0.019855667000229005, 0.010587332995783072, 0.013573667005402967]",H4chain_corr,BS N/2 Comm,False
BS_Nover2_Comm,block2_pauli,3,-1.8787729568755163,0.019007689114349136,False,0.039479209001001436,3,True,False,False,100,3,1e-06,3.899947031982265e-11,0.0,"[-1.8977806459836808, -1.8787729569145157, -1.8787729568755163]","[0.011051416004193015, 0.010671291005564854, 0.010263708005368244]",H4chain_corr,BS N/2 Comm,False
BS_Nover2_Comm,block2_pauli,4,-1.8977806459836815,6.183942247162122e-12,True,0.029294792002474423,4,True,False,False,100,2,1e-06,2.220446049250313e-16,0.0,"[-1.8977806459836817, -1.8977806459836815]","[0.011377458002243657, 0.014147083995339926]",H4chain_corr,BS N/2 Comm,False
BS_N_Comm,block2_pauli,1,-1.8487080013472,0.049072644642665475,False,0.11894920900522266,1,True,False,False,100,10,1e-06,3.917727933178128e-07,0.0,"[-1.890837412943911, -1.8481702770802566, -1.8487430842593526, -1.8484854458918627, -1.8486528262315236, -1.8486657063415104, -1.8486997441819666, -1.848702229772133, -1.8487076095744066, -1.8487080013472]","[0.013628832995891571, 0.008831416998873465, 0.016476124998007435, 0.009719291003420949, 0.009619415999623016, 0.014873708001687191, 0.010085083995363675, 0.011303833998681512, 0.008962374995462596, 0.011849416005134117]",H4chain_corr,BS N Comm,False
BS_N_Comm,block2_pauli,2,-1.8945953766130361,0.0031852693768292806,False,0.038040792001993395,2,True,False,False,100,3,1e-06,6.481926106971514e-12,0.0,"[-1.8977806454801827, -1.894595376619518, -1.8945953766130361]","[0.013860582999768667, 0.010008749995904509, 0.010183416001382284]",H4chain_corr,BS N Comm,False
BS_N_Comm,block2_pauli,3,-1.8977685006678429,1.2145322022538707e-05,True,0.05111541700171074,3,True,False,False,100,4,1e-06,2.7250202094819542e-11,0.0,"[-1.8977806454801827, -1.8977724174849913, -1.897768500695093, -1.8977685006678429]","[0.010716541997680906, 0.013637249998282641, 0.009239292005077004, 0.013723791002121288]",H4chain_corr,BS N Comm,False
HCT_N_Comm_Fiedler,block2_pauli,1,-1.840081645230347,0.05769900075951839,False,0.03615291700407397,1,True,False,False,100,3,1e-06,1.6431300764452317e-14,0.0,"[-1.8842082514622127, -1.8400816452303634, -1.840081645230347]","[0.012424667002051137, 0.010911416997259948, 0.009205999995174352]",H4chain_corr,HCT N Comm,True
HCT_N_Comm_Fiedler,block2_pauli,2,-1.8948538886847364,0.002926757305129035,False,0.03796733399940422,2,True,False,False,100,3,1e-06,8.881784197001252e-16,0.0,"[-1.897780645980463, -1.8948538886847355, -1.8948538886847364]","[0.012416958998073824, 0.011003792002156842, 0.010757458003354259]",H4chain_corr,HCT N Comm,True
HCT_N_Comm_Fiedler,block2_pauli,3,-1.8969591555611545,0.0008214904287109359,True,0.049973041997873224,3,True,False,False,100,3,1e-06,1.7921220063499277e-11,0.0,"[-1.897780645980463, -1.8969591555432332, -1.8969591555611545]","[0.012409582996042445, 0.019961250000051223, 0.013470750003762078]",H4chain_corr,HCT N Comm,True
BS_N_Comm_Fiedler,block2_pauli,1,-1.821011665846452,0.07676898014341349,False,0.03705837500456255,1,True,False,False,100,3,1e-06,2.220446049250313e-16,0.0,"[-1.879738967302826, -1.8210116658464517, -1.821011665846452]","[0.010413584001071285, 0.013503125002898742, 0.008908750001864973]",H4chain_corr,BS N Comm,True
BS_N_Comm_Fiedler,block2_pauli,2,-1.8949235379193936,0.002857108070471792,False,0.042934042001434136,2,True,False,False,100,3,1e-06,2.4913182627983588e-11,0.0,"[-1.8977806459467756, -1.8949235378944804, -1.8949235379193936]","[0.009100791998207569, 0.01388050000241492, 0.015864458000578452]",H4chain_corr,BS N Comm,True
BS_N_Comm_Fiedler,block2_pauli,3,-1.8977806458726525,1.1721290604782553e-10,True,0.02637204199709231,3,True,False,False,100,2,1e-06,7.872702489919448e-11,0.0,"[-1.8977806459513795, -1.8977806458726525]","[0.01168974999745842, 0.010733333001553547]",H4chain_corr,BS N Comm,True
raw_fermionic_su2,,1,-1.6476408473685211,0.2501397986213443,False,0.012021208000078332,1,True,False,False,100,3,1e-06,0.0,0.0,"[-1.8546369784847347, -1.6476408473685211, -1.6476408473685211]","[0.003988374999607913, 0.0026769999967655167, 0.00275891600176692]",H4chain_corr,,False
raw_fermionic_su2,,2,-1.6830337727083746,0.21474687328149078,False,0.012056874998961575,2,True,False,False,100,4,1e-06,4.440892098500626e-15,0.0,"[-1.8546369784847347, -1.660726470283572, -1.683033772708379, -1.6830337727083746]","[0.0025643749977461994, 0.0031347080002888106, 0.0022843749975436367, 0.0028430830061552115]",H4chain_corr,,False
raw_fermionic_su2,,3,-1.8977806459895348,3.306244167333716e-13,True,0.007268583001859952,3,True,False,False,100,2,1e-06,7.94768695300263e-11,0.0,"[-1.897780645910058, -1.8977806459895348]","[0.002906208006606903, 0.0030308749992400408]",H4chain_corr,,False
raw_qubit,block2_pauli,1,-1.8656454887722755,0.0016458836291022294,False,0.02940741700149374,1,True,False,False,100,2,1e-06,5.995204332975845e-14,0.0,"[-1.8656454887722156, -1.8656454887722755]","[0.013476375002937857, 0.009583749997545965]",H4chain_diss,,False
raw_qubit,block2_pauli,2,-1.5551402138435615,0.3121511585578163,False,0.048244707999401726,2,True,False,False,100,3,1e-06,0.0,0.0,"[-1.8588887525947486, -1.5551402138435615, -1.5551402138435615]","[0.011218250001547858, 0.01746837499376852, 0.014896458000293933]",H4chain_diss,,False
raw_qubit,block2_pauli,3,-1.8656454887004155,0.0016458837009623029,False,0.04579229200317059,3,True,False,False,100,2,1e-06,1.709299368712891e-12,0.0,"[-1.8656454886987062, -1.8656454887004155]","[0.01994354199996451, 0.016436333004094195]",H4chain_diss,,False
raw_qubit,block2_pauli,4,-1.8656454887493792,0.0016458836519985809,False,0.05231416600145167,4,True,False,False,100,3,1e-06,0.0,0.0,"[-1.8588887525947486, -1.8656454887493792, -1.8656454887493792]","[0.0222144159997697, 0.015151583000260871, 0.00953312500496395]",H4chain_diss,,False
raw_qubit,block2_pauli,5,-1.8656454887709957,0.0016458836303820945,False,0.043233124997641426,5,True,False,False,100,3,1e-06,1.1102230246251565e-15,0.0,"[-1.8603763505070792, -1.8656454887709946, -1.8656454887709957]","[0.014341292000608519, 0.014202958998794202, 0.010388917005911935]",H4chain_diss,,False
raw_qubit,block2_pauli,6,-1.865645488732941,0.001645883668436765,False,0.04335766699659871,6,True,False,False,100,3,1e-06,4.931610675384945e-13,0.0,"[-1.8656390932529008, -1.8656454887334342, -1.865645488732941]","[0.0140992919987184, 0.01279229099600343, 0.012203708000015467]",H4chain_diss,,False
raw_qubit,block2_pauli,7,-1.8656454887114131,0.0016458836899646556,False,0.04840029199840501,7,True,False,False,100,3,1e-06,4.578695889101425e-08,0.0,"[-1.8661649317995908, -1.865645534498372, -1.8656454887114131]","[0.016539708005439024, 0.015363540995167568, 0.012409750001097564]",H4chain_diss,,False
raw_qubit,block2_pauli,8,-1.8661649318613116,0.0011264405400661648,True,0.04412137500185054,8,True,False,False,100,2,1e-06,6.172085065259125e-11,0.0,"[-1.8661649317995908, -1.8661649318613116]","[0.016215415998885874, 0.01948662500217324]",H4chain_diss,,False
HCT_Nover2_Comm,block2_pauli,1,-1.8656454134082843,0.0016459589930934992,False,0.1019130410059006,1,True,False,False,100,8,1e-06,6.485826999913513e-07,0.0,"[-1.86140716451192, -1.821886279613783, -1.858883122658992, -1.864932830980439, -1.865574347204309, -1.8656381512383784, -1.8656447648255843, -1.8656454134082843]","[0.011900958001206163, 0.014124375004030298, 0.00977075000264449, 0.016668832999130245, 0.016678999993018806, 0.009792583994567394, 0.009538749996863771, 0.009505916001216974]",H4chain_diss,HCT N/2 Comm,False
HCT_Nover2_Comm,block2_pauli,2,-1.8670563911480045,0.0002349812533732898,True,0.07272116700187325,2,True,False,False,100,4,1e-06,1.7763568394002505e-15,0.0,"[-1.8672913361184698, -1.8668043691249578, -1.8670563911480063, -1.8670563911480045]","[0.018882208998547867, 0.026188916999672074, 0.010098833998199552, 0.014187334003509022]",H4chain_diss,HCT N/2 Comm,False
HCT_N_Comm,block2_pauli,1,-1.855549000433838,0.0117423719675398,False,0.06612141600635368,1,True,False,False,100,5,1e-06,4.313065082861556e-08,0.0,"[-1.8657179434586504, -1.8555070442526482, -1.8555395184888968, -1.8555489573031871, -1.855549000433838]","[0.013251292002678383, 0.008906125003704801, 0.013214416001574136, 0.009116291999816895, 0.017713708999508526]",H4chain_diss,HCT N Comm,False
HCT_N_Comm,block2_pauli,2,-1.8668472180931492,0.0004441543082285282,True,0.038804999996500555,2,True,False,False,100,3,1e-06,5.199929375976353e-11,0.0,"[-1.867291359737452, -1.8668472181451485, -1.8668472180931492]","[0.012413291995471809, 0.011723208997864276, 0.01035799999954179]",H4chain_diss,HCT N Comm,False
Pauli_BLISS+HCT_N_Comm,block2_pauli,1,-1.855596460342997,0.011694912058380691,False,0.21830120799859287,1,True,False,False,100,19,1e-06,7.160366870540003e-07,0.0,"[-1.8670551069673613, -1.8653139290198597, -1.865363729513434, -1.8619781080982813, -1.8620422011298703, -1.8585843710696324, -1.8586097695910366, -1.8552518970896683, -1.8552537986305864, -1.8523900543937444, -1.8523982865611353, -1.8514617835237805, -1.8514876362037822, -1.853412254944764, -1.8534344398805107, -1.855253603328567, -1.8552627754064288, -1.8555971763796841, -1.855596460342997]","[0.013062707999779377, 0.0144259590015281, 0.018023083997832146, 0.010009375000663567, 0.009664916004112456, 0.010719207995862234, 0.009849457994278055, 0.009907457999361213, 0.00904637499479577, 0.010529375002079178, 0.008506000005581882, 0.01396545800525928, 0.009502834000159055, 0.008874915998603683, 0.011203000001842156, 0.009635000002162997, 0.018565082995337434, 0.00959112500277115, 0.00919195800088346]",H4chain_diss,Pauli BLISS+HCT N Comm,False
Pauli_BLISS+HCT_N_Comm,block2_pauli,2,-1.8670632225009607,0.00022814990041708505,True,0.05307558299682569,2,True,False,False,100,4,1e-06,4.579625567657786e-11,0.0,"[-1.86729137234505, -1.8668887115604473, -1.867063222546757, -1.8670632225009607]","[0.011845458000607323, 0.01460320800106274, 0.013081083998258691, 0.009842457999184262]",H4chain_diss,Pauli BLISS+HCT N Comm,False
BS_Nover2_Comm,block2_pauli,1,-1.5556871681751279,0.3116042042262499,False,0.08290770900202915,1,True,False,False,100,7,1e-06,3.105224921640115e-08,0.0,"[-1.8663846145381546, -1.5565318023713712, -1.5578074186347914, -1.5557105335684653, -1.555708183221032, -1.555687199227377, -1.5556871681751279]","[0.013462834001984447, 0.009979875001590699, 0.00938983300147811, 0.016036875000281725, 0.009219874998962041, 0.011064333004469518, 0.01016341699869372]",H4chain_diss,BS N/2 Comm,False
BS_Nover2_Comm,block2_pauli,2,-1.8660694102822823,0.001221962119095421,True,0.06452012500085402,2,True,False,False,100,4,1e-06,8.881784197001252e-16,0.0,"[-1.8672913723049103, -1.8662924399494418, -1.8660694102822815, -1.8660694102822823]","[0.028040208002494182, 0.011624499995377846, 0.009931874999892898, 0.011299666999548208]",H4chain_diss,BS N/2 Comm,False
BS_N_Comm,block2_pauli,1,-1.8586340324004533,0.00865734000092444,False,0.05920979100483237,1,True,False,False,100,4,1e-06,4.440892098500626e-16,0.0,"[-1.8656090310756814, -1.8445380304144467, -1.8586340324004538, -1.8586340324004533]","[0.014876084002025891, 0.02018162499734899, 0.009996499997214414, 0.010337333005736582]",H4chain_diss,BS N Comm,False
BS_N_Comm,block2_pauli,2,-1.8670694299179582,0.00022194248341955713,True,0.1048786250030389,2,True,False,False,100,4,1e-06,3.583466856582618e-11,0.0,"[-1.8672913386159866, -1.867130829352297, -1.8670694298821235, -1.8670694299179582]","[0.02119887500157347, 0.02375275000667898, 0.03782804100046633, 0.01146241700189421]",H4chain_diss,BS N Comm,False
HCT_N_Comm_Fiedler,block2_pauli,1,-1.865645488767973,0.0016458836334047877,False,0.05294470900116721,1,True,False,False,100,3,1e-06,8.881784197001252e-15,0.0,"[-1.8656426647561406, -1.8656454887679819, -1.865645488767973]","[0.013639874996442813, 0.023007832998700906, 0.012396750003972556]",H4chain_diss,HCT N Comm,True
HCT_N_Comm_Fiedler,block2_pauli,2,-1.8670112666879857,0.0002801057133920981,True,0.04419749999942724,2,True,False,False,100,3,1e-06,2.220446049250313e-15,0.0,"[-1.8672913723958908, -1.867011266687988, -1.8670112666879857]","[0.015481667003768962, 0.012438416000804864, 0.012127458001486957]",H4chain_diss,HCT N Comm,True
BS_N_Comm_Fiedler,block2_pauli,1,-1.8588989717235807,0.008392400677797118,False,0.12726033400394954,1,True,False,False,100,11,1e-06,7.213235195813184e-07,0.0,"[-1.8625807385034063, -1.8471289939939912, -1.8603967641594568, -1.858542768085445, -1.8611499472579205, -1.86080680674017, -1.8588010730910423, -1.8589954609684969, -1.858916953618352, -1.858898250400061, -1.8588989717235807]","[0.012994375007110648, 0.014629165998485405, 0.009994791995268315, 0.010338415995647665, 0.010670875002688263, 0.009838375000981614, 0.010407624999061227, 0.009986500001105014, 0.010009833000367507, 0.009037000003445428, 0.015147334001085255]",H4chain_diss,BS N Comm,True
BS_N_Comm_Fiedler,block2_pauli,2,-1.8663465842971232,0.0009447881042545792,True,0.058378041998366825,2,True,False,False,100,3,1e-06,2.698137646639509e-08,0.0,"[-1.8672913714698796, -1.8663465573157467, -1.8663465842971232]","[0.01799191600002814, 0.01731899999867892, 0.018657874999917112]",H4chain_diss,BS N Comm,True
raw_fermionic_su2,,1,-1.4273888265298889,0.4399025458714889,False,0.012473208000301383,1,True,False,False,100,3,1e-06,0.0,0.0,"[-1.8588887525947484, -1.4273888265298889, -1.4273888265298889]","[0.004927499998302665, 0.0029735829957644455, 0.001982667003176175]",H4chain_diss,,False
raw_fermionic_su2,,2,-1.5551477624684298,0.312143609932948,False,0.015330540998547804,2,True,False,False,100,4,1e-06,4.440892098500626e-16,0.0,"[-1.8588887525947484, -1.5644023131271865, -1.5551477624684293, -1.5551477624684298]","[0.002424792000965681, 0.0033575420020497404, 0.0036952500013285317, 0.00458000000071479]",H4chain_diss,,False
raw_fermionic_su2,,3,-1.8672913724013738,3.9968028886505635e-15,True,0.007693083003687207,3,True,False,False,100,2,1e-06,7.553957459549565e-13,0.0,"[-1.8672913724006184, -1.8672913724013738]","[0.003387958997336682, 0.0030007500026840717]",H4chain_diss,,False
raw_qubit,block2_pauli,1,-1.849443878159009,0.06566267135279413,False,0.027441582999017555,1,True,False,False,100,3,1e-06,0.0,0.0,"[-1.9061792424627724, -1.849443878159009, -1.849443878159009]","[0.008733458002097905, 0.007721917005255818, 0.007164791000832338]",H4rect_corr,,False
raw_qubit,block2_pauli,2,-1.8779775138867874,0.037129035625015794,False,0.03480975000275066,2,True,False,False,100,3,1e-06,2.03591407954562e-07,0.0,"[-1.9061792424627728, -1.8779773102953794, -1.8779775138867874]","[0.00772483300534077, 0.010312375001376495, 0.013183084003685508]",H4rect_corr,,False
raw_qubit,block2_pauli,3,-1.8923030312037326,0.02280351830807059,False,0.03837208399636438,3,True,False,False,100,3,1e-06,2.220446049250313e-16,0.0,"[-1.9061792424627728, -1.8923030312037328, -1.8923030312037326]","[0.011188374999619555, 0.013549084003898315, 0.009579416997439694]",H4rect_corr,,False
raw_qubit,block2_pauli,4,-1.9019918959416808,0.013114653570122314,False,0.03953441699559335,4,True,False,False,100,3,1e-06,8.881784197001252e-16,0.0,"[-1.9061792424627728, -1.90199189594168, -1.9019918959416808]","[0.012212334004289005, 0.009469750002608635, 0.009852208000665996]",H4rect_corr,,False
raw_qubit,block2_pauli,5,-1.904861440047299,0.010245109464504187,False,0.041209333001461346,5,True,False,False,100,3,1e-06,2.573941060290963e-12,0.0,"[-1.9061792424627728, -1.904861440049873, -1.904861440047299]","[0.010535124994930811, 0.01414916700014146, 0.012741458005621098]",H4rect_corr,,False
raw_qubit,block2_pauli,6,-1.9061792424627733,0.008927307049029887,False,0.025820124996243976,6,True,False,False,100,2,1e-06,4.440892098500626e-16,0.0,"[-1.9061792424627728, -1.9061792424627733]","[0.01468108399421908, 0.008320500004629139]",H4rect_corr,,False
raw_qubit,block2_pauli,7,-1.9061792424627726,0.008927307049030553,False,0.026413084000523668,7,True,False,False,100,2,1e-06,2.220446049250313e-16,0.0,"[-1.9061792424627728, -1.9061792424627726]","[0.010422207997180521, 0.008701624996319879]",H4rect_corr,,False
raw_qubit,block2_pauli,8,-1.9061792424627721,0.008927307049030997,False,0.023373000003630295,8,True,False,False,100,2,1e-06,6.661338147750939e-16,0.0,"[-1.9061792424627728, -1.9061792424627721]","[0.01139550000516465, 0.009183833994029555]",H4rect_corr,,False
raw_qubit,block2_pauli,9,-1.9061792424627726,0.008927307049030553,False,0.029608833996462636,9,True,False,False,100,2,1e-06,2.220446049250313e-16,0.0,"[-1.9061792424627728, -1.9061792424627726]","[0.01216437500261236, 0.009973166997951921]",H4rect_corr,,False
raw_qubit,block2_pauli,10,-1.9061792424627726,0.008927307049030553,False,0.02717954100080533,10,True,False,False,100,2,1e-06,2.220446049250313e-16,0.0,"[-1.9061792424627728, -1.9061792424627726]","[0.009378374998050276, 0.014658957996289246]",H4rect_corr,,False
raw_qubit,block2_pauli,12,-1.9061792424627726,0.008927307049030553,False,0.026297374999558087,12,True,False,False,100,2,1e-06,2.220446049250313e-16,0.0,"[-1.9061792424627728, -1.9061792424627726]","[0.014063041999179404, 0.009036167000886053]",H4rect_corr,,False
raw_qubit,block2_pauli,14,-1.9061792424627726,0.008927307049030553,False,0.030014374999154825,14,True,False,False,100,2,1e-06,2.220446049250313e-16,0.0,"[-1.9061792424627728, -1.9061792424627726]","[0.01276408299600007, 0.009419750000233762]",H4rect_corr,,False
raw_qubit,block2_pauli,16,-1.9061792424627726,0.008927307049030553,False,0.030443916999502108,16,True,False,False,100,2,1e-06,2.220446049250313e-16,0.0,"[-1.9061792424627728, -1.9061792424627726]","[0.009946917001798283, 0.013355666997085791]",H4rect_corr,,False
raw_qubit,block2_pauli,18,-1.9061792424627726,0.008927307049030553,False,0.025324624999484513,18,True,False,False,100,2,1e-06,2.220446049250313e-16,0.0,"[-1.9061792424627728, -1.9061792424627726]","[0.00926945800165413, 0.012416750003467314]",H4rect_corr,,False
raw_qubit,block2_pauli,20,-1.9061792424627726,0.008927307049030553,False,0.02282362499681767,20,True,False,False,100,2,1e-06,2.220446049250313e-16,0.0,"[-1.9061792424627728, -1.9061792424627726]","[0.01013750000129221, 0.009442665999813471]",H4rect_corr,,False
raw_qubit,block2_pauli,30,-1.9061792424627726,0.008927307049030553,False,0.021132333000423387,30,True,False,False,100,2,1e-06,2.220446049250313e-16,0.0,"[-1.9061792424627728, -1.9061792424627726]","[0.009279125006287359, 0.008885332994395867]",H4rect_corr,,False
raw_qubit,block2_pauli,40,-1.9061792424627726,0.008927307049030553,False,0.020540915997116826,40,True,False,False,100,2,1e-06,2.220446049250313e-16,0.0,"[-1.9061792424627728, -1.9061792424627726]","[0.008098999998765066, 0.009369082996272482]",H4rect_corr,,False
raw_qubit,block2_pauli,50,-1.9061792424627726,0.008927307049030553,False,0.02056895799614722,50,True,False,False,100,2,1e-06,2.220446049250313e-16,0.0,"[-1.9061792424627728, -1.9061792424627726]","[0.009275457996409386, 0.008413541996560525]",H4rect_corr,,False
raw_qubit,block2_pauli,60,-1.9061792424627726,0.008927307049030553,False,0.019983209000201896,60,True,False,False,100,2,1e-06,2.220446049250313e-16,0.0,"[-1.9061792424627728, -1.9061792424627726]","[0.008238875001552515, 0.008870500001648907]",H4rect_corr,,False
raw_qubit,block2_pauli,70,-1.9061792424627726,0.008927307049030553,False,0.020232083996233996,70,True,False,False,100,2,1e-06,2.220446049250313e-16,0.0,"[-1.9061792424627728, -1.9061792424627726]","[0.008699958001670893, 0.008409125002799556]",H4rect_corr,,False
raw_qubit,block2_pauli,80,-1.9061792424627726,0.008927307049030553,False,0.01980633399944054,80,True,False,False,100,2,1e-06,2.220446049250313e-16,0.0,"[-1.9061792424627728, -1.9061792424627726]","[0.008238667003752198, 0.008921375003410503]",H4rect_corr,,False
raw_qubit,block2_pauli,90,-1.9061792424627726,0.008927307049030553,False,0.020380374997330364,90,True,False,False,100,2,1e-06,2.220446049250313e-16,0.0,"[-1.9061792424627728, -1.9061792424627726]","[0.009005833002447616, 0.008425457999692298]",H4rect_corr,,False
raw_qubit,block2_pauli,100,-1.9061792424627726,0.008927307049030553,False,0.020016542002849746,100,True,False,False,100,2,1e-06,2.220446049250313e-16,0.0,"[-1.9061792424627728, -1.9061792424627726]","[0.008239249997131992, 0.008911208002245985]",H4rect_corr,,False
HCT_Nover2_Comm,block2_pauli,1,-1.889381566621038,0.02572498289076508,False,0.03269108300446533,1,True,False,False,100,4,1e-06,2.220446049250313e-16,0.0,"[-1.9061792424627735, -1.1967820503872768, -1.8893815666210383, -1.889381566621038]","[0.0077093750005587935, 0.007775209000101313, 0.007217833001050167, 0.007427042000927031]",H4rect_corr,HCT N/2 Comm,False
HCT_Nover2_Comm,block2_pauli,2,-1.9151065493779555,1.3384759967038917e-10,True,0.020493584001087584,2,True,False,False,100,2,1e-06,2.844204871621514e-10,0.0,"[-1.915106549093535, -1.9151065493779555]","[0.008830083002976608, 0.009057208997546695]",H4rect_corr,HCT N/2 Comm,False
HCT_N_Comm,block2_pauli,1,-1.8904965651681267,0.02460998434367645,False,0.03337041699705878,1,True,False,False,100,3,1e-06,2.6645352591003757e-15,0.0,"[-1.9151065494725021, -1.8904965651681294, -1.8904965651681267]","[0.008172292000381276, 0.008918917003029492, 0.012952625002071727]",H4rect_corr,HCT N Comm,False
HCT_N_Comm,block2_pauli,2,-1.9151065493388904,1.7291279519326963e-10,True,0.02946954199433094,2,True,False,False,100,2,1e-06,1.336117882999588e-10,0.0,"[-1.9151065494725021, -1.9151065493388904]","[0.013503665999451187, 0.013021416998526547]",H4rect_corr,HCT N Comm,False
Pauli_BLISS+HCT_N_Comm,block2_pauli,1,-1.8904965651681267,0.02460998434367645,False,0.036079084005905315,1,True,False,False,100,3,1e-06,2.6645352591003757e-15,0.0,"[-1.9151065494725021, -1.8904965651681294, -1.8904965651681267]","[0.008546042001398746, 0.01704891700501321, 0.0076407079977798276]",H4rect_corr,Pauli BLISS+HCT N Comm,False
Pauli_BLISS+HCT_N_Comm,block2_pauli,2,-1.9151065493388904,1.7291279519326963e-10,True,0.020944500000041444,2,True,False,False,100,2,1e-06,1.336117882999588e-10,0.0,"[-1.9151065494725021, -1.9151065493388904]","[0.008921250002458692, 0.008748125001147855]",H4rect_corr,Pauli BLISS+HCT N Comm,False
BS_Nover2_Comm,block2_pauli,1,-1.889381566621038,0.02572498289076508,False,0.04076412499853177,1,True,False,False,100,4,1e-06,2.220446049250313e-16,0.0,"[-1.9061792424627735, -1.1967820503872768, -1.8893815666210383, -1.889381566621038]","[0.009084708995942492, 0.009899415999825578, 0.00922783299756702, 0.009316582996689249]",H4rect_corr,BS N/2 Comm,False
BS_Nover2_Comm,block2_pauli,2,-1.9151065493779555,1.3384759967038917e-10,True,0.027610917000856716,2,True,False,False,100,2,1e-06,2.844204871621514e-10,0.0,"[-1.915106549093535, -1.9151065493779555]","[0.010387916001491249, 0.014189708999765571]",H4rect_corr,BS N/2 Comm,False
BS_N_Comm,block2_pauli,1,-1.8903399285179938,0.02476662099380933,False,0.04309895899496041,1,True,False,False,100,4,1e-06,7.549516567451064e-13,0.0,"[-1.915097626386513, -1.859819309087569, -1.8903399285172389, -1.8903399285179938]","[0.008953208001912571, 0.009720166999613866, 0.011085459002060816, 0.009004291001474485]",H4rect_corr,BS N Comm,False
BS_N_Comm,block2_pauli,2,-1.9151065495053714,6.431744026258457e-12,True,0.022410958001273684,2,True,False,False,100,2,1e-06,1.1526335441658375e-12,0.0,"[-1.915106549506524, -1.9151065495053714]","[0.009979124995879829, 0.009270333997847047]",H4rect_corr,BS N Comm,False
HCT_N_Comm_Fiedler,block2_pauli,1,-1.8905189885540106,0.024587560957792576,False,0.03565287499804981,1,True,False,False,100,3,1e-06,1.5543122344752192e-15,0.0,"[-1.9151065495099109, -1.8905189885540121, -1.8905189885540106]","[0.015267499999026768, 0.009180374996503815, 0.00818529100070009]",H4rect_corr,HCT N Comm,True
HCT_N_Comm_Fiedler,block2_pauli,2,-1.9151065494941661,1.7637002969195237e-11,True,0.02493362499808427,2,True,False,False,100,2,1e-06,1.5744960890629045e-11,0.0,"[-1.915106549509911, -1.9151065494941661]","[0.01267616699624341, 0.008738625001569744]",H4rect_corr,HCT N Comm,True
BS_N_Comm_Fiedler,block2_pauli,1,-1.8856522430025096,0.029454306509293593,False,0.0376169579976704,1,True,False,False,100,3,1e-06,0.0,0.0,"[-1.91510654951166, -1.8856522430025096, -1.8856522430025096]","[0.01126545800070744, 0.009545749999233522, 0.013660999997227918]",H4rect_corr,BS N Comm,True
BS_N_Comm_Fiedler,block2_pauli,2,-1.9151065495028956,8.907541371172556e-12,True,0.022765500005334616,2,True,False,False,100,2,1e-06,8.76432260099591e-12,0.0,"[-1.91510654951166, -1.9151065495028956]","[0.009438458000659011, 0.009762415997101925]",H4rect_corr,BS N Comm,True
raw_fermionic_su2,,1,-1.8383523830775639,0.07675416643423927,False,0.008476707997033373,1,True,False,False,100,3,1e-06,0.0,0.0,"[-1.9061792424627733, -1.8383523830775639, -1.8383523830775639]","[0.0029927499999757856, 0.002075167001748923, 0.002061292005237192]",H4rect_corr,,False
raw_fermionic_su2,,2,-1.9061792424627821,0.008927307049021005,False,0.00785708400508156,2,True,False,False,100,2,1e-06,8.881784197001252e-15,0.0,"[-1.9061792424627733, -1.9061792424627821]","[0.0025382079984410666, 0.004079250000359025]",H4rect_corr,,False
raw_fermionic_su2,,3,-1.9061792424627741,0.008927307049028999,False,0.0076680839993059635,3,True,False,False,100,2,1e-06,8.881784197001252e-16,0.0,"[-1.9061792424627733, -1.9061792424627741]","[0.0034015420023933984, 0.0030054160015424713]",H4rect_corr,,False
raw_fermionic_su2,,4,-1.9061792424627741,0.008927307049028999,False,0.006559458997799084,4,True,False,False,100,2,1e-06,8.881784197001252e-16,0.0,"[-1.9061792424627733, -1.9061792424627741]","[0.002634624994243495, 0.00251791699702153]",H4rect_corr,,False
raw_fermionic_su2,,5,-1.9061792424627741,0.008927307049028999,False,0.00692595899454318,5,True,False,False,100,2,1e-06,8.881784197001252e-16,0.0,"[-1.9061792424627733, -1.9061792424627741]","[0.0030445000011241063, 0.0024439580010948703]",H4rect_corr,,False
raw_fermionic_su2,,6,-1.9061792424627741,0.008927307049028999,False,0.010707542001910042,6,True,False,False,100,2,1e-06,8.881784197001252e-16,0.0,"[-1.9061792424627733, -1.9061792424627741]","[0.005071332998340949, 0.003684791998239234]",H4rect_corr,,False
raw_fermionic_su2,,7,-1.9061792424627741,0.008927307049028999,False,0.007568083005025983,7,True,False,False,100,2,1e-06,8.881784197001252e-16,0.0,"[-1.9061792424627733, -1.9061792424627741]","[0.0032834590019774623, 0.0030583339976146817]",H4rect_corr,,False
raw_fermionic_su2,,8,-1.9061792424627741,0.008927307049028999,False,0.006439040997065604,8,True,False,False,100,2,1e-06,8.881784197001252e-16,0.0,"[-1.9061792424627733, -1.9061792424627741]","[0.0027022499998565763, 0.0024437500032945536]",H4rect_corr,,False
raw_fermionic_su2,,9,-1.9061792424627741,0.008927307049028999,False,0.00849779200507328,9,True,False,False,100,2,1e-06,8.881784197001252e-16,0.0,"[-1.9061792424627733, -1.9061792424627741]","[0.003940499998861924, 0.0031386250047944486]",H4rect_corr,,False
raw_fermionic_su2,,10,-1.9061792424627741,0.008927307049028999,False,0.007020917000772897,10,True,False,False,100,2,1e-06,8.881784197001252e-16,0.0,"[-1.9061792424627733, -1.9061792424627741]","[0.0028142079972894862, 0.0029767499945592135]",H4rect_corr,,False
raw_fermionic_su2,,12,-1.9061792424627741,0.008927307049028999,False,0.0075961250040563755,12,True,False,False,100,2,1e-06,8.881784197001252e-16,0.0,"[-1.9061792424627733, -1.9061792424627741]","[0.0037545000013778917, 0.002642584004206583]",H4rect_corr,,False
raw_fermionic_su2,,14,-1.9061792424627741,0.008927307049028999,False,0.006175875001645181,14,True,False,False,100,2,1e-06,8.881784197001252e-16,0.0,"[-1.9061792424627733, -1.9061792424627741]","[0.00250650000089081, 0.0021725420010625385]",H4rect_corr,,False
raw_fermionic_su2,,16,-1.9061792424627741,0.008927307049028999,False,0.006688207999104634,16,True,False,False,100,2,1e-06,8.881784197001252e-16,0.0,"[-1.9061792424627733, -1.9061792424627741]","[0.0024329590014531277, 0.002745000005234033]",H4rect_corr,,False
raw_fermionic_su2,,18,-1.9061792424627741,0.008927307049028999,False,0.006787250000343192,18,True,False,False,100,2,1e-06,8.881784197001252e-16,0.0,"[-1.9061792424627733, -1.9061792424627741]","[0.002581500004453119, 0.0030092910019448027]",H4rect_corr,,False
raw_fermionic_su2,,20,-1.9061792424627741,0.008927307049028999,False,0.006841041998995934,20,True,False,False,100,2,1e-06,8.881784197001252e-16,0.0,"[-1.9061792424627733, -1.9061792424627741]","[0.002624374996230472, 0.0029827090038452297]",H4rect_corr,,False
raw_fermionic_su2,,30,-1.9061792424627741,0.008927307049028999,False,0.007502166998165194,30,True,False,False,100,2,1e-06,8.881784197001252e-16,0.0,"[-1.9061792424627733, -1.9061792424627741]","[0.0029754169954685494, 0.0032632919974275865]",H4rect_corr,,False
raw_fermionic_su2,,40,-1.9061792424627741,0.008927307049028999,False,0.007361916999798268,40,True,False,False,100,2,1e-06,8.881784197001252e-16,0.0,"[-1.9061792424627733, -1.9061792424627741]","[0.0031241249962477013, 0.0029712920004385523]",H4rect_corr,,False
raw_fermionic_su2,,50,-1.9061792424627741,0.008927307049028999,False,0.006968583998968825,50,True,False,False,100,2,1e-06,8.881784197001252e-16,0.0,"[-1.9061792424627733, -1.9061792424627741]","[0.002786834003927652, 0.002430624997941777]",H4rect_corr,,False
raw_fermionic_su2,,60,-1.9061792424627741,0.008927307049028999,False,0.012192458001663908,60,True,False,False,100,2,1e-06,8.881784197001252e-16,0.0,"[-1.9061792424627733, -1.9061792424627741]","[0.00834158399811713, 0.0025819579968811013]",H4rect_corr,,False
raw_fermionic_su2,,70,-1.9061792424627741,0.008927307049028999,False,0.01042929199320497,70,True,False,False,100,2,1e-06,8.881784197001252e-16,0.0,"[-1.9061792424627733, -1.9061792424627741]","[0.002613500000734348, 0.002328208000108134]",H4rect_corr,,False
raw_fermionic_su2,,80,-1.9061792424627741,0.008927307049028999,False,0.0074562089939718135,80,True,False,False,100,2,1e-06,8.881784197001252e-16,0.0,"[-1.9061792424627733, -1.9061792424627741]","[0.0026166660027229227, 0.003224291998776607]",H4rect_corr,,False
raw_fermionic_su2,,90,-1.9061792424627741,0.008927307049028999,False,0.00713920799898915,90,True,False,False,100,2,1e-06,8.881784197001252e-16,0.0,"[-1.9061792424627733, -1.9061792424627741]","[0.002969708999444265, 0.0029937079962110147]",H4rect_corr,,False
raw_fermionic_su2,,100,-1.9061792424627741,0.008927307049028999,False,0.00677341700065881,100,True,False,False,100,2,1e-06,8.881784197001252e-16,0.0,"[-1.9061792424627733, -1.9061792424627741]","[0.0024015410017454997, 0.003189416995155625]",H4rect_corr,,False
raw_qubit,block2_pauli,1,-2.1316159716394534,0.07020953579137057,False,0.031749499998113606,1,True,False,False,100,3,1e-06,0.0,0.0,"[-2.199787354405731, -2.1316159716394534, -2.1316159716394534]","[0.009477542000240646, 0.009888791995763313, 0.009098125003220048]",H4rect_diss,,False
raw_qubit,block2_pauli,2,-2.14450082273509,0.05732468469573382,False,0.03901412500272272,2,True,False,False,100,3,1e-06,0.0,0.0,"[-2.199787354405731, -2.14450082273509, -2.14450082273509]","[0.010040917004516814, 0.016136083999299444, 0.008867625001585111]",H4rect_diss,,False
raw_qubit,block2_pauli,3,-2.1562358411016236,0.04558966632920036,False,0.03836420800507767,3,True,False,False,100,3,1e-06,1.6076029396572267e-13,0.0,"[-2.199787354405731, -2.156235841101463, -2.1562358411016236]","[0.01164250000147149, 0.009391584004333708, 0.013425417004327755]",H4rect_diss,,False
raw_qubit,block2_pauli,4,-2.1792386202178764,0.02258688721294755,False,0.042612083998392336,4,True,False,False,100,3,1e-06,6.1022298325497104e-12,0.0,"[-2.199787354405731, -2.1792386202239786, -2.1792386202178764]","[0.015559459003270604, 0.010992167000949848, 0.012223042002005968]",H4rect_diss,,False
raw_qubit,block2_pauli,5,-2.1997748829866506,0.0020506244441733656,False,0.0334162919971277,5,True,False,False,100,3,1e-06,0.0,0.0,"[-2.199787354405731, -2.1997748829866506, -2.1997748829866506]","[0.009640500000386965, 0.009991499995521735, 0.00879579199681757]",H4rect_diss,,False
raw_qubit,block2_pauli,6,-2.1997806935000614,0.0020448139307625013,False,0.03640175000327872,6,True,False,False,100,3,1e-06,8.881784197001252e-16,0.0,"[-2.199787354405731, -2.1997806935000606, -2.1997806935000614]","[0.011256375000812113, 0.012978667000425048, 0.008700582999153994]",H4rect_diss,,False
raw_qubit,block2_pauli,7,-2.1997873544057325,0.0020381530250914714,False,0.026333125002565794,7,True,False,False,100,2,1e-06,8.881784197001252e-16,0.0,"[-2.1997873544057316, -2.1997873544057325]","[0.01371087499865098, 0.009381832998769823]",H4rect_diss,,False
raw_qubit,block2_pauli,8,-2.1997873544057316,0.0020381530250923596,False,0.021519792004255578,8,True,False,False,100,2,1e-06,0.0,0.0,"[-2.1997873544057316, -2.1997873544057316]","[0.009101916002691723, 0.009174250000796746]",H4rect_diss,,False
raw_qubit,block2_pauli,9,-2.1997873544057316,0.0020381530250923596,False,0.03207633300189627,9,True,False,False,100,2,1e-06,0.0,0.0,"[-2.1997873544057316, -2.1997873544057316]","[0.01362166699982481, 0.015090375003637746]",H4rect_diss,,False
raw_qubit,block2_pauli,10,-2.1997873544057316,0.0020381530250923596,False,0.02657941699726507,10,True,False,False,100,2,1e-06,0.0,0.0,"[-2.1997873544057316, -2.1997873544057316]","[0.014531667002302129, 0.009021124998980667]",H4rect_diss,,False
raw_qubit,block2_pauli,12,-2.1997873544057316,0.0020381530250923596,False,0.03160475000186125,12,True,False,False,100,2,1e-06,0.0,0.0,"[-2.1997873544057316, -2.1997873544057316]","[0.01418562500475673, 0.009568375004164409]",H4rect_diss,,False
raw_qubit,block2_pauli,14,-2.1997873544057316,0.0020381530250923596,False,0.030309291003504768,14,True,False,False,100,2,1e-06,0.0,0.0,"[-2.1997873544057316, -2.1997873544057316]","[0.01078208300168626, 0.01621112500288291]",H4rect_diss,,False
raw_qubit,block2_pauli,16,-2.1997873544057316,0.0020381530250923596,False,0.03454420900379773,16,True,False,False,100,2,1e-06,0.0,0.0,"[-2.1997873544057316, -2.1997873544057316]","[0.011281833998509683, 0.014697083002829459]",H4rect_diss,,False
raw_qubit,block2_pauli,18,-2.1997873544057316,0.0020381530250923596,False,0.02769833400088828,18,True,False,False,100,2,1e-06,0.0,0.0,"[-2.1997873544057316, -2.1997873544057316]","[0.009248625006875955, 0.014698582999699283]",H4rect_diss,,False
raw_qubit,block2_pauli,20,-2.1997873544057316,0.0020381530250923596,False,0.027911083001527004,20,True,False,False,100,2,1e-06,0.0,0.0,"[-2.1997873544057316, -2.1997873544057316]","[0.01431395800318569, 0.010443708000821061]",H4rect_diss,,False
raw_qubit,block2_pauli,30,-2.1997873544057316,0.0020381530250923596,False,0.021791749997646548,30,True,False,False,100,2,1e-06,0.0,0.0,"[-2.1997873544057316, -2.1997873544057316]","[0.009490707998338621, 0.009144874995399732]",H4rect_diss,,False
raw_qubit,block2_pauli,40,-2.1997873544057316,0.0020381530250923596,False,0.026141166999877896,40,True,False,False,100,2,1e-06,0.0,0.0,"[-2.1997873544057316, -2.1997873544057316]","[0.00821074999839766, 0.01457904099515872]",H4rect_diss,,False
raw_qubit,block2_pauli,50,-2.1997873544057316,0.0020381530250923596,False,0.03314804099500179,50,True,False,False,100,2,1e-06,0.0,0.0,"[-2.1997873544057316, -2.1997873544057316]","[0.02033491699694423, 0.009575791998940986]",H4rect_diss,,False
raw_qubit,block2_pauli,60,-2.1997873544057316,0.0020381530250923596,False,0.0643244169987156,60,True,False,False,100,2,1e-06,0.0,0.0,"[-2.1997873544057316, -2.1997873544057316]","[0.04673933300364297, 0.014133416996628512]",H4rect_diss,,False
raw_qubit,block2_pauli,70,-2.1997873544057316,0.0020381530250923596,False,0.022359416005201638,70,True,False,False,100,2,1e-06,0.0,0.0,"[-2.1997873544057316, -2.1997873544057316]","[0.00951229199563386, 0.008966957997472491]",H4rect_diss,,False
raw_qubit,block2_pauli,80,-2.1997873544057316,0.0020381530250923596,False,0.035508417000528425,80,True,False,False,100,2,1e-06,0.0,0.0,"[-2.1997873544057316, -2.1997873544057316]","[0.008739208002225496, 0.02346699999907287]",H4rect_diss,,False
raw_qubit,block2_pauli,90,-2.1997873544057316,0.0020381530250923596,False,0.023670040995057207,90,True,False,False,100,2,1e-06,0.0,0.0,"[-2.1997873544057316, -2.1997873544057316]","[0.010053042002255097, 0.009454582999751437]",H4rect_diss,,False
raw_qubit,block2_pauli,100,-2.1997873544057316,0.0020381530250923596,False,0.03538704200036591,100,True,False,False,100,2,1e-06,0.0,0.0,"[-2.1997873544057316, -2.1997873544057316]","[0.009712625003885478, 0.014133458003925625]",H4rect_diss,,False
HCT_Nover2_Comm,block2_pauli,1,-2.1547325917340068,0.04709291569681717,False,0.0672428750040126,1,True,False,False,100,5,1e-06,5.942048009188738e-07,0.0,"[-2.2018255074023454, -2.154899481191552, -2.154835262879232, -2.154731997529206, -2.1547325917340068]","[0.010658166000212077, 0.006791708001401275, 0.006910541000252124, 0.02907891699578613, 0.011258584003371652]",H4rect_diss,HCT N/2 Comm,False
HCT_Nover2_Comm,block2_pauli,2,-2.201825507426524,4.300115818978156e-12,True,0.05756154199480079,2,True,False,False,100,2,1e-06,2.417666067344726e-11,0.0,"[-2.201825507402347, -2.201825507426524]","[0.03486441700079013, 0.011742583999875933]",H4rect_diss,HCT N/2 Comm,False
HCT_N_Comm,block2_pauli,1,-2.149554937236909,0.05227057019391479,False,0.03251579199422849,1,True,False,False,100,3,1e-06,4.440892098500626e-16,0.0,"[-2.201825507430077, -2.1495549372369087, -2.149554937236909]","[0.008965208995505236, 0.01255295799637679, 0.008231250001699664]",H4rect_diss,HCT N Comm,False
HCT_N_Comm,block2_pauli,2,-2.2018255074198345,1.098943158694965e-11,True,0.020419583001057617,2,True,False,False,100,2,1e-06,1.0244693982031094e-11,0.0,"[-2.201825507430079, -2.2018255074198345]","[0.008719290999579243, 0.008830917002342176]",H4rect_diss,HCT N Comm,False
Pauli_BLISS+HCT_N_Comm,block2_pauli,1,-2.144513672954854,0.05731183447596999,False,0.029103582994139288,1,True,False,False,100,3,1e-06,0.0,0.0,"[-2.201825507422834, -2.144513672954854, -2.144513672954854]","[0.008514958004525397, 0.008796374997473322, 0.00871904099767562]",H4rect_diss,Pauli BLISS+HCT N Comm,False
Pauli_BLISS+HCT_N_Comm,block2_pauli,2,-2.2018255074231172,7.706724147737987e-12,True,0.02227929099899484,2,True,False,False,100,2,1e-06,2.824407374646398e-13,0.0,"[-2.201825507422835, -2.2018255074231172]","[0.009365124999021646, 0.009560708997014444]",H4rect_diss,Pauli BLISS+HCT N Comm,False
BS_Nover2_Comm,block2_pauli,1,-2.1547325917340068,0.04709291569681717,False,0.05572124999889638,1,True,False,False,100,5,1e-06,5.942048009188738e-07,0.0,"[-2.2018255074023454, -2.154899481191552, -2.154835262879232, -2.154731997529206, -2.1547325917340068]","[0.009608374995877966, 0.008566916003474034, 0.013233292003860697, 0.00874758300051326, 0.007757667000987567]",H4rect_diss,BS N/2 Comm,False
BS_Nover2_Comm,block2_pauli,2,-2.201825507426524,4.300115818978156e-12,True,0.02366091599833453,2,True,False,False,100,2,1e-06,2.417666067344726e-11,0.0,"[-2.201825507402347, -2.201825507426524]","[0.008789125000475906, 0.008911832999729086]",H4rect_diss,BS N/2 Comm,False
BS_N_Comm,block2_pauli,1,-2.1568695522170245,0.04495595521379947,False,0.08417633399949409,1,True,False,False,100,8,1e-06,1.6340944153370174e-07,0.0,"[-2.201825507376661, -2.156695432900717, -2.156909699835941, -2.156850763526145, -2.1568717488949565, -2.156868554621557, -2.156869715626466, -2.1568695522170245]","[0.015530166994722094, 0.009813625001697801, 0.0085772089951206, 0.009433916995476466, 0.009684332995675504, 0.009801874999538995, 0.009052542001882102, 0.009144208001089282]",H4rect_diss,BS N Comm,False
BS_N_Comm,block2_pauli,2,-2.2018255074165793,1.4244605495150608e-11,True,0.02031416699901456,2,True,False,False,100,2,1e-06,3.991740271658273e-11,0.0,"[-2.201825507376662, -2.2018255074165793]","[0.00837495799351018, 0.009080584000912495]",H4rect_diss,BS N Comm,False
HCT_N_Comm_Fiedler,block2_pauli,1,-2.1441078573834407,0.05771765004738327,False,0.04053404199657962,1,True,False,False,100,4,1e-06,8.881784197001252e-16,0.0,"[-2.201825507403241, -2.144148152746644, -2.1441078573834416, -2.1441078573834407]","[0.009418791996722575, 0.009802458000194747, 0.008054334000917152, 0.009849207999650389]",H4rect_diss,HCT N Comm,True
HCT_N_Comm_Fiedler,block2_pauli,2,-2.2018255074297977,1.0262901639634947e-12,True,0.02239966599881882,2,True,False,False,100,2,1e-06,2.6556534749033744e-11,0.0,"[-2.201825507403241, -2.2018255074297977]","[0.009809500006667804, 0.008985583001049235]",H4rect_diss,HCT N Comm,True
BS_N_Comm_Fiedler,block2_pauli,1,-2.1578172983271946,0.04400820910362935,False,0.030964125005993992,1,True,False,False,100,3,1e-06,1.7763568394002505e-15,0.0,"[-2.2018255074208453, -2.1578172983271964, -2.1578172983271946]","[0.008749250002438203, 0.011522790999151766, 0.00767949999863049]",H4rect_diss,BS N Comm,True
BS_N_Comm_Fiedler,block2_pauli,2,-2.201825507430284,5.400124791776761e-13,True,0.024384999996982515,2,True,False,False,100,2,1e-06,9.438672066153231e-12,0.0,"[-2.2018255074208453, -2.201825507430284]","[0.00849949999974342, 0.012835458001063671]",H4rect_diss,BS N Comm,True
raw_fermionic_su2,,1,-2.138896834310671,0.06292867312015282,False,0.013446791999740526,1,True,False,False,100,3,1e-06,0.0,0.0,"[-2.1997873544057303, -2.138896834310671, -2.138896834310671]","[0.0035480840015225112, 0.00258883299829904, 0.003154792000714224]",H4rect_diss,,False
raw_fermionic_su2,,2,-2.1683675272606244,0.03345798017019952,False,0.015255041995260399,2,True,False,False,100,3,1e-06,0.0,0.0,"[-2.1997873544057303, -2.1683675272606244, -2.1683675272606244]","[0.008751250003115274, 0.0031194580005831085, 0.002238417000626214]",H4rect_diss,,False
raw_fermionic_su2,,3,-2.2018255073910717,3.9752201530518505e-11,True,0.006097583995142486,3,True,False,False,100,2,1e-06,1.4483525490049942e-11,0.0,"[-2.2018255074055553, -2.2018255073910717]","[0.0024974999978439882, 0.0024357090005651116]",H4rect_diss,,False
raw_qubit,block2_pauli,1,-7.861864769808658,0.020459609074883645,False,0.07784966699546203,1,True,False,False,100,3,1e-06,0.0,0.0,"[-7.882310986267197, -7.861864769808658, -7.861864769808658]","[0.019348166999407113, 0.022960292000789195, 0.026708708006481174]",LIH_eqm,,False
raw_qubit,block2_pauli,2,-7.8770809079345305,0.005243470949011453,False,0.06701849999808474,2,True,False,False,100,3,1e-06,1.7247064754144503e-07,0.0,"[-7.882310986267197, -7.877080735463883, -7.8770809079345305]","[0.023703250000835396, 0.018551207998825703, 0.016331375001755077]",LIH_eqm,,False
raw_qubit,block2_pauli,3,-7.879465494741163,0.0028588841423786704,False,0.09460791700257687,3,True,False,False,100,4,1e-06,2.1622450496749934e-07,0.0,"[-7.882310986267197, -7.879335504044751, -7.879465278516658, -7.879465494741163]","[0.023393957999360282, 0.021305458001734223, 0.024564332998124883, 0.01774779200059129]",LIH_eqm,,False
raw_qubit,block2_pauli,4,-7.881603328545805,0.0007210503377370614,True,0.10469866699713748,4,True,False,False,100,4,1e-06,2.6645352591003757e-15,0.0,"[-7.882310986267197, -7.881598226606511, -7.881603328545802, -7.881603328545805]","[0.02591095900424989, 0.023539250003523193, 0.019866916998580564, 0.02265612500195857]",LIH_eqm,,False
HCT_Nover2_Comm,block2_pauli,1,-7.8619876061918434,0.020336772691698535,False,0.07348908400308574,1,True,False,False,100,3,1e-06,7.83967024631238e-09,0.0,"[-7.882311077619468, -7.861987614031514, -7.8619876061918434]","[0.020985791001294274, 0.017427833001420368, 0.016408750001573935]",LIH_eqm,HCT N/2 Comm,False
HCT_Nover2_Comm,block2_pauli,2,-7.87843642193985,0.003887956943692039,False,0.0937815409997711,2,True,False,False,100,3,1e-06,8.283106724960021e-07,0.0,"[-7.882313262576345, -7.8784355936291774, -7.87843642193985]","[0.026644208999641705, 0.029319500004930887, 0.026921290998870973]",LIH_eqm,HCT N/2 Comm,False
HCT_Nover2_Comm,block2_pauli,3,-7.882032276427861,0.0002921024556812313,True,0.12676687500061234,3,True,False,False,100,4,1e-06,3.907985046680551e-14,0.0,"[-7.882322605199504, -7.881841372983882, -7.8820322764279, -7.882032276427861]","[0.030708874997799285, 0.02222304199676728, 0.019195415996364318, 0.041163042005791795]",LIH_eqm,HCT N/2 Comm,False
HCT_N_Comm,block2_pauli,1,-7.8765363683690826,0.00578801051445943,False,0.10224066599766957,1,True,False,False,100,4,1e-06,6.437644817225419e-08,0.0,"[-7.882310994108678, -7.876812503203877, -7.876536432745531, -7.8765363683690826]","[0.01875266600109171, 0.021176041998842265, 0.024705249998078216, 0.029628582997247577]",LIH_eqm,HCT N Comm,False
HCT_N_Comm,block2_pauli,2,-7.88209888668413,0.0002254921994122583,True,0.11036645800049882,2,True,False,False,100,4,1e-06,2.7844659911124836e-09,0.0,"[-7.882314899423639, -7.882097672908259, -7.882098883899664, -7.88209888668413]","[0.019580792002670933, 0.022014417001628317, 0.030308957997476682, 0.030178208005963825]",LIH_eqm,HCT N Comm,False
Pauli_BLISS+HCT_N_Comm,block2_pauli,1,-7.8765363683690826,0.00578801051445943,False,0.16625104199920315,1,True,False,False,100,4,1e-06,6.437644817225419e-08,0.0,"[-7.882310994108678, -7.876812503203877, -7.876536432745531, -7.8765363683690826]","[0.02445224999974016, 0.030304667001473717, 0.08500095800263807, 0.018812542002706323]",LIH_eqm,Pauli BLISS+HCT N Comm,False
Pauli_BLISS+HCT_N_Comm,block2_pauli,2,-7.88209888668413,0.0002254921994122583,True,0.09832745799940312,2,True,False,False,100,4,1e-06,2.7844659911124836e-09,0.0,"[-7.882314899423639, -7.882097672908259, -7.882098883899664, -7.88209888668413]","[0.028214083999046125, 0.01982062500610482, 0.01939874999516178, 0.022516500001074746]",LIH_eqm,Pauli BLISS+HCT N Comm,False
BS_Nover2_Comm,block2_pauli,1,-7.862235005463727,0.02008937341981465,False,0.12971462499990594,1,True,False,False,100,4,1e-06,8.153911856823015e-08,0.0,"[-7.882311266948491, -7.862086468511631, -7.862234923924609, -7.862235005463727]","[0.025793415996304248, 0.03024350000487175, 0.02343375000054948, 0.022642625001026317]",LIH_eqm,BS N/2 Comm,False
BS_Nover2_Comm,block2_pauli,2,-7.880147445280227,0.0021769336033150566,False,0.09358887500275159,2,True,False,False,100,4,1e-06,9.675459633484707e-08,0.0,"[-7.882312703286775, -7.88015528181435, -7.880147348525631, -7.880147445280227]","[0.020667999997385778, 0.020953500003088266, 0.019691458001034334, 0.019911791998310946]",LIH_eqm,BS N/2 Comm,False
BS_Nover2_Comm,block2_pauli,3,-7.8822170802470195,0.00010729863652247928,True,0.1172806250033318,3,True,False,False,100,4,1e-06,1.985602793297403e-09,0.0,"[-7.882312703286775, -7.882218885164939, -7.882217078261417, -7.8822170802470195]","[0.029118040998582728, 0.03531841700169025, 0.021631374998833053, 0.023454166999727022]",LIH_eqm,BS N/2 Comm,False
BS_N_Comm,block2_pauli,1,-7.881156139361611,0.0011682395219310138,True,0.09407408300467068,1,True,False,False,100,4,1e-06,1.2754242106893798e-12,0.0,"[-7.882311589801229, -7.88115257932845, -7.8811561393603355, -7.881156139361611]","[0.02277933299774304, 0.023623749999387655, 0.018701666995184496, 0.019510791993525345]",LIH_eqm,BS N Comm,False
HCT_N_Comm_Fiedler,block2_pauli,1,-7.8773911785943405,0.0049332002892015225,False,0.12698970799829112,1,True,False,False,100,4,1e-06,0.0,0.0,"[-7.882311294035176, -7.876820029034222, -7.8773911785943405, -7.8773911785943405]","[0.040600500004075, 0.02609404199756682, 0.024199583996960428, 0.022124707997136284]",LIH_eqm,HCT N Comm,True
HCT_N_Comm_Fiedler,block2_pauli,2,-7.8820993619257935,0.00022501695774845842,True,0.10347187499428401,2,True,False,False,100,4,1e-06,1.8260060130614875e-11,0.0,"[-7.88231331941534, -7.882096884938492, -7.882099361944054, -7.8820993619257935]","[0.024463707995892037, 0.021341125000617467, 0.024213457996665966, 0.023759875002724584]",LIH_eqm,HCT N Comm,True
BS_N_Comm_Fiedler,block2_pauli,1,-7.881156174034521,0.0011682048490211372,True,0.11556533299881266,1,True,False,False,100,4,1e-06,5.459740224367238e-07,0.0,"[-7.882311497847404, -7.881066404052875, -7.881155628060498, -7.881156174034521]","[0.028598208002222236, 0.025823166994086932, 0.026125249998585787, 0.02578320800239453]",LIH_eqm,BS N Comm,True
raw_fermionic_su2,,1,-7.86212883342706,0.020195545456481945,False,0.02419645899499301,1,True,False,False,100,3,1e-06,1.7763568394002505e-15,0.0,"[-7.882310986267197, -7.862128833427062, -7.86212883342706]","[0.005403541996201966, 0.0118785829981789, 0.004449250001925975]",LIH_eqm,,False
raw_fermionic_su2,,2,-7.877927313708825,0.004397065174717163,False,0.028555832999700215,2,True,False,False,100,4,1e-06,4.03581614349946e-07,0.0,"[-7.882310986267197, -7.877826320655028, -7.877927717290439, -7.877927313708825]","[0.011405334000301082, 0.004228625002724584, 0.005360374998417683, 0.005259042001853231]",LIH_eqm,,False
raw_fermionic_su2,,3,-7.882215516911059,0.00010886197248272111,True,0.01961579199996777,3,True,False,False,100,3,1e-06,1.148734440903354e-10,0.0,"[-7.882314976405428, -7.882215516796186, -7.882215516911059]","[0.0061070840019965544, 0.006107499997597188, 0.005175291997147724]",LIH_eqm,,False
raw_qubit,block2_pauli,1,-7.624975630131303,0.15930254858409842,False,0.0872155830002157,1,True,False,False,100,3,1e-06,0.0,0.0,"[-7.784136800198446, -7.624975630131303, -7.624975630131303]","[0.022839417004433926, 0.028910417000588495, 0.027461416000733152]",LIH_corr,,False
raw_qubit,block2_pauli,2,-7.781258226498613,0.003019952216788191,False,0.26115629100240767,2,True,False,False,100,11,1e-06,9.999285195405605e-07,0.0,"[-7.784136800198446, -7.782014392091579, -7.781894485372652, -7.780860244030932, -7.780230931808028, -7.780243775189556, -7.7809510778510935, -7.781034927660811, -7.781052944712512, -7.7812592264271325, -7.781258226498613]","[0.027049083000747487, 0.027271458005998284, 0.01872383300360525, 0.018993749996297993, 0.02182554200408049, 0.018718624996836297, 0.03217854199465364, 0.019168207996699493, 0.022086208999098744, 0.021238417000859044, 0.019056124998314772]",LIH_corr,,False
raw_qubit,block2_pauli,3,-7.781745885915899,0.0025322927995024003,False,0.1214094169990858,3,True,False,False,100,5,1e-06,1.3740120152760937e-12,0.0,"[-7.784136800198446, -7.782141279246212, -7.782144353323199, -7.781745885917273, -7.781745885915899]","[0.021841791000042576, 0.023284708004212007, 0.022446584000135772, 0.02233245800016448, 0.018899624999903608]",LIH_corr,,False
raw_qubit,block2_pauli,4,-7.783925083539451,0.00035309517595027984,True,0.10595233400090365,4,True,False,False,100,4,1e-06,6.108802352855491e-11,0.0,"[-7.784136800198446, -7.78392616296251, -7.783925083600539, -7.783925083539451]","[0.029901750000135507, 0.020908957994834054, 0.019125584003631957, 0.02800937500433065]",LIH_corr,,False
HCT_Nover2_Comm,block2_pauli,1,-7.625071750828667,0.15920642788673423,False,0.0915632079995703,1,True,False,False,100,4,1e-06,3.907985046680551e-13,0.0,"[-7.784145468355383, -7.625045501327847, -7.625071750829058, -7.625071750828667]","[0.0204948750033509, 0.017713749999529682, 0.021065917004307266, 0.02419804100645706]",LIH_corr,HCT N/2 Comm,False
HCT_Nover2_Comm,block2_pauli,2,-7.628171593533791,0.15610658518161014,False,0.3645725840033265,2,True,False,False,100,15,1e-06,3.609062915188588e-08,0.0,"[-7.784198603968159, -7.782221130641426, -7.782193509268341, -7.724056329718419, -7.7240421689062675, -7.746287122665571, -7.7615360338500885, -7.779527730235042, -7.779508061631573, -7.736962749139096, -7.736948439337151, -7.738830983032267, -7.73892298242961, -7.628171557443162, -7.628171593533791]","[0.03263962500204798, 0.01953704199695494, 0.025440249999519438, 0.037144667003303766, 0.025614749996748287, 0.02184670800488675, 0.018779291996906977, 0.018568291001429316, 0.02280416699795751, 0.02205845900607528, 0.020908499995130114, 0.02147158300067531, 0.017515791005280335, 0.018126584000128787, 0.03232258400385035]",LIH_corr,HCT N/2 Comm,False
HCT_Nover2_Comm,block2_pauli,3,-7.782387730823562,0.001890447891839564,False,0.1352466660027858,3,True,False,False,100,5,1e-06,8.657074168638701e-07,0.0,"[-7.784229496536566, -7.781887729641159, -7.781906571872675, -7.782386865116145, -7.782387730823562]","[0.03348212499986403, 0.021183958000619896, 0.02662350000173319, 0.027209959000174422, 0.019818833003228065]",LIH_corr,HCT N/2 Comm,False
HCT_Nover2_Comm,block2_pauli,4,-7.78417199185685,0.00010618685855146026,True,0.10446991700155195,4,True,False,False,100,4,1e-06,5.9472426983120386e-12,0.0,"[-7.784259505373256, -7.784224059835026, -7.7841719918509025, -7.78417199185685]","[0.028280166996410117, 0.023833042003388982, 0.01902437499666121, 0.02647754100325983]",LIH_corr,HCT N/2 Comm,False
HCT_N_Comm,block2_pauli,1,-7.760202774966998,0.024075403748403446,False,0.0995484170052805,1,True,False,False,100,3,1e-06,7.190608153351263e-07,0.0,"[-7.7841368008448795, -7.760202055906182, -7.760202774966998]","[0.02645091700105695, 0.02597008399607148, 0.02383433299837634]",LIH_corr,HCT N Comm,False
HCT_N_Comm,block2_pauli,2,-7.7839384908271345,0.00033968788826665985,True,0.08282516700273845,2,True,False,False,100,3,1e-06,2.249415622657125e-07,0.0,"[-7.784137066075041, -7.783938265885572, -7.7839384908271345]","[0.02911024999775691, 0.023290042001463007, 0.018951957994431723]",LIH_corr,HCT N Comm,False
Pauli_BLISS+HCT_N_Comm,block2_pauli,1,-7.767134657421512,0.017143521293888853,False,0.09960970799875213,1,True,False,False,100,4,1e-06,2.6645352591003757e-15,0.0,"[-7.784136800198449, -7.767262599680703, -7.767134657421515, -7.767134657421512]","[0.022264875005930662, 0.021455041998706292, 0.02380795800127089, 0.024073583001154475]",LIH_corr,Pauli BLISS+HCT N Comm,False
Pauli_BLISS+HCT_N_Comm,block2_pauli,2,-7.7825328321647635,0.0017453465506376276,False,0.20826116699754493,2,True,False,False,100,9,1e-06,4.8519336104391186e-08,0.0,"[-7.784140096666025, -7.781718399266582, -7.782158555135826, -7.782375539903449, -7.782458410498084, -7.782507225517847, -7.78251879057509, -7.782532783645427, -7.7825328321647635]","[0.025105000000621658, 0.020957000000635162, 0.018926915996416938, 0.02030574999662349, 0.021668916000635363, 0.01837395799520891, 0.02175379200343741, 0.023862916001235135, 0.028418999994755723]",LIH_corr,Pauli BLISS+HCT N Comm,False
Pauli_BLISS+HCT_N_Comm,block2_pauli,3,-7.783610104297006,0.0006680744183951148,True,0.07631125000625616,3,True,False,False,100,3,1e-06,8.954813317529897e-07,0.0,"[-7.784269894650178, -7.783609208815674, -7.783610104297006]","[0.021026709000580013, 0.02074920899758581, 0.019535790997906588]",LIH_corr,Pauli BLISS+HCT N Comm,False
BS_Nover2_Comm,block2_pauli,1,-7.625071750828667,0.15920642788673423,False,0.09218795799824875,1,True,False,False,100,4,1e-06,3.907985046680551e-13,0.0,"[-7.784145468355383, -7.625045501327847, -7.625071750829058, -7.625071750828667]","[0.022814333002315834, 0.021046750000095926, 0.022140666995255742, 0.0181460000021616]",LIH_corr,BS N/2 Comm,False
BS_Nover2_Comm,block2_pauli,2,-7.628171593533791,0.15610658518161014,False,0.3352865409979131,2,True,False,False,100,15,1e-06,3.609062915188588e-08,0.0,"[-7.784198603968159, -7.782221130641426, -7.782193509268341, -7.724056329718419, -7.7240421689062675, -7.746287122665571, -7.7615360338500885, -7.779527730235042, -7.779508061631573, -7.736962749139096, -7.736948439337151, -7.738830983032267, -7.73892298242961, -7.628171557443162, -7.628171593533791]","[0.020573500005411915, 0.01941758299653884, 0.01822099999844795, 0.032842249995155726, 0.026560291000350844, 0.021977165997668635, 0.0291510829993058, 0.02236237499892013, 0.017407750005077105, 0.02040616700105602, 0.019893083001079503, 0.017013875003613066, 0.016462999999930616, 0.022701292000419926, 0.020821167003305163]",LIH_corr,BS N/2 Comm,False
BS_Nover2_Comm,block2_pauli,3,-7.782387730823562,0.001890447891839564,False,0.13010245799523545,3,True,False,False,100,5,1e-06,8.657074168638701e-07,0.0,"[-7.784229496536566, -7.781887729641159, -7.781906571872675, -7.782386865116145, -7.782387730823562]","[0.029625750001287088, 0.02013299999816809, 0.020721917004266288, 0.025037583996891044, 0.02369837500009453]",LIH_corr,BS N/2 Comm,False
BS_Nover2_Comm,block2_pauli,4,-7.78417199185685,0.00010618685855146026,True,0.10779512499721022,4,True,False,False,100,4,1e-06,5.9472426983120386e-12,0.0,"[-7.784259505373256, -7.784224059835026, -7.7841719918509025, -7.78417199185685]","[0.028672957996604964, 0.027741790996515192, 0.023648333000892308, 0.019834582999465056]",LIH_corr,BS N/2 Comm,False
BS_N_Comm,block2_pauli,1,-7.781627064952574,0.0026511137628268955,False,0.3393555840011686,1,True,False,False,100,13,1e-06,3.5334507320072817e-07,0.0,"[-7.7841454683553835, -7.755913247870719, -7.773240319292707, -7.777069912936485, -7.7805237247396, -7.781376350046524, -7.7815490041513, -7.781602998896483, -7.781617338781904, -7.781623640330644, -7.781625679492856, -7.781626711607501, -7.781627064952574]","[0.028423250005289447, 0.029412000003503636, 0.024646457997732796, 0.03405037500488106, 0.025385583001479972, 0.020782917003089096, 0.03932675000396557, 0.01958491699770093, 0.017404583006282337, 0.019656875003420282, 0.031584083997586276, 0.01993400000355905, 0.019955000003392342]",LIH_corr,BS N Comm,False
BS_N_Comm,block2_pauli,2,-7.784015224786021,0.0002629539293801386,True,0.10479770800156984,2,True,False,False,100,4,1e-06,1.0359713087382261e-10,0.0,"[-7.784197270811649, -7.784009700228497, -7.784015224889618, -7.784015224786021]","[0.028011624999635387, 0.019450333005806897, 0.02339520800160244, 0.021795417000248563]",LIH_corr,BS N Comm,False
HCT_N_Comm_Fiedler,block2_pauli,1,-7.757756826578142,0.02652135213725959,False,2.2401859590027016,1,False,True,True,100,100,1e-06,0.00041719846984999975,0.0,"[-7.784136800844879, -7.770598925831443, -7.7650101571620045, -7.764592243628481, -7.763951295356087, -7.762922970568625, -7.762669721284133, -7.762024742426513, -7.7618984693986395, -7.761473775186028, -7.761394959583433, -7.7610921612711685, -7.761036430868415, -7.760805817152766, -7.760763239247309, -7.7605780745713115, -7.760543717687981, -7.76038854592739, -7.76035961136907, -7.760224813307819, -7.760199560664947, -7.760078737551147, -7.760056003910797, -7.759944619075272, -7.759923574161317, -7.7598181893742115, -7.759798198101333, -7.75969600640188, -7.759676544215015, -7.759575052318404, -7.759555646779555, -7.7594524254595765, -7.759432609222246, -7.759325056613427, -7.7593043214573925, -7.759189388895492, -7.759167130914999, -7.759040946480505, -7.7590163891198785, -7.758873671521779, -7.758845743850482, -7.758678799716607, -7.75864592577428, -7.758442787333411, -7.758402491343853, -7.758143148618254, -7.758091251439426, -7.757739219201926, -7.757668001348877, -7.75714884323382, -7.757042780037452, -7.7561797130169285, -7.75600502980896, -7.754291183915065, -7.754124702169296, -7.749859747161658, -7.753452850985046, -7.7590950910481045, -7.763782690942817, -7.764935930465074, -7.766035378635245, -7.766114911687415, -7.763108976462059, -7.763208507581867, -7.765996291985807, -7.7660527575406295, -7.760439460261338, -7.760616692229364, -7.766162844644402, -7.766239680341547, -7.765709107189146, -7.765733489922129, -7.765650626205751, -7.765679591238154, -7.757328858015111, -7.757738080819977, -7.766044881395034, -7.7662667274427974, -7.765629659306489, -7.765660338195515, -7.757341798966146, -7.757761526676388, -7.766022796580572, -7.766251611232751, -7.765630446606161, -7.765662200010193, -7.757339067635613, -7.757755636702298, -7.766028423690614, -7.766255473565959, -7.765630133752591, -7.7656616197873465, -7.757339835706467, -7.757757269202571, -7.766026869136202, -7.76625440721425, -7.765630213014498, -7.765661773332553, -7.757339628108292, -7.757756826578142]","[0.027611083998635877, 0.022679583002172876, 0.025286584001150914, 0.027597874999628402, 0.023805083001207095, 0.02257070800260408, 0.018376874999376014, 0.039541124999232125, 0.0191279169957852, 0.02348395800072467, 0.020857333001913503, 0.022556707997864578, 0.021714041999075562, 0.022541833997820504, 0.016797459000372328, 0.022533666997333057, 0.025075249999645166, 0.03545691599720158, 0.020982541995181236, 0.01944750000257045, 0.020223917003022507, 0.02128429100412177, 0.023624500005098525, 0.023735082999337465, 0.020697958003438544, 0.0240557080032886, 0.01880325000092853, 0.02774024999962421, 0.022376375003659632, 0.02310879099968588, 0.02194908399542328, 0.024667083998792805, 0.02112337500147987, 0.02160612500301795, 0.021981166006298736, 0.029441334001603536, 0.020069707999937236, 0.023947250003402587, 0.018685750001168344, 0.024618124996777624, 0.019584374997066334, 0.019795332998910453, 0.028540250001242384, 0.023483707998821046, 0.021650167000188958, 0.02336825000384124, 0.017340541002340615, 0.021057666999695357, 0.022251666996453423, 0.02417841700662393, 0.026748959004180506, 0.020903165997879114, 0.021620999999868218, 0.023145250001107343, 0.02116891700279666, 0.024448041003779508, 0.017533915997773875, 0.01905533300305251, 0.01712299999780953, 0.018447000002197456, 0.01696129199990537, 0.018056208005873486, 0.017136916001618374, 0.01809079200029373, 0.01738741699955426, 0.018213291994470637, 0.017210374993737787, 0.034198332999949344, 0.02171058300154982, 0.02243083299981663, 0.019081042002653703, 0.01950487500289455, 0.02033845800178824, 0.01981720900221262, 0.02105387499614153, 0.02079420800146181, 0.02088549999461975, 0.03555212500214111, 0.024605333994259126, 0.021401833000709303, 0.01910249999491498, 0.021875209000427276, 0.020375249994685873, 0.022360875002050307, 0.02036641699669417, 0.020585959005984478, 0.018258666998008266, 0.019756749999942258, 0.029559417002019472, 0.02080424999439856, 0.022821833001216874, 0.022098790999734774, 0.02435325000260491, 0.02449216700188117, 0.02219541699741967, 0.021654125004715752, 0.02211162500316277, 0.020523125000181608, 0.019707250001374632, 0.019575416001316626]",LIH_corr,HCT N Comm,True
HCT_N_Comm_Fiedler,block2_pauli,2,-7.784026944126808,0.00025123458859344083,True,0.09130350000486942,2,True,False,False,100,4,1e-06,5.774758449206274e-11,0.0,"[-7.784216198396662, -7.784023242349063, -7.78402694406906, -7.784026944126808]","[0.0218777920017601, 0.020803583996894304, 0.02144729199790163, 0.019913791998988017]",LIH_corr,HCT N Comm,True
BS_N_Comm_Fiedler,block2_pauli,1,-7.781443927900225,0.002834250815175743,False,0.1942211249988759,1,True,False,False,100,6,1e-06,7.998015174592865e-07,0.0,"[-7.784138598404508, -7.73476544252736, -7.778283411915945, -7.778347802050345, -7.781443128098708, -7.781443927900225]","[0.03429275000235066, 0.037683875001675915, 0.026221332998829894, 0.024713167003937997, 0.0324852500052657, 0.029866541000956204]",LIH_corr,BS N Comm,True
BS_N_Comm_Fiedler,block2_pauli,2,-7.784023126838457,0.000255051876943746,True,0.1016011659958167,2,True,False,False,100,3,1e-06,1.8276047342169477e-11,0.0,"[-7.784217330068309, -7.7840231268567335, -7.784023126838457]","[0.033296916997642256, 0.032617083001241554, 0.026246084002195857]",LIH_corr,BS N Comm,True
raw_fermionic_su2,,1,-7.743462554710146,0.04081562400525485,False,0.02330887499556411,1,True,False,False,100,3,1e-06,0.0,0.0,"[-7.784136800198444, -7.743462554710146, -7.743462554710146]","[0.005824540996400174, 0.009024709004734177, 0.004935249999107327]",LIH_corr,,False
raw_fermionic_su2,,2,-7.7833755376604215,0.0009026410549797248,True,0.032670417000190355,2,True,False,False,100,3,1e-06,2.8421709430404007e-13,0.0,"[-7.784199892417679, -7.783375537660706, -7.7833755376604215]","[0.01340941600210499, 0.007633749999513384, 0.008958209000411443]",LIH_corr,,False
raw_qubit,block2_pauli,1,-74.96466253913059,0.05519225711384479,False,0.128382832997886,1,True,False,False,100,3,1e-06,0.0,0.0,"[-75.0189278501031, -74.96466253913059, -74.96466253913059]","[0.040235166998172645, 0.030143167001369875, 0.04049904099520063]",H2O_eqm,,False
raw_qubit,block2_pauli,2,-74.98147441071448,0.0383803855299476,False,0.13334658300300362,2,True,False,False,100,3,1e-06,2.842170943040401e-14,0.0,"[-75.0189278501031, -74.98147441071445, -74.98147441071448]","[0.04778745899966452, 0.03970737499912502, 0.0309344589986722]",H2O_eqm,,False
raw_qubit,block2_pauli,3,-74.98657448936069,0.033280306883739286,False,0.11887041700538248,3,True,False,False,100,3,1e-06,5.684341886080802e-14,0.0,"[-75.0189278501031, -74.98657448936063, -74.98657448936069]","[0.03797558299993398, 0.031020540998724755, 0.03639837499940768]",H2O_eqm,,False
raw_qubit,block2_pauli,4,-74.99661694728272,0.023237848961713325,False,0.1953627080001752,4,True,False,False,100,6,1e-06,1.9869048628606834e-09,0.0,"[-75.0189278501031, -74.99633725133563, -74.99834376649898, -74.99706254858114, -74.99661694529581, -74.99661694728272]","[0.03665862500201911, 0.0382516250028857, 0.02703716600080952, 0.02596058399649337, 0.026280707999831066, 0.026327958003093954]",H2O_eqm,,False
raw_qubit,block2_pauli,5,-75.0114741831462,0.008380613098225353,False,0.11238975000014761,5,True,False,False,100,3,1e-06,9.894868071569363e-07,0.0,"[-75.0189278501031, -75.0114731936594, -75.0114741831462]","[0.03383008400123799, 0.02967954199993983, 0.027268541998637374]",H2O_eqm,,False
raw_qubit,block2_pauli,6,-75.0137523643285,0.006102431915934403,False,0.15332183300051838,6,True,False,False,100,4,1e-06,1.8518601052619488e-07,0.0,"[-75.0189278501031, -75.0143242457166, -75.01375217914249, -75.0137523643285]","[0.03211558299517492, 0.029615084000397474, 0.0298062919973745, 0.04911308300506789]",H2O_eqm,,False
raw_qubit,block2_pauli,7,-75.01746311963937,0.002391676605057569,False,0.14896987500105752,7,True,False,False,100,4,1e-06,8.957117501040557e-07,0.0,"[-75.0189278501031, -75.01746223868936, -75.01746401535112, -75.01746311963937]","[0.035017084002902266, 0.0346831250062678, 0.03252449999854434, 0.03289295799913816]",H2O_eqm,,False
raw_qubit,block2_pauli,8,-75.0176611761128,0.0021936201316350434,False,0.22715874999994412,8,True,False,False,100,5,1e-06,3.2952129913610406e-10,0.0,"[-75.0189278501031, -75.0178545375998, -75.01765848342046, -75.01766117578327, -75.0176611761128]","[0.04768108300049789, 0.032435083005111665, 0.0373552919991198, 0.041853957998682745, 0.05371408299834002]",H2O_eqm,,False
raw_qubit,block2_pauli,9,-75.01824246995295,0.0016123262914788938,False,0.20348816700425232,9,True,False,False,100,5,1e-06,2.774243057501735e-10,0.0,"[-75.0189278501031, -75.01837816358949, -75.01824058599387, -75.01824246967553, -75.01824246995295]","[0.04180291700322414, 0.03676454199739965, 0.03432783300377196, 0.03451716699782992, 0.04153287499502767]",H2O_eqm,,False
raw_qubit,block2_pauli,10,-75.01868779890879,0.0011669973356447372,True,0.21138766600051895,10,True,False,False,100,4,1e-06,6.47278596943579e-07,0.0,"[-75.0189278501031, -75.01868970076414, -75.01868715163019, -75.01868779890879]","[0.06258129199704854, 0.03422050000517629, 0.034788959004799835, 0.0335971669992432]",H2O_eqm,,False
HCT_Nover2_Comm,block2_pauli,1,-74.97847583890244,0.041378957341990485,False,0.1602125839999644,1,True,False,False,100,4,1e-06,1.1112888387287967e-11,0.0,"[-75.0189278501031, -74.97846894697301, -74.97847583891355, -74.97847583890244]","[0.035613291001936886, 0.03764483299892163, 0.03862491600011708, 0.030927167004847433]",H2O_eqm,HCT N/2 Comm,False
HCT_Nover2_Comm,block2_pauli,2,-74.994955624496,0.02489917174843015,False,0.3850097079994157,2,True,False,False,100,10,1e-06,5.5280224842135794e-12,0.0,"[-75.0189278501031, -74.99184435239955, -74.99572149790073, -74.99501200238835, -74.99546711472415, -74.99493205752616, -74.99496963114946, -74.99494048234848, -74.99495562449047, -74.994955624496]","[0.036961334000807256, 0.039650874998187646, 0.041570332999981474, 0.03477925000333926, 0.03363837499637157, 0.03931229100271594, 0.03355054200073937, 0.03367308300221339, 0.0331376249960158, 0.03897500000311993]",H2O_eqm,HCT N/2 Comm,False
HCT_Nover2_Comm,block2_pauli,3,-75.00691944568194,0.012935350562486292,False,0.23898424999788404,3,True,False,False,100,7,1e-06,8.770522867962427e-07,0.0,"[-75.0189278501031, -75.00696924313299, -75.0069787027608, -75.00694433238144, -75.00692474325884, -75.00692032273423, -75.00691944568194]","[0.048268708000250626, 0.030397959002584685, 0.028622583995456807, 0.029082708002533764, 0.029079957996145822, 0.03015525000228081, 0.028104625002015382]",H2O_eqm,HCT N/2 Comm,False
HCT_Nover2_Comm,block2_pauli,4,-75.01400923932546,0.005845556918970374,False,0.16434850000223378,4,True,False,False,100,5,1e-06,3.7585127188322076e-07,0.0,"[-75.01892785010311, -75.01379241031981, -75.01370257796313, -75.01400961517673, -75.01400923932546]","[0.033260083000641316, 0.030815625003015157, 0.028899958000693005, 0.029018458997597918, 0.029307832999620587]",H2O_eqm,HCT N/2 Comm,False
HCT_Nover2_Comm,block2_pauli,5,-75.01882082007644,0.001033976167988726,True,0.1861333749984624,5,True,False,False,100,5,1e-06,2.618701415713076e-07,0.0,"[-75.01892785010311, -75.01882028465205, -75.01881539994515, -75.0188205582063, -75.01882082007644]","[0.03319100000226172, 0.03152774999762187, 0.031028958001115825, 0.032747291996201966, 0.044701624996378087]",H2O_eqm,HCT N/2 Comm,False
HCT_N_Comm,block2_pauli,1,-74.97970283173322,0.04015196451121028,False,0.16163599999708822,1,True,False,False,100,4,1e-06,0.0,0.0,"[-75.01894122523092, -74.97960330513072, -74.97970283173322, -74.97970283173322]","[0.034749333004583605, 0.032075958006316796, 0.0396784589975141, 0.03585187499993481]",H2O_eqm,HCT N Comm,False
HCT_N_Comm,block2_pauli,2,-75.00164482336086,0.01820997288356807,False,0.5060914999994566,2,True,False,False,100,14,1e-06,4.1679118112369906e-07,0.0,"[-75.01916983153325, -75.0021142962626, -75.00208531726489, -75.00178637126913, -75.0018100199844, -75.00166595564001, -75.00163931191345, -75.00165697054659, -75.00164395089416, -75.0016488039007, -75.00164436533623, -75.00164577356685, -75.00164440656968, -75.00164482336086]","[0.03641512500325916, 0.029192499998316634, 0.03539133300364483, 0.03764337500615511, 0.03768983299960382, 0.030305000000225846, 0.036860290994809475, 0.03906937500141794, 0.03208070899563609, 0.03346591699664714, 0.033357708001858555, 0.03886837499885587, 0.03413699999509845, 0.03607804200146347]",H2O_eqm,HCT N Comm,False
HCT_N_Comm,block2_pauli,3,-75.011296810868,0.008557985376427268,False,0.27391562500270084,3,True,False,False,100,8,1e-06,9.433946814851879e-07,0.0,"[-75.01924987066644, -75.00840236605237, -75.01127685114014, -75.01130134327002, -75.01129635179731, -75.01129975839658, -75.01129586747332, -75.011296810868]","[0.031031457998324186, 0.0394869999945513, 0.029345041999476962, 0.03257954100263305, 0.02824083399900701, 0.029875166997953784, 0.040758916999038775, 0.02944216700416291]",H2O_eqm,HCT N Comm,False
HCT_N_Comm,block2_pauli,4,-75.01835827162469,0.001496524619739148,True,0.13148441699740943,4,True,False,False,100,4,1e-06,5.400124791776761e-13,0.0,"[-75.01950782831646, -75.01831652024538, -75.01835827162523, -75.01835827162469]","[0.03333025000029011, 0.029988165995746385, 0.02847745799954282, 0.027966749999905005]",H2O_eqm,HCT N Comm,False
Pauli_BLISS+HCT_N_Comm,block2_pauli,1,-74.97971490117419,0.04013989507024007,False,0.14932529199722921,1,True,False,False,100,4,1e-06,0.0,0.0,"[-75.01894122523092, -74.9796112103312, -74.97971490117419, -74.97971490117419]","[0.038499207999848295, 0.029558750000433065, 0.033985333997407, 0.03321375000086846]",H2O_eqm,Pauli BLISS+HCT N Comm,False
Pauli_BLISS+HCT_N_Comm,block2_pauli,2,-75.00165363764064,0.01820115860378735,False,0.4549821670007077,2,True,False,False,100,12,1e-06,8.800956692311956e-07,0.0,"[-75.01923775059677, -75.0021241880204, -75.00209157157184, -75.00176611286318, -75.00178935253304, -75.00167670324205, -75.00165310799241, -75.00166498409874, -75.00165347533755, -75.00165660079855, -75.00165275754497, -75.00165363764064]","[0.04805504200339783, 0.03130179100116948, 0.03166058399801841, 0.045291666996490676, 0.03276025000377558, 0.029499666001356672, 0.03508549999969546, 0.03932487500424031, 0.03041562499856809, 0.05332887500117067, 0.036147375001746695, 0.026773917001264635]",H2O_eqm,Pauli BLISS+HCT N Comm,False
Pauli_BLISS+HCT_N_Comm,block2_pauli,3,-75.01129394002001,0.008560856224420377,False,0.26789266699779546,3,True,False,False,100,9,1e-06,5.934280835617756e-07,0.0,"[-75.01931732916168, -75.008387995562, -75.01125386469131, -75.01128830912084, -75.01129107447048, -75.01129579624042, -75.01129342663764, -75.0112945334481, -75.01129394002001]","[0.0309110000016517, 0.027557250003155787, 0.02779075000580633, 0.028515624995634425, 0.02805008300492773, 0.03274516700184904, 0.026018916003522463, 0.026656624999304768, 0.02613779200328281]",H2O_eqm,Pauli BLISS+HCT N Comm,False
Pauli_BLISS+HCT_N_Comm,block2_pauli,4,-75.01835128541671,0.0015035108277174913,True,0.14375587500398979,4,True,False,False,100,4,1e-06,8.270968976376025e-08,0.0,"[-75.01956510834552, -75.01830518998878, -75.0183513681264, -75.01835128541671]","[0.031275957997422665, 0.0282232089957688, 0.02822833299433114, 0.043607625004369766]",H2O_eqm,Pauli BLISS+HCT N Comm,False
BS_Nover2_Comm,block2_pauli,1,-74.96833980867737,0.05151498756706019,False,0.14801266600261442,1,True,False,False,100,4,1e-06,1.428944074177707e-08,0.0,"[-75.0189278501031, -74.9683066196677, -74.96833979438793, -74.96833980867737]","[0.02932262499962235, 0.03365312499954598, 0.03604820899636252, 0.033683458001178224]",H2O_eqm,BS N/2 Comm,False
BS_Nover2_Comm,block2_pauli,2,-74.98480937777889,0.03504541846554332,False,0.3881350410010782,2,True,False,False,100,11,1e-06,2.844022901626886e-07,0.0,"[-75.01892785010311, -74.9826003704303, -74.98283095699881, -74.98333430907981, -74.98337372275599, -74.98471744872369, -74.98478379113809, -74.98479088028316, -74.9847946995541, -74.9848090933766, -74.98480937777889]","[0.03973645900259726, 0.030511334000038914, 0.031414624994795304, 0.031572084000799805, 0.04189629199390765, 0.027850416998262517, 0.03608854200138012, 0.03741449999506585, 0.029796041999361478, 0.032182083996303845, 0.034984665995580144]",H2O_eqm,BS N/2 Comm,False
BS_Nover2_Comm,block2_pauli,3,-75.00120230277673,0.01865249346769815,False,0.4027494590045535,3,True,False,False,100,14,1e-06,7.348909605298104e-07,0.0,"[-75.01892785010311, -74.9996468987117, -75.00106534590806, -75.00084501860806, -75.00122851231666, -75.00114536428828, -75.00121935608995, -75.00119095086178, -75.0012080893247, -75.00119960373323, -75.00120421018876, -75.00120171650022, -75.0012030376677, -75.00120230277673]","[0.034040541999274865, 0.03770991600322304, 0.02804616600042209, 0.027633707999484614, 0.026271500006259885, 0.027279458001430612, 0.026138208006159402, 0.02718754200031981, 0.02580712499911897, 0.026533042000664864, 0.026018625001597684, 0.025983415995142423, 0.024462291003146674, 0.025353417004225776]",H2O_eqm,BS N/2 Comm,False
BS_Nover2_Comm,block2_pauli,4,-75.01766244207974,0.0021923541646913236,False,0.12286000000312924,4,True,False,False,100,4,1e-06,3.325340003357269e-11,0.0,"[-75.01892785010311, -75.01780174826857, -75.01766244204649, -75.01766244207974]","[0.028573292001965456, 0.02741099999548169, 0.028240667001227848, 0.02714154199929908]",H2O_eqm,BS N/2 Comm,False
BS_Nover2_Comm,block2_pauli,5,-75.01869874608369,0.001156050160744826,True,0.12491066599613987,5,True,False,False,100,4,1e-06,2.795275122480234e-11,0.0,"[-75.0189717084006, -75.01864096856582, -75.01869874611164, -75.01869874608369]","[0.030943665995437186, 0.02809737499774201, 0.027235583002038766, 0.02730604200041853]",H2O_eqm,BS N/2 Comm,False
BS_N_Comm,block2_pauli,1,-74.98178804239849,0.03806675384593916,False,0.1902254169981461,1,True,False,False,100,5,1e-06,5.168629968466121e-08,0.0,"[-75.01893132790647, -74.98168442674353, -74.9817790432814, -74.98178799071219, -74.98178804239849]","[0.041496584002743475, 0.03447858399886172, 0.0316516250022687, 0.032130917003087234, 0.03507687499950407]",H2O_eqm,BS N Comm,False
BS_N_Comm,block2_pauli,2,-75.00287330200376,0.016981494240667416,False,0.21348083399789175,2,True,False,False,100,4,1e-06,1.1368683772161603e-13,0.0,"[-75.01925859553603, -75.00218726187052, -75.00287330200388, -75.00287330200376]","[0.04069787500338862, 0.0514633339989814, 0.05179958299413556, 0.05498658300348325]",H2O_eqm,BS N Comm,False
BS_N_Comm,block2_pauli,3,-75.01118291132894,0.008671884915486316,False,0.2385457909986144,3,True,False,False,100,6,1e-06,9.433009751091959e-07,0.0,"[-75.01945291942127, -75.01230030137353, -75.01143145488709, -75.01143397683234, -75.01118196802797, -75.01118291132894]","[0.047349874999781605, 0.03511837500263937, 0.037862707999011036, 0.032543875000556, 0.03625974999886239, 0.03176358299970161]",H2O_eqm,BS N Comm,False
BS_N_Comm,block2_pauli,4,-75.01684538232105,0.0030094139233796113,False,0.45014508299937006,4,True,False,False,100,12,1e-06,8.148300878474402e-07,0.0,"[-75.01958559831061, -75.01715093881043, -75.01685006806025, -75.0168378245161, -75.0168433709726, -75.0168347557285, -75.01684216506483, -75.01683822131311, -75.01684409872836, -75.01684231915095, -75.01684619715114, -75.01684538232105]","[0.038011959004506934, 0.03563712499453686, 0.03345620800246252, 0.05100120800489094, 0.03371895800228231, 0.03464529100165237, 0.03218945799744688, 0.034264125002664514, 0.03351141599705443, 0.03852054199523991, 0.03692812500230502, 0.03214775000378722]",H2O_eqm,BS N Comm,False
BS_N_Comm,block2_pauli,5,-75.01796384539921,0.0018909508452225054,False,0.21314820800034795,5,True,False,False,100,6,1e-06,1.344233169220388e-07,0.0,"[-75.01978341363849, -75.01809753114003, -75.01797086729877, -75.0179725347429, -75.01796371097589, -75.01796384539921]","[0.039081125003576744, 0.031812207998882513, 0.032706542006053496, 0.03238991599937435, 0.03183675000036601, 0.03148454199981643]",H2O_eqm,BS N Comm,False
BS_N_Comm,block2_pauli,6,-75.0196144532144,0.00024034303002906654,True,0.15766258399526123,6,True,False,False,100,4,1e-06,2.0889956431346945e-12,0.0,"[-75.01982719108932, -75.01958372602328, -75.01961445321649, -75.0196144532144]","[0.040877250001358334, 0.03464250000251923, 0.033621417001995724, 0.035050457998295315]",H2O_eqm,BS N Comm,False
HCT_N_Comm_Fiedler,block2_pauli,1,-74.97970830947814,0.04014648676628951,False,0.20365812499949243,1,True,False,False,100,6,1e-06,8.972515814775761e-07,0.0,"[-75.0189373577686, -74.9795161920825, -74.97970950496594, -74.97970106973656, -74.97970920672972, -74.97970830947814]","[0.02938829199410975, 0.033884750002471264, 0.03368091700394871, 0.03305237500171643, 0.03460783299669856, 0.0282869579968974]",H2O_eqm,HCT N Comm,True
HCT_N_Comm_Fiedler,block2_pauli,2,-75.00395614048988,0.015898655754554625,False,0.17383949999930337,2,True,False,False,100,5,1e-06,7.6036741347707e-09,0.0,"[-75.01914418333311, -75.00392608456241, -75.00392922631792, -75.00395614809355, -75.00395614048988]","[0.04291458399529802, 0.030441125003562775, 0.02981937499862397, 0.033008624996000435, 0.02540045799833024]",H2O_eqm,HCT N Comm,True
HCT_N_Comm_Fiedler,block2_pauli,3,-75.01203070836235,0.007824087882084996,False,0.37682133299676934,3,True,False,False,100,10,1e-06,6.810326738104777e-07,0.0,"[-75.01932019948207, -75.01207631074803, -75.01208995440015, -75.01205509907145, -75.0120508295681, -75.0120437163256, -75.01203849220204, -75.01203699609707, -75.01203138939502, -75.01203070836235]","[0.04005287500331178, 0.04392250000091735, 0.03621966599894222, 0.04859054199914681, 0.03682558300351957, 0.03429895800218219, 0.029070333002891857, 0.030809041003521997, 0.030974374996731058, 0.027259374997811392]",H2O_eqm,HCT N Comm,True
HCT_N_Comm_Fiedler,block2_pauli,4,-75.01830227621559,0.0015525200288379892,True,0.1548839999959455,4,True,False,False,100,5,1e-06,7.690584311603743e-07,0.0,"[-75.01958603664104, -75.0183374124415, -75.01830601135791, -75.01830304527402, -75.01830227621559]","[0.029086750000715256, 0.029918749998614658, 0.027897207997739315, 0.02908008300437359, 0.02701087499735877]",H2O_eqm,HCT N Comm,True
BS_N_Comm_Fiedler,block2_pauli,1,-74.98394646581026,0.03590833043416808,False,0.2218460000003688,1,True,False,False,100,6,1e-06,5.9154658060833754e-08,0.0,"[-75.01893060584226, -74.983948638718, -74.98394553843792, -74.98394779764878, -74.98394652496492, -74.98394646581026]","[0.03146687499975087, 0.036665833002189174, 0.03781691600306658, 0.03968583299865713, 0.030814707999525126, 0.03112633300042944]",H2O_eqm,BS N Comm,True
BS_N_Comm_Fiedler,block2_pauli,2,-75.00339395297206,0.01646084327236963,False,0.38517179200425744,2,True,False,False,100,10,1e-06,8.814753016395116e-07,0.0,"[-75.01910949195121, -75.00275478180944, -75.00337563976333, -75.00336294784162, -75.00339864559436, -75.00339052881542, -75.00339653778553, -75.00339375905074, -75.00339483444736, -75.00339395297206]","[0.042073500000697095, 0.04042062500229804, 0.03355649999866728, 0.042241750001267064, 0.03541916600079276, 0.034727500002190936, 0.03723737499967683, 0.039357916997687425, 0.03455387499707285, 0.03062445900286548]",H2O_eqm,BS N Comm,True
BS_N_Comm_Fiedler,block2_pauli,3,-75.01359058010146,0.006264216142966461,False,0.20316629100125283,3,True,False,False,100,6,1e-06,5.464042658331891e-07,0.0,"[-75.01914117506887, -75.01377850681277, -75.01357571314318, -75.01361567281741, -75.0135900336972, -75.01359058010146]","[0.03437850000045728, 0.03150416599964956, 0.029733417002717033, 0.03015366599720437, 0.030310750000353437, 0.031726791996334214]",H2O_eqm,BS N Comm,True
BS_N_Comm_Fiedler,block2_pauli,4,-75.01801763954785,0.0018371566965811326,False,0.1453486249956768,4,True,False,False,100,4,1e-06,1.0366875358158723e-07,0.0,"[-75.0197175583717, -75.01799641472086, -75.0180175358791, -75.01801763954785]","[0.03715379200002644, 0.03193704199657077, 0.030851208997773938, 0.031870000006165355]",H2O_eqm,BS N Comm,True
BS_N_Comm_Fiedler,block2_pauli,5,-75.01912028558232,0.0007345106621130526,True,0.16172870800073724,5,True,False,False,100,4,1e-06,1.424297124685836e-09,0.0,"[-75.01973888119701, -75.01910081225225, -75.01912028415802, -75.01912028558232]","[0.03822662500169827, 0.03493383399472805, 0.03720216600049753, 0.03710049999790499]",H2O_eqm,BS N Comm,True
raw_fermionic_su2,,1,-74.96591491079833,0.0539398854460984,False,0.023320000000239816,1,True,False,False,100,3,1e-06,0.0,0.0,"[-75.0189278501031, -74.96591491079833, -74.96591491079833]","[0.008878499997081235, 0.0057105839950963855, 0.005426625000836793]",H2O_eqm,,False
raw_fermionic_su2,,2,-74.99068146202899,0.029173334215442992,False,0.06116649999603396,2,True,False,False,100,4,1e-06,2.0094148567295633e-11,0.0,"[-75.0189278501031, -74.99034706775058, -74.9906814620089, -74.99068146202899]","[0.013704417004191782, 0.006551165999553632, 0.01025087499874644, 0.02327670800150372]",H2O_eqm,,False
raw_fermionic_su2,,3,-75.0118765333279,0.007978262916537915,False,0.05744816599326441,3,True,False,False,100,5,1e-06,6.449602096836315e-08,0.0,"[-75.01892785010313, -75.01189364886412, -75.01188345562544, -75.01187646883187, -75.0118765333279]","[0.007999625006050337, 0.006899917003465816, 0.006599209002160933, 0.01881133300048532, 0.01264745799562661]",H2O_eqm,,False
raw_fermionic_su2,,4,-75.01432296090262,0.005531835341813007,False,0.04482787500455743,4,True,False,False,100,5,1e-06,4.935287734042504e-10,0.0,"[-75.01892785010313, -75.01433460533764, -75.01431930167557, -75.01432296040909, -75.01432296090262]","[0.00912541699653957, 0.007414958003209904, 0.0069188339984975755, 0.010058374995423947, 0.0072845409958972596]",H2O_eqm,,False
raw_fermionic_su2,,5,-75.01860775198892,0.001247044255507035,True,0.04453745800128672,5,True,False,False,100,4,1e-06,1.1833307667075132e-08,0.0,"[-75.01892785010313, -75.01862145590675, -75.01860776382223, -75.01860775198892]","[0.01395924999815179, 0.00781433300289791, 0.006548792000103276, 0.012476791998778936]",H2O_eqm,,False
raw_qubit,block2_pauli,1,-74.35280978448664,0.4009810839166619,False,0.11662204199819826,1,True,False,False,100,3,1e-06,0.0,0.0,"[-74.68727166770617, -74.35280978448664, -74.35280978448664]","[0.036268542004108895, 0.02437354200083064, 0.0366070000018226]",H2O_corr,,False
raw_qubit,block2_pauli,2,-74.4813521907423,0.2724386776610004,False,0.18085708299622638,2,True,False,False,100,4,1e-06,1.4210854715202004e-14,0.0,"[-74.6872716677062, -74.48415726606495, -74.48135219074229, -74.4813521907423]","[0.05893112500052666, 0.03834895900217816, 0.028209541997057386, 0.034866624999267515]",H2O_corr,,False
raw_qubit,block2_pauli,3,-74.721299626231,0.032491242172298485,False,0.1817859170041629,3,True,False,False,100,3,1e-06,5.513243195309769e-10,0.0,"[-74.7208106446758, -74.72129962567968, -74.721299626231]","[0.07508812499872874, 0.04735837499902118, 0.0347511250001844]",H2O_corr,,False
raw_qubit,block2_pauli,4,-74.72118336713072,0.0326075012725795,False,0.21407812499819556,4,True,False,False,100,3,1e-06,5.356811527690297e-08,0.0,"[-74.72081064480105, -74.7211833135626, -74.72118336713072]","[0.11683916600304656, 0.036506042000837624, 0.03782979200332193]",H2O_corr,,False
raw_qubit,block2_pauli,5,-74.72183109139202,0.03195977701128072,False,0.3742338750016643,5,True,False,False,100,7,1e-06,4.734276615181443e-08,0.0,"[-74.72081064479524, -74.72129700067646, -74.72140957835212, -74.72182477877358, -74.72182853541759, -74.72183104404925, -74.72183109139202]","[0.07344770800409606, 0.04050170799746411, 0.06796883400238585, 0.0652517499984242, 0.04182891699747415, 0.033547499995620456, 0.03227274999517249]",H2O_corr,,False
raw_qubit,block2_pauli,6,-74.72183113044451,0.03195973795878615,False,0.2576281250003376,6,True,False,False,100,5,1e-06,3.4474126664463256e-08,0.0,"[-74.72081064479126, -74.72129962602439, -74.72182743903836, -74.72183109597039, -74.72183113044451]","[0.07157833300152561, 0.042541958995570894, 0.04062441700079944, 0.03858733300148742, 0.04607662500347942]",H2O_corr,,False
raw_qubit,block2_pauli,7,-74.72183113038145,0.03195973802185392,False,0.4337401669981773,7,True,False,False,100,6,1e-06,2.518163455533795e-11,0.0,"[-74.72081064470694, -74.721299626154, -74.72182742418636, -74.72182951255692, -74.72183113035626, -74.72183113038145]","[0.08723087500402471, 0.04547529200499412, 0.054593875000136904, 0.09664829100074712, 0.060015124996425584, 0.04938224999932572]",H2O_corr,,False
raw_qubit,block2_pauli,8,-74.72183113030411,0.031959738099189394,False,0.27292545799718937,8,True,False,False,100,5,1e-06,2.761753137292544e-07,0.0,"[-74.72081064477084, -74.72129962620778, -74.72182744215266, -74.7218308541288, -74.72183113030411]","[0.06662841700017452, 0.04456937499344349, 0.055267750001803506, 0.044120291000581346, 0.043113500003528316]",H2O_corr,,False
raw_qubit,block2_pauli,9,-74.74096632643277,0.012824541970530845,False,0.5142662079961156,9,True,False,False,100,7,1e-06,4.066714609507471e-08,0.0,"[-74.73978279740444, -74.74043030919448, -74.74079724540115, -74.74090648670739, -74.74096084921192, -74.74096628576562, -74.74096632643277]","[0.10911816600128077, 0.060890583001310006, 0.06805812499806052, 0.06940008299716283, 0.0664339589930023, 0.056525292005972005, 0.06328187499457272]",H2O_corr,,False
raw_qubit,block2_pauli,10,-74.72183113048374,0.03195973791956419,False,0.21335645900398958,10,True,False,False,100,3,1e-06,5.633495447909809e-09,0.0,"[-74.72182492476254, -74.72183112485024, -74.72183113048374]","[0.1044599999950151, 0.04616945900488645, 0.04416183300054399]",H2O_corr,,False
raw_qubit,block2_pauli,12,-74.74119242612393,0.012598442279369237,False,0.4686745829967549,12,True,False,False,100,6,1e-06,5.329403052201087e-08,0.0,"[-74.74018862632829, -74.7408777650638, -74.74093459157673, -74.74118665489978, -74.7411923728299, -74.74119242612393]","[0.10894258299958892, 0.07027620900043985, 0.06802995799807832, 0.08820441699936055, 0.061835374996007886, 0.05210241700115148]",H2O_corr,,False
raw_qubit,block2_pauli,14,-74.74101211269004,0.012778755713256373,False,0.3352175830004853,14,True,False,False,100,3,1e-06,1.6945811864843563e-07,0.0,"[-74.74019015637126, -74.74101194323192, -74.74101211269004]","[0.14751012500346405, 0.0925696659978712, 0.07695666699873982]",H2O_corr,,False
raw_qubit,block2_pauli,16,-74.7411927269555,0.012598141447796252,False,0.3716708749998361,16,True,False,False,100,3,1e-06,2.624915822480034e-07,0.0,"[-74.74019021067885, -74.74119246446392, -74.7411927269555]","[0.1750281670028926, 0.09624079199420521, 0.08141275000525638]",H2O_corr,,False
raw_qubit,block2_pauli,18,-74.74119273694295,0.012598131460350714,False,0.44587500000488944,18,True,False,False,100,3,1e-06,2.647041554837415e-07,0.0,"[-74.74019021127789, -74.7411924722388, -74.74119273694295]","[0.17154795799433487, 0.10764774999552174, 0.14867862499522744]",H2O_corr,,False
raw_qubit,block2_pauli,20,-74.7411927365498,0.01259813185349401,False,0.4435235830023885,20,True,False,False,100,3,1e-06,2.4201452220040665e-07,0.0,"[-74.74019021127789, -74.74119249453528, -74.7411927365498]","[0.175294208995183, 0.10684804199991049, 0.14246158299647504]",H2O_corr,,False
raw_qubit,block2_pauli,30,-74.74119273196797,0.012598136435329366,False,0.5329689999998664,30,True,False,False,100,3,1e-06,1.9677685259011923e-07,0.0,"[-74.74019021127789, -74.74119253519112, -74.74119273196797]","[0.17270720800297568, 0.15969608400337165, 0.18149566600186517]",H2O_corr,,False
raw_qubit,block2_pauli,40,-74.74119272716145,0.012598141241852545,False,0.5415968329980387,40,True,False,False,100,3,1e-06,1.9195444167507958e-07,0.0,"[-74.74019021127789, -74.741192535207, -74.74119272716145]","[0.17527400000108173, 0.1700476250043721, 0.17707441699894844]",H2O_corr,,False
raw_qubit,block2_pauli,50,-74.74119272716145,0.012598141241852545,False,0.5338835000002291,50,True,False,False,100,3,1e-06,1.9195444167507958e-07,0.0,"[-74.74019021127789, -74.741192535207, -74.74119272716145]","[0.1746137500012992, 0.17798662499990314, 0.16244600000209175]",H2O_corr,,False
raw_qubit,block2_pauli,60,-74.74119272716145,0.012598141241852545,False,0.4981460830022115,60,True,False,False,100,3,1e-06,1.9195444167507958e-07,0.0,"[-74.74019021127789, -74.741192535207, -74.74119272716145]","[0.17578662499727216, 0.1510206660022959, 0.1534602910032845]",H2O_corr,,False
raw_qubit,block2_pauli,70,-74.74119272716145,0.012598141241852545,False,0.535876082998584,70,True,False,False,100,3,1e-06,1.9195444167507958e-07,0.0,"[-74.74019021127789, -74.741192535207, -74.74119272716145]","[0.17546412500087172, 0.18425245800608536, 0.15644937499746447]",H2O_corr,,False
raw_qubit,block2_pauli,80,-74.74119272716145,0.012598141241852545,False,0.5150804999939282,80,True,False,False,100,3,1e-06,1.9195444167507958e-07,0.0,"[-74.74019021127789, -74.741192535207, -74.74119272716145]","[0.1725800829954096, 0.1533705830006511, 0.17021491599734873]",H2O_corr,,False
raw_qubit,block2_pauli,90,-74.74119272716145,0.012598141241852545,False,0.5216570409975247,90,True,False,False,100,3,1e-06,1.9195444167507958e-07,0.0,"[-74.74019021127789, -74.741192535207, -74.74119272716145]","[0.17593558299995493, 0.17551854100020137, 0.15128741700027604]",H2O_corr,,False
raw_qubit,block2_pauli,100,-74.74119272716145,0.012598141241852545,False,0.5501599590061232,100,True,False,False,100,3,1e-06,1.9195444167507958e-07,0.0,"[-74.74019021127789, -74.741192535207, -74.74119272716145]","[0.17539537500124425, 0.19087433299864642, 0.16467879200354218]",H2O_corr,,False
HCT_Nover2_Comm,block2_pauli,1,-74.47363444047528,0.28015642792802,False,0.33346658300433774,1,True,False,False,100,4,1e-06,1.4210854715202004e-14,0.0,"[-74.69415064722904, -74.4988714485931, -74.47363444047527, -74.47363444047528]","[0.12114304099668516, 0.030952084001910407, 0.03694687499955762, 0.037226458996883593]",H2O_corr,HCT N/2 Comm,False
HCT_Nover2_Comm,block2_pauli,2,-74.72183113602175,0.031959732381551476,False,0.4081302499980666,2,True,False,False,100,3,1e-06,3.358117339757882e-08,0.0,"[-74.72077637789026, -74.72183110244058, -74.72183113602175]","[0.2669525829987833, 0.03266162500221981, 0.03066791599849239]",H2O_corr,HCT N/2 Comm,False
HCT_Nover2_Comm,block2_pauli,3,-74.72183116155028,0.031959706853015746,False,0.3699300409934949,3,True,False,False,100,4,1e-06,1.2533206472653546e-08,0.0,"[-74.7207765578515, -74.72182943213777, -74.72183114901708, -74.72183116155028]","[0.1955623750036466, 0.04116862500086427, 0.03401083399512572, 0.033678457999485545]",H2O_corr,HCT N/2 Comm,False
HCT_Nover2_Comm,block2_pauli,4,-74.72183113346992,0.031959734933380446,False,0.36279875000036554,4,True,False,False,100,3,1e-06,1.3204254400989157e-07,0.0,"[-74.72178904539031, -74.72183100142738, -74.72183113346992]","[0.1922035839961609, 0.05391595800028881, 0.04878024999925401]",H2O_corr,HCT N/2 Comm,False
HCT_Nover2_Comm,block2_pauli,5,-74.75303010383672,0.0007607645665785867,True,0.6213737080033752,5,True,False,False,100,5,1e-06,4.0119270749983116e-07,0.0,"[-74.74953083955741, -74.75289229204245, -74.7530356956951, -74.75303050502943, -74.75303010383672]","[0.33670920800068416, 0.055157208000309765, 0.05427645800227765, 0.05379216699657263, 0.050318542002059985]",H2O_corr,HCT N/2 Comm,False
HCT_N_Comm,block2_pauli,1,-74.51600548431814,0.23778538408515715,False,0.3117818749960861,1,True,False,False,100,7,1e-06,4.5572845408514695e-07,0.0,"[-74.70164300009445, -74.47072724683727, -74.51290972480959, -74.51613672973271, -74.51617798435943, -74.51600502858969, -74.51600548431814]","[0.059330415999284014, 0.036478457994235214, 0.04548649999924237, 0.03672487499716226, 0.036704375001136214, 0.030954958994698245, 0.03426966600090964]",H2O_corr,HCT N Comm,False
HCT_N_Comm,block2_pauli,2,-74.7218311150938,0.03195975330949352,False,0.2990073749970179,2,True,False,False,100,5,1e-06,1.9071467249887064e-07,0.0,"[-74.72147566367178, -74.72177132121823, -74.72182887458611, -74.72183092437913, -74.7218311150938]","[0.11450504200183786, 0.04240866699547041, 0.039984708004340064, 0.03703050000331132, 0.032320332997187506]",H2O_corr,HCT N Comm,False
HCT_N_Comm,block2_pauli,3,-74.74769637801452,0.006094490388775853,False,0.7523319579995587,3,True,False,False,100,13,1e-06,8.235139148382586e-07,0.0,"[-74.73655520242536, -74.73408898980438, -74.74917620702357, -74.74728242522343, -74.74753363524938, -74.74776794139164, -74.74787082638139, -74.74772307164241, -74.74773223847109, -74.74770453063462, -74.74770633282623, -74.74769555450061, -74.74769637801452]","[0.17633191699860618, 0.04800508300104411, 0.0409968750027474, 0.039213042000483256, 0.03973966600460699, 0.04233537500113016, 0.03919395800039638, 0.057650000002468005, 0.05330641599721275, 0.04106399999727728, 0.05377500000031432, 0.039765333000104874, 0.04896704099519411]",H2O_corr,HCT N Comm,False
HCT_N_Comm,block2_pauli,4,-74.75293450409816,0.0008563643051360259,True,0.40934491600637557,4,True,False,False,100,4,1e-06,1.0822986951097846e-10,0.0,"[-74.74193383949144, -74.75238765101331, -74.75293450398993, -74.75293450409816]","[0.20284683300269535, 0.05916537499433616, 0.04801791600038996, 0.053703083998698276]",H2O_corr,HCT N Comm,False
Pauli_BLISS+HCT_N_Comm,block2_pauli,1,-74.73809399664025,0.015696871763054787,False,0.38209662500594277,1,True,False,False,100,4,1e-06,1.2673240235017147e-10,0.0,"[-74.7490739221177, -74.72270329658912, -74.73809399651351, -74.73809399664025]","[0.16677300000446849, 0.052805082996201236, 0.03710029200010467, 0.045444082999893]",H2O_corr,Pauli BLISS+HCT N Comm,False
Pauli_BLISS+HCT_N_Comm,block2_pauli,2,-74.74712641183325,0.0066644565700499925,False,0.4657809999989695,2,True,False,False,100,4,1e-06,4.973799150320701e-11,0.0,"[-74.75066238557058, -74.74689470815039, -74.74712641178351, -74.74712641183325]","[0.27622120900196023, 0.04385879199980991, 0.04177745799825061, 0.04331366700353101]",H2O_corr,Pauli BLISS+HCT N Comm,False
Pauli_BLISS+HCT_N_Comm,block2_pauli,3,-74.75152631567353,0.0022645527297697754,False,0.7343768339997041,3,True,False,False,100,6,1e-06,3.387645648444959e-07,0.0,"[-74.75183648115917, -74.75137446959023, -74.75151669546769, -74.75151460391709, -74.75152597690897, -74.75152631567353]","[0.32506008399650455, 0.0866365840047365, 0.07326658300007693, 0.09176087500236463, 0.05005179200088605, 0.05196175000310177]",H2O_corr,Pauli BLISS+HCT N Comm,False
Pauli_BLISS+HCT_N_Comm,block2_pauli,4,-74.75291817918885,0.0008726892144466092,True,0.6494652920009685,4,True,False,False,100,4,1e-06,1.1389478515866358e-07,0.0,"[-74.7530635874364, -74.75306143918873, -74.75291806529407, -74.75291817918885]","[0.3653852499992354, 0.0753738749990589, 0.07111654199979967, 0.07134275000134949]",H2O_corr,Pauli BLISS+HCT N Comm,False
BS_Nover2_Comm,block2_pauli,1,-74.72182883444603,0.03196203395727082,False,0.17212104100326542,1,True,False,False,100,3,1e-06,5.868078574167157e-07,0.0,"[-74.72181075297148, -74.72182824763817, -74.72182883444603]","[0.0590556250026566, 0.03799254199839197, 0.03413008299685316]",H2O_corr,BS N/2 Comm,False
BS_Nover2_Comm,block2_pauli,2,-74.72183115527366,0.031959713129637635,False,0.2122711249976419,2,True,False,False,100,4,1e-06,1.3404132914729416e-08,0.0,"[-74.72181197291337, -74.72182985549584, -74.72183114186953, -74.72183115527366]","[0.0723755830040318, 0.04438175000541378, 0.030612374997872394, 0.039557792006235104]",H2O_corr,BS N/2 Comm,False
BS_Nover2_Comm,block2_pauli,3,-74.72183116058969,0.03195970781361268,False,0.16558762500062585,3,True,False,False,100,3,1e-06,2.7671774205373367e-08,0.0,"[-74.72182842086808, -74.72183113291791, -74.72183116058969]","[0.06357658300112234, 0.03883499999938067, 0.029711208000662737]",H2O_corr,BS N/2 Comm,False
BS_Nover2_Comm,block2_pauli,4,-74.72183115501574,0.03195971338756465,False,0.15615641600015806,4,True,False,False,100,3,1e-06,2.929949971530732e-08,0.0,"[-74.72182861946251, -74.72183112571624, -74.72183115501574]","[0.06057433300156845, 0.03650333400582895, 0.0323788749956293]",H2O_corr,BS N/2 Comm,False
BS_Nover2_Comm,block2_pauli,5,-74.7218311601817,0.03195970822160632,False,0.17911195799388224,5,True,False,False,100,3,1e-06,2.4133171905305062e-08,0.0,"[-74.72182514356076, -74.72183113604852, -74.7218311601817]","[0.06368912500329316, 0.04809245800424833, 0.04022462500142865]",H2O_corr,BS N/2 Comm,False
BS_Nover2_Comm,block2_pauli,6,-74.72183116116966,0.03195970723363928,False,0.19531608300167136,6,True,False,False,100,3,1e-06,2.511197294552403e-08,0.0,"[-74.72183007110529, -74.72183113605769, -74.72183116116966]","[0.08068249999632826, 0.041112208004051354, 0.04306062500108965]",H2O_corr,BS N/2 Comm,False
BS_Nover2_Comm,block2_pauli,7,-74.72183115964597,0.03195970875732712,False,0.22026691700011725,7,True,False,False,100,3,1e-06,2.3576745888931327e-08,0.0,"[-74.72183007111063, -74.72183113606923, -74.72183115964597]","[0.10420720799447736, 0.047378707997268066, 0.04153116700035753]",H2O_corr,BS N/2 Comm,False
BS_Nover2_Comm,block2_pauli,8,-74.72183115598042,0.031959712422874986,False,0.268289208994247,8,True,False,False,100,3,1e-06,1.7083863212974393e-08,0.0,"[-74.72182980363463, -74.72183113889656, -74.72183115598042]","[0.0750126659986563, 0.108446999998705, 0.057886082999175414]",H2O_corr,BS N/2 Comm,False
BS_Nover2_Comm,block2_pauli,9,-74.72183113906124,0.031959729342062815,False,0.370017082997947,9,True,False,False,100,2,1e-06,9.373330414064185e-07,0.0,"[-74.7218302017282, -74.72183113906124]","[0.2489403330037021, 0.09103487500397023]",H2O_corr,BS N/2 Comm,False
BS_Nover2_Comm,block2_pauli,10,-74.72183113906704,0.031959729336264786,False,0.18311358299979474,10,True,False,False,100,2,1e-06,9.372139260221957e-07,0.0,"[-74.72183020185311, -74.72183113906704]","[0.08715195900003891, 0.06400399999984074]",H2O_corr,BS N/2 Comm,False
BS_Nover2_Comm,block2_pauli,12,-74.72183113912256,0.03195972928074298,False,0.1972094999946421,12,True,False,False,100,2,1e-06,9.372692346687472e-07,0.0,"[-74.72183020185332, -74.72183113912256]","[0.10552520900091622, 0.05753733299934538]",H2O_corr,BS N/2 Comm,False
BS_Nover2_Comm,block2_pauli,14,-74.72183113913118,0.03195972927211699,False,0.18317891699553002,14,True,False,False,100,2,1e-06,9.372778890792688e-07,0.0,"[-74.7218302018533, -74.72183113913118]","[0.09125437500188127, 0.06096650000108639]",H2O_corr,BS N/2 Comm,False
BS_Nover2_Comm,block2_pauli,16,-74.7218311391312,0.03195972927210278,False,0.16493045799870742,16,True,False,False,100,2,1e-06,9.372779032901235e-07,0.0,"[-74.7218302018533, -74.7218311391312]","[0.08196829199732747, 0.05321266699320404]",H2O_corr,BS N/2 Comm,False
BS_Nover2_Comm,block2_pauli,18,-74.7218311391312,0.03195972927210278,False,0.17611629100429127,18,True,False,False,100,2,1e-06,9.372779032901235e-07,0.0,"[-74.7218302018533, -74.7218311391312]","[0.08956954199675238, 0.05642208399513038]",H2O_corr,BS N/2 Comm,False
BS_Nover2_Comm,block2_pauli,20,-74.7218311391312,0.03195972927210278,False,0.17797804200381506,20,True,False,False,100,2,1e-06,9.372779032901235e-07,0.0,"[-74.7218302018533, -74.7218311391312]","[0.08477137499721721, 0.0628735000063898]",H2O_corr,BS N/2 Comm,False
BS_Nover2_Comm,block2_pauli,30,-74.7218311391312,0.03195972927210278,False,0.19275545900018187,30,True,False,False,100,2,1e-06,9.372779032901235e-07,0.0,"[-74.7218302018533, -74.7218311391312]","[0.09713425000518328, 0.06524737499421462]",H2O_corr,BS N/2 Comm,False
BS_Nover2_Comm,block2_pauli,40,-74.7218311391312,0.03195972927210278,False,0.20612650000111898,40,True,False,False,100,2,1e-06,9.372779032901235e-07,0.0,"[-74.7218302018533, -74.7218311391312]","[0.08228349999990314, 0.10092337499372661]",H2O_corr,BS N/2 Comm,False
BS_Nover2_Comm,block2_pauli,50,-74.7218311391312,0.03195972927210278,False,0.1576960410020547,50,True,False,False,100,2,1e-06,9.372779032901235e-07,0.0,"[-74.7218302018533, -74.7218311391312]","[0.08218124999984866, 0.052138625003863126]",H2O_corr,BS N/2 Comm,False
BS_Nover2_Comm,block2_pauli,60,-74.7218311391312,0.03195972927210278,False,0.1457771249988582,60,True,False,False,100,2,1e-06,9.372779032901235e-07,0.0,"[-74.7218302018533, -74.7218311391312]","[0.0772479579973151, 0.046297832996060606]",H2O_corr,BS N/2 Comm,False
BS_Nover2_Comm,block2_pauli,70,-74.7218311391312,0.03195972927210278,False,0.14703641700180015,70,True,False,False,100,2,1e-06,9.372779032901235e-07,0.0,"[-74.7218302018533, -74.7218311391312]","[0.07861262499500299, 0.04675666699768044]",H2O_corr,BS N/2 Comm,False
BS_Nover2_Comm,block2_pauli,80,-74.7218311391312,0.03195972927210278,False,0.15676708400133066,80,True,False,False,100,2,1e-06,9.372779032901235e-07,0.0,"[-74.7218302018533, -74.7218311391312]","[0.08276245900196955, 0.05115329199907137]",H2O_corr,BS N/2 Comm,False
BS_Nover2_Comm,block2_pauli,90,-74.7218311391312,0.03195972927210278,False,0.1588184159991215,90,True,False,False,100,2,1e-06,9.372779032901235e-07,0.0,"[-74.7218302018533, -74.7218311391312]","[0.08122195799660403, 0.054549749998841435]",H2O_corr,BS N/2 Comm,False
BS_Nover2_Comm,block2_pauli,100,-74.7218311391312,0.03195972927210278,False,0.15550708399678115,100,True,False,False,100,2,1e-06,9.372779032901235e-07,0.0,"[-74.7218302018533, -74.7218311391312]","[0.0774757920007687, 0.05564016599964816]",H2O_corr,BS N/2 Comm,False
BS_N_Comm,block2_pauli,1,-74.73063230064942,0.023158567753881698,False,0.3147358339992934,1,True,False,False,100,6,1e-06,1.1510792319313623e-12,0.0,"[-74.75154130064422, -74.73026854679317, -74.73062212121096, -74.7306295509666, -74.73063230065057, -74.73063230064942]","[0.0910222500024247, 0.03874658299901057, 0.03962183299881872, 0.03882191600132501, 0.03441541700158268, 0.03556633300468093]",H2O_corr,BS N Comm,False
BS_N_Comm,block2_pauli,2,-74.74134714422155,0.012443724181750326,False,0.25142441599746235,2,True,False,False,100,4,1e-06,1.226112544827629e-10,0.0,"[-74.75317467936222, -74.7258165853278, -74.74134714434416, -74.74134714422155]","[0.0847963330015773, 0.05239666599663906, 0.036423709003429394, 0.037002791999839246]",H2O_corr,BS N Comm,False
BS_N_Comm,block2_pauli,3,-74.74741443040553,0.006376437997772655,False,0.26674016600009054,3,True,False,False,100,4,1e-06,2.9760371944576036e-10,0.0,"[-74.75327651971622, -74.74858798009208, -74.74741443010792, -74.74741443040553]","[0.0943822920016828, 0.0580292910017306, 0.04050775000359863, 0.04149966700060759]",H2O_corr,BS N Comm,False
BS_N_Comm,block2_pauli,4,-74.75278120171373,0.0010096666895691442,True,0.2651273340015905,4,True,False,False,100,3,1e-06,5.819565132014759e-07,0.0,"[-74.75345364164683, -74.75278178367024, -74.75278120171373]","[0.1032480830035638, 0.07715058300527744, 0.053019792001578026]",H2O_corr,BS N Comm,False
HCT_N_Comm_Fiedler,block2_pauli,1,-74.7218290795382,0.03196178886510381,False,0.2622288330021547,1,True,False,False,100,4,1e-06,3.198152853656211e-09,0.0,"[-74.72172712983803, -74.72172463596054, -74.72182907634004, -74.7218290795382]","[0.11049520799861057, 0.03377166699647205, 0.04217037500347942, 0.04506391599716153]",H2O_corr,HCT N Comm,True
HCT_N_Comm_Fiedler,block2_pauli,2,-74.7418436369135,0.011947231489799037,False,0.6629959999991115,2,True,False,False,100,12,1e-06,8.173562093816145e-07,0.0,"[-74.75352881107466, -74.74699083946405, -74.74269312070824, -74.74267706029241, -74.74212670488143, -74.74211489552127, -74.74194016337626, -74.74193498923843, -74.7418708939652, -74.74186881899534, -74.74184445426971, -74.7418436369135]","[0.19712716699723387, 0.041563332997611724, 0.0401257080011419, 0.039441458000510465, 0.0398804159995052, 0.03995379099796992, 0.035342000002856366, 0.03656345899798907, 0.035753208001551684, 0.03696237500116695, 0.03456620799988741, 0.04919316599989543]",H2O_corr,HCT N Comm,True
HCT_N_Comm_Fiedler,block2_pauli,3,-74.74858184671672,0.005209021686582105,False,0.5229295830067713,3,True,False,False,100,5,1e-06,3.251578846175107e-07,0.0,"[-74.75355478041806, -74.75014596679762, -74.75019854035847, -74.7485821718746, -74.74858184671672]","[0.281883250005194, 0.05696904200158315, 0.05109995800012257, 0.05416304199752631, 0.05057370800204808]",H2O_corr,HCT N Comm,True
HCT_N_Comm_Fiedler,block2_pauli,4,-74.75341466952092,0.0003761988823782758,True,0.5815388330011046,4,True,False,False,100,4,1e-06,3.982322027695773e-09,0.0,"[-74.75363364283376, -74.7534023813196, -74.75341467350324, -74.75341466952092]","[0.32113208399823634, 0.07254325000394601, 0.07938399999693502, 0.0816172920021927]",H2O_corr,HCT N Comm,True
BS_N_Comm_Fiedler,block2_pauli,1,-74.73136140925257,0.022429459150728803,False,0.34315512500324985,1,True,False,False,100,4,1e-06,1.1736744909285335e-10,0.0,"[-74.75155132947759, -74.72842395736137, -74.7313614091352, -74.73136140925257]","[0.1919730840018019, 0.03838724999513943, 0.03812024999933783, 0.0411596250050934]",H2O_corr,BS N Comm,True
BS_N_Comm_Fiedler,block2_pauli,2,-74.75050887737179,0.0032819910315140532,False,0.577586291001353,2,True,False,False,100,6,1e-06,4.838561409314934e-07,0.0,"[-74.75254798852512, -74.75003107215694, -74.75046123959342, -74.75046906607504, -74.75050839351564, -74.75050887737179]","[0.30616395799734164, 0.043502250002347864, 0.038951417001953814, 0.038869374999194406, 0.03842629199789371, 0.039344042001175694]",H2O_corr,BS N Comm,True
BS_N_Comm_Fiedler,block2_pauli,3,-74.7519323141685,0.0018585542348006356,False,0.7393637499990291,3,True,False,False,100,6,1e-06,2.2331497007144208e-07,0.0,"[-74.75335262774874, -74.75209681805046, -74.75193929182304, -74.7519424096252, -74.75193209085353, -74.7519323141685]","[0.4177326670032926, 0.0610469169987482, 0.053072000002430286, 0.05416829199384665, 0.05136858400510391, 0.06758679199992912]",H2O_corr,BS N Comm,True
BS_N_Comm_Fiedler,block2_pauli,4,-74.75303110923124,0.0007597591720553964,True,0.7739983330029645,4,True,False,False,100,4,1e-06,3.573262574718683e-09,0.0,"[-74.75367763363099, -74.75295912443812, -74.7530311128045, -74.75303110923124]","[0.4902249579972704, 0.07561366700247163, 0.07481979099975433, 0.0752704169935896]",H2O_corr,BS N Comm,True
raw_fermionic_su2,,1,-74.48095573176263,0.2728351366406656,False,0.023843124996346887,1,True,False,False,100,3,1e-06,0.0,0.0,"[-74.6872716677062, -74.48095573176263, -74.48095573176263]","[0.0069717910009785555, 0.007229832997836638, 0.00579266699787695]",H2O_corr,,False
raw_fermionic_su2,,2,-74.59782159064208,0.1559692777612156,False,0.08217783299915027,2,True,False,False,100,6,1e-06,5.6559201766503975e-12,0.0,"[-74.6872716677062, -74.59662484801004, -74.50667833906877, -74.59663138743328, -74.59782159063643, -74.59782159064208]","[0.009690458005934488, 0.013660208001965657, 0.00660424999659881, 0.006590083998162299, 0.010341499997593928, 0.030828749993816018]",H2O_corr,,False
raw_fermionic_su2,,3,-74.75065400948412,0.0031368589191771434,False,0.02598629199928837,3,True,False,False,100,2,1e-06,7.23474613550934e-11,0.0,"[-74.75065400955647, -74.75065400948412]","[0.009313999995356426, 0.007857625001634005]",H2O_corr,,False
raw_fermionic_su2,,4,-74.75219562255278,0.001595245850523952,True,0.027231917003518902,4,True,False,False,100,2,1e-06,1.3940848475613166e-11,0.0,"[-74.75219562256672, -74.75219562255278]","[0.01676104099897202, 0.006771583997760899]",H2O_corr,,False
raw_qubit,block2_pauli,1,-74.73308083271489,0.004658984645601549,False,0.09655895800096914,1,True,False,False,100,3,1e-06,0.0,0.0,"[-74.73773022812922, -74.73308083271489, -74.73308083271489]","[0.026913624998996966, 0.023872582998592407, 0.034137957998609636]",H2O_diss,,False
raw_qubit,block2_pauli,2,-74.73550995318047,0.0022298641800233554,False,0.13589016699552303,2,True,False,False,100,3,1e-06,0.0,0.0,"[-74.73773022812922, -74.73550995318047, -74.73550995318047]","[0.05053504199895542, 0.033923750001122244, 0.03796541599876946]",H2O_diss,,False
raw_qubit,block2_pauli,3,-74.73725087305593,0.0004889443045641428,True,0.1247547079983633,3,True,False,False,100,3,1e-06,3.1525958377187635e-07,0.0,"[-74.73773022812922, -74.73725055779634, -74.73725087305593]","[0.036864999994577374, 0.035000083000340965, 0.038286208000499755]",H2O_diss,,False
HCT_Nover2_Comm,block2_pauli,1,-74.73697627425682,0.0007635431036732143,True,0.15263637499447213,1,True,False,False,100,3,1e-06,1.4210854715202004e-14,0.0,"[-74.73773022812925, -74.7369762742568, -74.73697627425682]","[0.05792887500138022, 0.048993500000506174, 0.032959957999992184]",H2O_diss,HCT N/2 Comm,False
HCT_N_Comm,block2_pauli,1,-74.7369481969697,0.0007916203907853969,True,0.20357270800013794,1,True,False,False,100,4,1e-06,1.4210854715202004e-14,0.0,"[-74.7377302368607, -74.73661177018806, -74.73694819696969, -74.7369481969697]","[0.04693458400288364, 0.049254458004725166, 0.042410290996485855, 0.0452415409963578]",H2O_diss,HCT N Comm,False
Pauli_BLISS+HCT_N_Comm,block2_pauli,1,-74.73697627509699,0.0007635422634990618,True,0.1971275410032831,1,True,False,False,100,3,1e-06,1.4210854715202004e-14,0.0,"[-74.73773052504924, -74.73697627509698, -74.73697627509699]","[0.044502082993858494, 0.0817801250013872, 0.05338149999442976]",H2O_diss,Pauli BLISS+HCT N Comm,False
BS_Nover2_Comm,block2_pauli,1,-74.73552983180329,0.0022099855572008664,False,0.16198658300709212,1,True,False,False,100,4,1e-06,2.4065371917458833e-09,0.0,"[-74.73773022812921, -74.73551545906727, -74.73552982939675, -74.73552983180329]","[0.043566374995862134, 0.030655208000098355, 0.03316791699762689, 0.03890470800251933]",H2O_diss,BS N/2 Comm,False
BS_Nover2_Comm,block2_pauli,2,-74.7374775390259,0.0002622783345884727,True,0.18012816699774703,2,True,False,False,100,5,1e-06,2.7912960831599776e-09,0.0,"[-74.73773022812921, -74.73681483152012, -74.73727179296112, -74.7374775362346, -74.7374775390259]","[0.03407987499667797, 0.030033333001483697, 0.03713850000349339, 0.03078537499823142, 0.0256312080018688]",H2O_diss,BS N/2 Comm,False
BS_N_Comm,block2_pauli,1,-74.73696258821094,0.0007772291495484751,True,0.5123307500034571,1,True,False,False,100,12,1e-06,1.8336042728606117e-07,0.0,"[-74.7377302324862, -74.69721069417477, -74.7180606620428, -74.73258367375438, -74.73591527976066, -74.73650239737361, -74.73685627261213, -74.73689445117898, -74.73694244126858, -74.73694583634621, -74.73696240485052, -74.73696258821094]","[0.03261916700284928, 0.0798912080063019, 0.034321041996008717, 0.04008112500014249, 0.04516283299744828, 0.04882783300126903, 0.03224562499963213, 0.03595754200068768, 0.027444040999398567, 0.03354895800293889, 0.044305250004981644, 0.037952041006064974]",H2O_diss,BS N Comm,False
HCT_N_Comm_Fiedler,block2_pauli,1,-74.73724824501798,0.0004915723425114038,True,0.17138700000214158,1,True,False,False,100,4,1e-06,3.497291345411213e-11,0.0,"[-74.73773022813555, -74.735994377448, -74.73724824498301, -74.73724824501798]","[0.04712695800117217, 0.03542649999872083, 0.032660417004080955, 0.03661212500446709]",H2O_diss,HCT N Comm,True
BS_N_Comm_Fiedler,block2_pauli,1,-74.73574314949266,0.0019966678678287053,False,0.1824503329989966,1,True,False,False,100,5,1e-06,1.2342115951469168e-07,0.0,"[-74.73773022854527, -74.7354942086057, -74.73570978824762, -74.7357430260715, -74.73574314949266]","[0.03954399999929592, 0.033425082998292055, 0.029382458997133654, 0.03147266700398177, 0.03187774999969406]",H2O_diss,BS N Comm,True
BS_N_Comm_Fiedler,block2_pauli,2,-74.73726358270649,0.000476234654001928,True,0.34601166599895805,2,True,False,False,100,9,1e-06,5.282773400949736e-07,0.0,"[-74.7377368675493, -74.73550875450418, -74.73678611639995, -74.73720744954302, -74.73723685992374, -74.73725870364288, -74.73726164078317, -74.73726305442915, -74.73726358270649]","[0.043654916997184046, 0.03583058300137054, 0.039120125002227724, 0.0385882090049563, 0.0377558339969255, 0.03948758300248301, 0.028225666996149812, 0.03209808399697067, 0.03359154200006742]",H2O_diss,BS N Comm,True
raw_fermionic_su2,,1,-74.73113565570132,0.0066041616591689944,False,0.031079374995897524,1,True,False,False,100,3,1e-06,0.0,0.0,"[-74.73773022812907, -74.73113565570132, -74.73113565570132]","[0.009667541999078821, 0.006314666003163438, 0.010549124999670312]",H2O_diss,,False
raw_fermionic_su2,,2,-74.73738804210578,0.00035177525471397075,True,0.031515624999883585,2,True,False,False,100,3,1e-06,7.470546847798687e-09,0.0,"[-74.73773022812907, -74.73738804957632, -74.73738804210578]","[0.009388375001435634, 0.010999916994478554, 0.0065450420006527565]",H2O_diss,,False
raw_qubit,block2_pauli,1,-107.49650051179765,0.15762193572489025,False,0.21217125000111992,1,True,False,False,100,3,1e-06,0.0,0.0,"[-107.6416702478832, -107.49650051179765, -107.49650051179765]","[0.05657116600195877, 0.06011545899673365, 0.06442995800171047]",N2_eqm,,False
raw_qubit,block2_pauli,2,-107.53451950226793,0.11960294525461279,False,0.29751829199813074,2,True,False,False,100,4,1e-06,0.0,0.0,"[-107.64167024788321, -107.53735933751364, -107.53451950226793, -107.53451950226793]","[0.07418266699824017, 0.07643166699563153, 0.05485637499805307, 0.05429362499853596]",N2_eqm,,False
raw_qubit,block2_pauli,3,-107.57576851812334,0.07835392939919927,False,0.3862014590049512,3,True,False,False,100,6,1e-06,6.078487615468475e-07,0.0,"[-107.64167024788321, -107.5741652276219, -107.57470518936617, -107.57468355516276, -107.57576791027458, -107.57576851812334]","[0.08271033400524175, 0.06076820899761515, 0.05413550000230316, 0.050548833001812454, 0.052245958999264985, 0.049821291999251116]",N2_eqm,,False
raw_qubit,block2_pauli,4,-107.58678772514861,0.06733472237392846,False,0.3937587500040536,4,True,False,False,100,6,1e-06,8.278341283585178e-07,0.0,"[-107.64167024788321, -107.5851942035796, -107.58583780348107, -107.58593220299241, -107.58678689731448, -107.58678772514861]","[0.07897829200373963, 0.05031845800112933, 0.053691084001911804, 0.051962250006909017, 0.05184949999966193, 0.07422654199763201]",N2_eqm,,False
raw_qubit,block2_pauli,5,-107.59882892766572,0.05529351985681785,False,0.5744903749946388,5,True,False,False,100,8,1e-06,6.631151450164907e-08,0.0,"[-107.64167024788321, -107.59898687956155, -107.59913189787972, -107.59914148994167, -107.59911299707673, -107.59911485837986, -107.59882899397724, -107.59882892766572]","[0.07303999999567168, 0.05678845800139243, 0.06928195899672573, 0.07225012499839067, 0.08617620899894973, 0.06298149999929592, 0.051574832999904174, 0.05898387499473756]",N2_eqm,,False
raw_qubit,block2_pauli,6,-107.60140524472493,0.052717202797609275,False,0.40632524999819,6,True,False,False,100,6,1e-06,2.854169167676446e-07,0.0,"[-107.64167024788321, -107.60120459797396, -107.60124724662134, -107.60125138783549, -107.60140495930801, -107.60140524472493]","[0.08056720899912762, 0.05478683399996953, 0.05562570899928687, 0.061982540995813906, 0.05719062499701977, 0.05524212500313297]",N2_eqm,,False
raw_qubit,block2_pauli,7,-107.61145915476072,0.042663292761815796,False,0.35687258299731184,7,True,False,False,100,5,1e-06,3.0667314376842114e-07,0.0,"[-107.64167024788321, -107.61120259913764, -107.61145382003313, -107.61145884808758, -107.61145915476072]","[0.08325154199701501, 0.06277266600227449, 0.05860095800017007, 0.05987141600053292, 0.060430833997088484]",N2_eqm,,False
raw_qubit,block2_pauli,8,-107.61062318373874,0.04349926378380076,False,0.5223735420004232,8,True,False,False,100,8,1e-06,6.48652189738641e-08,0.0,"[-107.64167024788321, -107.6105408431228, -107.61069036603152, -107.6106882301458, -107.61056007319928, -107.61057076454566, -107.61062324860396, -107.61062318373874]","[0.07426604199281428, 0.05614795900328318, 0.05803941700287396, 0.06141466699773446, 0.060998667002422735, 0.059382332998211496, 0.060164000002259854, 0.05767391600238625]",N2_eqm,,False
raw_qubit,block2_pauli,9,-107.61604584444535,0.03807660307718663,False,0.4754861670007813,9,True,False,False,100,6,1e-06,6.597482524739462e-07,0.0,"[-107.64167024788321, -107.61585090198099, -107.61601519263122, -107.61604106967087, -107.6160451846971, -107.61604584444535]","[0.08402475000184495, 0.06683054099994479, 0.06558483399567194, 0.0657399580013589, 0.09695887499401579, 0.06305012499797158]",N2_eqm,,False
raw_qubit,block2_pauli,10,-107.61841259622551,0.035709851297028194,False,0.5924027919973014,10,True,False,False,100,8,1e-06,1.774098876694552e-07,0.0,"[-107.64167024788321, -107.61832996285527, -107.61842330108618, -107.61855410900804, -107.61843254885412, -107.6184349067612, -107.61841241881562, -107.61841259622551]","[0.08403154100233223, 0.069367541000247, 0.06451949999609496, 0.06893262499943376, 0.06757829200068954, 0.06611074999818811, 0.0704412909981329, 0.06824887499533361]",N2_eqm,,False
raw_qubit,block2_pauli,12,-107.62640558165023,0.02771686587230704,False,0.4216495830041822,12,True,False,False,100,5,1e-06,9.009696100292786e-08,0.0,"[-107.64167024788321, -107.62630211442558, -107.62632913308886, -107.62640549155327, -107.62640558165023]","[0.09535762499581324, 0.07230758300283924, 0.07193491599900881, 0.07388195800012909, 0.07604129199899035]",N2_eqm,,False
raw_qubit,block2_pauli,14,-107.63155123234185,0.022571215180690274,False,0.7484531669979333,14,True,False,False,100,8,1e-06,4.164348865742795e-10,0.0,"[-107.64167024788321, -107.6315431617407, -107.6313128261657, -107.63133774784212, -107.63133901696878, -107.63147666766406, -107.63155123275828, -107.63155123234185]","[0.08707624999806285, 0.08600337499956368, 0.08647358300368069, 0.08843945799890207, 0.0897870829940075, 0.08914754199940944, 0.09027112500189105, 0.09758091700496152]",N2_eqm,,False
raw_qubit,block2_pauli,16,-107.63757738369594,0.01654506382659804,False,0.478543791003176,16,True,False,False,100,5,1e-06,4.139906479849742e-07,0.0,"[-107.64167024788321, -107.63812589797509, -107.63757375371011, -107.63757779768659, -107.63757738369594]","[0.09133008400385734, 0.08363729099801276, 0.09106874999997672, 0.0885282079980243, 0.0921809170031338]",N2_eqm,,False
raw_qubit,block2_pauli,18,-107.63959296375572,0.014529483766821727,False,0.4815617919957731,18,True,False,False,100,4,1e-06,2.6368125816134125e-07,0.0,"[-107.64167024788321, -107.64010211831288, -107.63959270007446, -107.63959296375572]","[0.0993372079974506, 0.12669295800151303, 0.1105160410006647, 0.1141213750015595]",N2_eqm,,False
raw_qubit,block2_pauli,20,-107.64081244186134,0.013310005661196556,False,0.46161558300082106,20,True,False,False,100,4,1e-06,1.6240541356182803e-07,0.0,"[-107.64167024788321, -107.64080851503545, -107.64081227945593, -107.64081244186134]","[0.10204983400035417, 0.10898370900395093, 0.11175866599660367, 0.10819091600569664]",N2_eqm,,False
raw_qubit,block2_pauli,30,-107.64980180658276,0.0043206409397811285,False,6.462379415999749,30,True,False,False,100,22,1e-06,7.548328539996874e-08,0.0,"[-107.64167024788321, -107.64334318822105, -107.64384409401111, -107.64509824132477, -107.64734918660821, -107.64794162517288, -107.6485539023216, -107.64872123255628, -107.64937662347893, -107.64981588799988, -107.64993824016321, -107.64963998136301, -107.64965730377065, -107.64973225655658, -107.64973658099937, -107.6499104162364, -107.64991342067603, -107.64996059208028, -107.64978680350004, -107.64980032341263, -107.64980188206604, -107.64980180658276]","[0.12156216700532241, 0.21008820900169667, 0.3139470419991994, 0.3486448749972624, 0.2945564170004218, 0.3068270419971668, 0.3006927500027814, 0.3083764170005452, 0.2913846670053317, 0.3210940830031177, 0.30766954199498286, 0.3043780419975519, 0.29763824999827193, 0.28324120799516095, 0.29346512500342214, 0.2946281250042375, 0.3278215839964105, 0.3260845420008991, 0.2943850410010782, 0.2813393750038813, 0.3012694169956376, 0.2946461250030552]",N2_eqm,,False
raw_qubit,block2_pauli,40,-107.65132305295484,0.0027993945677025067,False,8.532720915995014,40,True,False,False,100,20,1e-06,4.580738419690533e-07,0.0,"[-107.64167024788321, -107.64257411354598, -107.6434855877942, -107.64761981625246, -107.64946264747908, -107.65046115455267, -107.65106034369163, -107.65113780906611, -107.65133484817741, -107.65131925841982, -107.65134417887313, -107.65128064456445, -107.651287330551, -107.65128172236317, -107.651287519074, -107.65130096831487, -107.6513117888708, -107.65131664606614, -107.65132351102868, -107.65132305295484]","[0.13329345900274348, 0.2704775000020163, 0.5429508750021341, 0.6023541660033516, 0.5181403329988825, 0.47329716599779204, 0.4600257919955766, 0.4554425419992185, 0.441388042003382, 0.4234434589961893, 0.4254437909985427, 0.4168561670012423, 0.42011291599919787, 0.40438183399965055, 0.4177056669941521, 0.41052625000156695, 0.4238742919987999, 0.40850804100045934, 0.43545266699948115, 0.4103294169981382]",N2_eqm,,False
raw_qubit,block2_pauli,50,-107.65283105680943,0.0012913907131064661,True,11.49549074999959,50,True,False,False,100,14,1e-06,7.585003203303131e-07,0.0,"[-107.64167024788321, -107.6427107846688, -107.64390714662618, -107.64969457166612, -107.65154257725627, -107.6525810954223, -107.65278706213462, -107.65276730676419, -107.65276916919757, -107.65282180105265, -107.65282695927365, -107.65282899563593, -107.65283029830911, -107.65283105680943]","[0.1332567499994184, 0.35814741699869046, 0.9171953330005636, 1.294016667001415, 0.885498750001716, 1.0416474580051727, 0.8902077910024673, 1.0435183749941643, 0.8288174999979674, 0.8686908339950605, 0.7870482920043287, 0.8477326249994803, 0.7623641669997596, 0.7998051250033313]",N2_eqm,,False
HCT_Nover2_Comm,block2_pauli,1,-107.53320237350621,0.12092007401632543,False,0.29908766700100387,1,True,False,False,100,3,1e-06,1.2402284710333333e-07,0.0,"[-107.64167037537268, -107.53320249752906, -107.53320237350621]","[0.1007798329956131, 0.06937537500198232, 0.07406683400040492]",N2_eqm,HCT N/2 Comm,False
HCT_Nover2_Comm,block2_pauli,2,-107.59777305324587,0.05634939427666552,False,0.40851999999722466,2,True,False,False,100,4,1e-06,3.4708591556409374e-08,0.0,"[-107.64482355741315, -107.59712626943556, -107.59777308795447, -107.59777305324587]","[0.10698449999472359, 0.08108670799992979, 0.08689937499730149, 0.07270029200299177]",N2_eqm,HCT N/2 Comm,False
HCT_Nover2_Comm,block2_pauli,3,-107.60598134041017,0.04814110711237163,False,0.38050391700380715,3,True,False,False,100,4,1e-06,7.578513674388887e-07,0.0,"[-107.64610323750966, -107.60414250871727, -107.6059805825588, -107.60598134041017]","[0.10506795899709687, 0.06366945799527457, 0.06607508399611106, 0.07947229099954711]",N2_eqm,HCT N/2 Comm,False
HCT_Nover2_Comm,block2_pauli,4,-107.61617505150963,0.03794739601291042,False,0.40356695799709996,4,True,False,False,100,4,1e-06,6.843254141131183e-07,0.0,"[-107.64822815889855, -107.61503195379993, -107.61617436718421, -107.61617505150963]","[0.1176845419977326, 0.07170683299773373, 0.07359708399599185, 0.08262266600650037]",N2_eqm,HCT N/2 Comm,False
HCT_Nover2_Comm,block2_pauli,5,-107.6236457001246,0.03047674739794104,False,0.49517158300295705,5,True,False,False,100,4,1e-06,1.1226575225009583e-12,0.0,"[-107.64822815889855, -107.62355171248231, -107.62364570012348, -107.6236457001246]","[0.13319112500175834, 0.10907112499990035, 0.10578637499565957, 0.08508091700059595]",N2_eqm,HCT N/2 Comm,False
HCT_Nover2_Comm,block2_pauli,6,-107.63194920723666,0.022173240285880524,False,0.43269987500389107,6,True,False,False,100,4,1e-06,1.1368683772161603e-13,0.0,"[-107.64825198640295, -107.63139437017367, -107.63194920723677, -107.63194920723666]","[0.13398337500257185, 0.07596679099515313, 0.08405145800497849, 0.0781063329995959]",N2_eqm,HCT N/2 Comm,False
HCT_Nover2_Comm,block2_pauli,7,-107.63671415473391,0.01740829278863032,False,0.6108977499970933,7,True,False,False,100,6,1e-06,8.848511185988173e-07,0.0,"[-107.64856763469653, -107.6359063133709, -107.63661872437899, -107.63669670047295, -107.63671326988279, -107.63671415473391]","[0.1324020419997396, 0.0837864589993842, 0.08668141700036358, 0.08936150000226917, 0.08237891700264299, 0.08200891699380009]",N2_eqm,HCT N/2 Comm,False
HCT_Nover2_Comm,block2_pauli,8,-107.6401628245745,0.013959622948036099,False,0.5952507910042186,8,True,False,False,100,6,1e-06,2.9878249563353165e-07,0.0,"[-107.6488711092, -107.63996540843291, -107.64023208233345, -107.6402373542833, -107.64016252579201, -107.6401628245745]","[0.1369987090001814, 0.08099933399353176, 0.07734491600422189, 0.07912308300001314, 0.07994195799983572, 0.08333087500068359]",N2_eqm,HCT N/2 Comm,False
HCT_Nover2_Comm,block2_pauli,9,-107.64154946157512,0.01257298594741485,False,0.7114634169993224,9,True,False,False,100,6,1e-06,8.407305784885466e-07,0.0,"[-107.6488711092, -107.64172193084245, -107.64161778304822, -107.6416262297805, -107.64154862084455, -107.64154946157512]","[0.16005304199643433, 0.11366608399839606, 0.09590216600190615, 0.0989367919974029, 0.0925340000030701, 0.09327725000184728]",N2_eqm,HCT N/2 Comm,False
HCT_Nover2_Comm,block2_pauli,10,-107.6450535338694,0.009068913653138111,False,0.7553843749992666,10,True,False,False,100,6,1e-06,1.2935635140820523e-07,0.0,"[-107.6488711092, -107.64568019923087, -107.64508882992783, -107.64506607238357, -107.64505366322575, -107.6450535338694]","[0.16396216699649813, 0.10502541699679568, 0.11150179200194543, 0.11120804199890699, 0.10556104200077243, 0.10265945799619658]",N2_eqm,HCT N/2 Comm,False
HCT_Nover2_Comm,block2_pauli,12,-107.64864013619531,0.005482311327227762,False,0.6690647920040647,12,True,False,False,100,5,1e-06,3.114074189625171e-07,0.0,"[-107.64944010652826, -107.64845036769373, -107.64863596121958, -107.64863982478789, -107.64864013619531]","[0.17114883400063263, 0.10881666699424386, 0.10899029199936194, 0.11396699999750126, 0.11202808300004108]",N2_eqm,HCT N/2 Comm,False
HCT_Nover2_Comm,block2_pauli,14,-107.65077017955244,0.0033522679701007974,False,0.8333134160056943,14,True,False,False,100,5,1e-06,4.772646207129583e-07,0.0,"[-107.64961793141033, -107.65045476056699, -107.65077525752088, -107.65077065681706, -107.65077017955244]","[0.20429562500066822, 0.15286341699538752, 0.14149583400285337, 0.14024645799509017, 0.1403034579998348]",N2_eqm,HCT N/2 Comm,False
HCT_Nover2_Comm,block2_pauli,16,-107.65121914507972,0.002903302442817335,False,0.9996632920010597,16,True,False,False,100,6,1e-06,4.2012737822005874e-07,0.0,"[-107.65049646453352, -107.65111854610669, -107.65121495714675, -107.65121751181925, -107.65121872495234, -107.65121914507972]","[0.2358894999997574, 0.14638820899563143, 0.14619104099983815, 0.13688445900334045, 0.1414656670021941, 0.1372392499979469]",N2_eqm,HCT N/2 Comm,False
HCT_Nover2_Comm,block2_pauli,18,-107.6519720856669,0.002150361855640881,False,1.4034880830004113,18,True,False,False,100,6,1e-06,6.421622629204649e-07,0.0,"[-107.65114854897182, -107.65173355936307, -107.65196245325771, -107.65196925044202, -107.65197144350464, -107.6519720856669]","[0.31682274999911897, 0.2567923329988844, 0.20080516600137344, 0.19703641699743457, 0.1887065420014551, 0.1899232919968199]",N2_eqm,HCT N/2 Comm,False
HCT_Nover2_Comm,block2_pauli,20,-107.65252717982074,0.0015952677018020722,True,1.5726643329981016,20,True,False,False,100,6,1e-06,4.953135857022062e-07,0.0,"[-107.6514191689336, -107.65202695568264, -107.65249062454299, -107.65249413795922, -107.65252668450715, -107.65252717982074]","[0.33851654199679615, 0.25378116700449027, 0.22580004199699033, 0.2594872919944464, 0.21533408299728762, 0.2238284589984687]",N2_eqm,HCT N/2 Comm,False
HCT_N_Comm,block2_pauli,1,-107.54587736200821,0.10824508551432643,False,0.4531467920023715,1,True,False,False,100,6,1e-06,4.005846676591318e-08,0.0,"[-107.64168975786264, -107.54578538881037, -107.54587318977181, -107.5458713862163, -107.54587740206668, -107.54587736200821]","[0.07981945899518905, 0.06668470799922943, 0.07408229100110475, 0.06384175000130199, 0.06466012500459328, 0.07020108299911954]",N2_eqm,HCT N Comm,False
HCT_N_Comm,block2_pauli,2,-107.6190724230589,0.03505002446364358,False,0.4779317920038011,2,True,False,False,100,7,1e-06,5.144233199416703e-07,0.0,"[-107.64475121706721, -107.61905146230194, -107.61941749051465, -107.61913813859502, -107.61912907167239, -107.61907293748222, -107.6190724230589]","[0.08159704200079432, 0.0704085839970503, 0.05580020799970953, 0.05756929099879926, 0.06041933300002711, 0.060809084003267344, 0.052180457998474594]",N2_eqm,HCT N Comm,False
HCT_N_Comm,block2_pauli,3,-107.63315740548745,0.020965042035086867,False,0.33142545799637446,3,True,False,False,100,5,1e-06,2.1427231899906474e-07,0.0,"[-107.64672920504773, -107.63026076576733, -107.63188973702901, -107.63315719121513, -107.63315740548745]","[0.06874779100326123, 0.05542220800271025, 0.056622750002134126, 0.05527333299687598, 0.06045191700104624]",N2_eqm,HCT N Comm,False
HCT_N_Comm,block2_pauli,4,-107.6452137292076,0.008908718314941666,False,0.5316250000032596,4,True,False,False,100,6,1e-06,1.9086886027253058e-07,0.0,"[-107.64924074706528, -107.64497091453305, -107.64521241840404, -107.64521789992563, -107.64521353833874, -107.6452137292076]","[0.07726891699712723, 0.06593054100085283, 0.0680560000037076, 0.0868789160012966, 0.07107958299457096, 0.13184275000094203]",N2_eqm,HCT N Comm,False
HCT_N_Comm,block2_pauli,5,-107.64906302147705,0.0050594260454914775,False,0.276825375003682,5,True,False,False,100,3,1e-06,2.8052227207808755e-11,0.0,"[-107.64924074706528, -107.6490630215051, -107.64906302147705]","[0.10256845800176961, 0.06726104200060945, 0.06650595799874282]",N2_eqm,HCT N Comm,False
HCT_N_Comm,block2_pauli,6,-107.65102617343828,0.0030962740842568337,False,0.35600966600031825,6,True,False,False,100,4,1e-06,5.390413093664392e-07,0.0,"[-107.650383910435, -107.65104317161638, -107.65102671247959, -107.65102617343828]","[0.08257174999744166, 0.0772392500002752, 0.081700415998057, 0.07421437500306638]",N2_eqm,HCT N Comm,False
HCT_N_Comm,block2_pauli,7,-107.65216572256023,0.0019567249623122507,False,0.9285280420008348,7,True,False,False,100,11,1e-06,2.4950929855549475e-07,0.0,"[-107.65155844420515, -107.65223022452179, -107.65222202005512, -107.65218489774074, -107.65216335582934, -107.65216596599248, -107.6521571993251, -107.65216509433495, -107.65216348371843, -107.65216597206953, -107.65216572256023]","[0.08806537499913247, 0.08552908399724402, 0.08249695799895562, 0.07807799999864073, 0.08105316699948162, 0.07849450000503566, 0.07896154199988814, 0.08222362500237068, 0.07802875000197673, 0.07917250000173226, 0.08149704099923838]",N2_eqm,HCT N Comm,False
HCT_N_Comm,block2_pauli,8,-107.65341560895567,0.0007068385668702604,True,0.2688102499960223,8,True,False,False,100,3,1e-06,1.9127810446661897e-11,0.0,"[-107.65293042317097, -107.65341560893654, -107.65341560895567]","[0.08645841600082349, 0.07955349999974715, 0.0741455829993356]",N2_eqm,HCT N Comm,False
Pauli_BLISS+HCT_N_Comm,block2_pauli,1,-107.56597877826484,0.088143669257704,False,0.34744479199434863,1,True,False,False,100,3,1e-06,1.4210854715202004e-14,0.0,"[-107.64179163473905, -107.56597877826485, -107.56597877826484]","[0.12407812500168802, 0.0853977919978206, 0.07821745899855159]",N2_eqm,Pauli BLISS+HCT N Comm,False
Pauli_BLISS+HCT_N_Comm,block2_pauli,2,-107.62428124827952,0.029841199243023198,False,0.5392168339967611,2,True,False,False,100,5,1e-06,6.395278262516513e-08,0.0,"[-107.64628803575394, -107.62331996398325, -107.62430485462544, -107.62428118432673, -107.62428124827952]","[0.13692579200142063, 0.08795441599795595, 0.08689729099569377, 0.08594483399792807, 0.07871254199562827]",N2_eqm,Pauli BLISS+HCT N Comm,False
Pauli_BLISS+HCT_N_Comm,block2_pauli,3,-107.6354804975503,0.018641949972234784,False,0.771369791997131,3,True,False,False,100,7,1e-06,2.0977921622034046e-09,0.0,"[-107.6481690030217, -107.63399134054184, -107.635513864009, -107.63548278609811, -107.635481652034, -107.63548049545251, -107.6354804975503]","[0.15107054200052517, 0.09201458399911644, 0.09727308299625292, 0.09389833399472991, 0.09502024999528658, 0.09510850000515347, 0.0926030839982559]",N2_eqm,Pauli BLISS+HCT N Comm,False
Pauli_BLISS+HCT_N_Comm,block2_pauli,4,-107.64092827347615,0.013194174046390117,False,1.430320000006759,4,True,False,False,100,10,1e-06,3.0065071143781097e-07,0.0,"[-107.65033436264221, -107.64452237191303, -107.64071891896776, -107.64070402199025, -107.6408747034118, -107.64087046092065, -107.6409188997943, -107.64091762431727, -107.64092857412686, -107.64092827347615]","[0.19511687500198605, 0.143554000002041, 0.14062766700226348, 0.12563145800231723, 0.11940141599916387, 0.12436995899770409, 0.11799945899838349, 0.11834858400106896, 0.11815416600438766, 0.1265185410011327]",N2_eqm,Pauli BLISS+HCT N Comm,False
Pauli_BLISS+HCT_N_Comm,block2_pauli,5,-107.64791478160166,0.006207665920882732,False,0.877108083004714,5,True,False,False,100,5,1e-06,1.2283550177016878e-08,0.0,"[-107.65033436264221, -107.64796333851086, -107.64791245473035, -107.6479147693181, -107.64791478160166]","[0.2257216250000056, 0.15087962499819696, 0.14318312500108732, 0.15186145899497205, 0.15135074999852804]",N2_eqm,Pauli BLISS+HCT N Comm,False
Pauli_BLISS+HCT_N_Comm,block2_pauli,6,-107.64911293456922,0.00500951295332186,False,0.8337709170009475,6,True,False,False,100,4,1e-06,6.457320296249236e-07,0.0,"[-107.65145881740892, -107.64895406851947, -107.64911358030125, -107.64911293456922]","[0.2427613330000895, 0.1835925839986885, 0.1723995830034255, 0.18122058299923083]",N2_eqm,Pauli BLISS+HCT N Comm,False
Pauli_BLISS+HCT_N_Comm,block2_pauli,7,-107.65194290898589,0.0021795385366516484,False,1.338982749999559,7,True,False,False,100,6,1e-06,9.247859367178535e-07,0.0,"[-107.65170336888302, -107.65194567121074, -107.65193881591169, -107.6519451093207, -107.65194198419995, -107.65194290898589]","[0.2401724590017693, 0.2130327910053893, 0.20560349999868777, 0.21228837499802466, 0.2020946249976987, 0.21106595900346292]",N2_eqm,Pauli BLISS+HCT N Comm,False
Pauli_BLISS+HCT_N_Comm,block2_pauli,8,-107.65312927041953,0.0009931771030124992,True,0.7575084159980179,8,True,False,False,100,3,1e-06,1.9326762412674725e-12,0.0,"[-107.65227947220066, -107.6531292704176, -107.65312927041953]","[0.26639020899892785, 0.2097870830039028, 0.23094104199844878]",N2_eqm,Pauli BLISS+HCT N Comm,False
BS_Nover2_Comm,block2_pauli,1,-107.52189810204905,0.13222434547348882,False,0.35167250000085915,1,True,False,False,100,4,1e-06,0.0,0.0,"[-107.64170911364221, -107.5218481608035, -107.52189810204905, -107.52189810204905]","[0.08270875000016531, 0.07391949999873759, 0.07629187499696855, 0.07371954200061737]",N2_eqm,BS N/2 Comm,False
BS_Nover2_Comm,block2_pauli,2,-107.57586180346803,0.0782606440545095,False,0.5801193750012317,2,True,False,False,100,8,1e-06,1.6607464203843847e-07,0.0,"[-107.64170931035534, -107.57505057284112, -107.5759382548643, -107.5758151969026, -107.57585575346242, -107.57584847417783, -107.57586196954267, -107.57586180346803]","[0.08280712499981746, 0.07136070799606387, 0.06982358299865155, 0.0606558329964173, 0.05995291699946392, 0.06587245799892116, 0.06342825000319863, 0.0605299169983482]",N2_eqm,BS N/2 Comm,False
BS_Nover2_Comm,block2_pauli,3,-107.61443988736764,0.039682560154901125,False,0.3152909999989788,3,True,False,False,100,4,1e-06,2.6011164777628437e-07,0.0,"[-107.64170931035534, -107.61406571821131, -107.61444014747929, -107.61443988736764]","[0.08263862499734387, 0.06875616599427303, 0.06003783400228713, 0.0599057500003255]",N2_eqm,BS N/2 Comm,False
BS_Nover2_Comm,block2_pauli,4,-107.6201556864368,0.03396676108573615,False,0.342845084000146,4,True,False,False,100,4,1e-06,2.135891463694861e-11,0.0,"[-107.64170964448454, -107.619927049172, -107.62015568645816, -107.6201556864368]","[0.08887208300438942, 0.06358704200101783, 0.0755442090012366, 0.07253766700159758]",N2_eqm,BS N/2 Comm,False
BS_Nover2_Comm,block2_pauli,5,-107.6328296889597,0.02129275856283641,False,0.4863676660024794,5,True,False,False,100,4,1e-06,3.979039320256561e-13,0.0,"[-107.64232818731094, -107.63169622823482, -107.6328296889601, -107.6328296889597]","[0.10084483300306601, 0.11585366600047564, 0.07905020900216186, 0.15578454199567204]",N2_eqm,BS N/2 Comm,False
BS_Nover2_Comm,block2_pauli,6,-107.64147901953633,0.012643427986205324,False,0.6903684579956462,6,True,False,False,100,8,1e-06,6.148484885670769e-07,0.0,"[-107.64459284402793, -107.6409730072825, -107.64140623050167, -107.64147561041926, -107.64147448193052, -107.64148053545823, -107.64147840468785, -107.64147901953633]","[0.09381416600081138, 0.08027537500311155, 0.07550754100520862, 0.07714587499503978, 0.0854808750009397, 0.0774785410030745, 0.07659425000019837, 0.08006912500422914]",N2_eqm,BS N/2 Comm,False
BS_Nover2_Comm,block2_pauli,7,-107.64358746773992,0.010534979782619303,False,1.3004469170045923,7,True,False,False,100,15,1e-06,4.404639213362316e-07,0.0,"[-107.64641926095041, -107.64354606397706, -107.64358406387454, -107.64353321687943, -107.64357041556954, -107.64353219182755, -107.64359191780082, -107.64357273002386, -107.64359285936715, -107.6435845407969, -107.64358977599386, -107.6435866640305, -107.64358812245408, -107.643587027276, -107.64358746773992]","[0.1054681250025169, 0.08345783300319454, 0.08188012499886099, 0.08014229199761758, 0.08193225000286475, 0.08118545799516141, 0.07872574999782955, 0.08348933300294448, 0.0854925829989952, 0.08383575000334531, 0.07903870900190668, 0.08991775000322377, 0.08033895799599122, 0.08182508299796609, 0.08280279199971119]",N2_eqm,BS N/2 Comm,False
BS_Nover2_Comm,block2_pauli,8,-107.6456666502749,0.008455797247634678,False,1.303103624995856,8,True,False,False,100,15,1e-06,4.6279164678253437e-07,0.0,"[-107.64801466313132, -107.6460073243552, -107.64594441993933, -107.64583905627796, -107.6458172616613, -107.6457054100934, -107.64574451901422, -107.64567968605644, -107.64569683645297, -107.6456714226096, -107.64567652023644, -107.64566768910494, -107.64566918356367, -107.64566618748326, -107.6456666502749]","[0.10158324999792967, 0.07851691600080812, 0.07852379199903226, 0.07787929199548671, 0.08039995899889618, 0.0798632500009262, 0.10220858400134603, 0.08336833299836144, 0.0937312500027474, 0.07769687499967404, 0.08032012500189012, 0.07542887500312645, 0.07526679100556066, 0.07440608300385065, 0.10090645799937192]",N2_eqm,BS N/2 Comm,False
BS_Nover2_Comm,block2_pauli,9,-107.64707753332507,0.007044914197464891,False,0.9286935420022928,9,True,False,False,100,9,1e-06,6.208886418335169e-07,0.0,"[-107.6483522962082, -107.64694878413874, -107.64705795500427, -107.64706253001447, -107.64705415821518, -107.64706963962253, -107.64706707662901, -107.64707815421372, -107.64707753332507]","[0.12347316700470401, 0.09480845800135285, 0.09268370899371803, 0.10014966600283515, 0.09737279199907789, 0.09854533299949253, 0.09509612500551157, 0.09306758399907267, 0.0943050839996431]",N2_eqm,BS N/2 Comm,False
BS_Nover2_Comm,block2_pauli,10,-107.64956200660819,0.004560440914346486,False,1.0534316670018598,10,True,False,False,100,10,1e-06,4.589251716424769e-07,0.0,"[-107.64856460210589, -107.64991063752447, -107.65018577817816, -107.65005180732373, -107.64995218634085, -107.6498186803526, -107.64966804468256, -107.64961585347123, -107.64956154768302, -107.64956200660819]","[0.11829408400080865, 0.10138166700198781, 0.09676691699860385, 0.09977837499900488, 0.10155625000334112, 0.09830120800324949, 0.10318141600146191, 0.09994329199980712, 0.09852649999811547, 0.09760858299705433]",N2_eqm,BS N/2 Comm,False
BS_Nover2_Comm,block2_pauli,12,-107.65179693642817,0.0023255110943694035,False,0.6943533340017893,12,True,False,False,100,6,1e-06,3.111374553554924e-07,0.0,"[-107.65021180823284, -107.65138712407571, -107.65179124922773, -107.65179293172517, -107.65179724756563, -107.65179693642817]","[0.13130975000240142, 0.10614266700576991, 0.10491795800044201, 0.10141154200391611, 0.10602624999592081, 0.10729879199789139]",N2_eqm,BS N/2 Comm,False
BS_Nover2_Comm,block2_pauli,14,-107.65255595439477,0.0015664931277683536,True,0.5919502910037409,14,True,False,False,100,4,1e-06,3.9612699254121253e-07,0.0,"[-107.65127811244476, -107.6518189234595, -107.65255635052176, -107.65255595439477]","[0.14421358300023712, 0.13711541699740337, 0.13520674999745097, 0.1402701659972081]",N2_eqm,BS N/2 Comm,False
BS_N_Comm,block2_pauli,1,-107.58040199768959,0.07372044983294757,False,0.4340026249992661,1,True,False,False,100,4,1e-06,0.0,0.0,"[-107.64167090173322, -107.58017635997781, -107.58040199768959, -107.58040199768959]","[0.08192712500022026, 0.15500991600129055, 0.0840067499957513, 0.07200050000392366]",N2_eqm,BS N Comm,False
BS_N_Comm,block2_pauli,2,-107.63482475322307,0.019297694299467594,False,0.37402812499931315,2,True,False,False,100,4,1e-06,6.181721801112872e-12,0.0,"[-107.64168537042055, -107.63449278318011, -107.63482475321689, -107.63482475322307]","[0.09347291700396454, 0.07495258300332353, 0.08114266600023257, 0.07700274999660905]",N2_eqm,BS N Comm,False
BS_N_Comm,block2_pauli,3,-107.64434957717518,0.009772870347362073,False,0.36010675000579795,3,True,False,False,100,4,1e-06,1.3358203432289883e-12,0.0,"[-107.6436088242383, -107.64387455427794, -107.64434957717651, -107.64434957717518]","[0.08482175000244752, 0.08459724999556784, 0.07329116600158159, 0.07546862500021234]",N2_eqm,BS N Comm,False
BS_N_Comm,block2_pauli,4,-107.64663872783007,0.007483719692473301,False,2.2699132089983323,4,True,False,False,100,29,1e-06,3.8408444424931076e-07,0.0,"[-107.64546558387619, -107.64676419370477, -107.64672800057676, -107.64671985714833, -107.64671192865723, -107.6467005705729, -107.64670187834639, -107.64668912689635, -107.646694740345, -107.64668160869434, -107.64669273120711, -107.64667922699257, -107.64669546470574, -107.64668044163619, -107.6467007259159, -107.64668234787574, -107.64670501496988, -107.64668153451794, -107.64670307443521, -107.64667532915985, -107.646690752381, -107.646664642381, -107.64667247736321, -107.64665339622276, -107.64665639820501, -107.64664433574396, -107.64664536387713, -107.64663834374562, -107.64663872783007]","[0.11691258300561458, 0.08875883300061105, 0.07258624999667518, 0.08433304199570557, 0.07521066699700896, 0.08129854199796682, 0.07154916700528702, 0.07990045799670042, 0.07142345899774227, 0.07039433399768313, 0.07360204099677503, 0.08012512500135927, 0.07840674999897601, 0.07509987500088755, 0.07113774999743327, 0.07067516599636292, 0.06967166700633243, 0.07075424999493407, 0.06935416699707275, 0.07029195799987065, 0.069888791993435, 0.0732802089987672, 0.07212929199886275, 0.0700477909995243, 0.07368475000112085, 0.07563174999813782, 0.09525849999772618, 0.07425574999797391, 0.07030324999504955]",N2_eqm,BS N Comm,False
BS_N_Comm,block2_pauli,5,-107.64817196638076,0.005950481141780983,False,0.8744142499999725,5,True,False,False,100,10,1e-06,8.852651944835088e-10,0.0,"[-107.64714440055204, -107.64838995508032, -107.64817814186935, -107.64834767684347, -107.6482195155257, -107.6482311496091, -107.64818717359428, -107.64818863180653, -107.6481719654955, -107.64817196638076]","[0.10075016599876108, 0.07893087499542162, 0.07880387499608332, 0.07820020800136263, 0.08354341700032819, 0.09099616700405022, 0.07815395799843827, 0.08536679099779576, 0.08037575000344077, 0.07999029199709184]",N2_eqm,BS N Comm,False
BS_N_Comm,block2_pauli,6,-107.65025975617621,0.0038626913463275514,False,0.8450955420048558,6,True,False,False,100,9,1e-06,4.1743740553101816e-07,0.0,"[-107.64941408320908, -107.64986427792334, -107.65013524814685, -107.65022408498677, -107.65023302387948, -107.65025409766014, -107.65025569045918, -107.6502593387388, -107.65025975617621]","[0.10533274999761488, 0.08753820899437414, 0.0825207079979009, 0.08288400000310503, 0.0890492920007091, 0.08817637500033015, 0.09035829099593684, 0.09165895899786847, 0.0891142079999554]",N2_eqm,BS N Comm,False
BS_N_Comm,block2_pauli,7,-107.65181172099693,0.002310726525607265,False,0.7632769159972668,7,True,False,False,100,7,1e-06,7.46066689316649e-07,0.0,"[-107.65108307871228, -107.65163330118182, -107.65176952311711, -107.6517842092812, -107.65180397544484, -107.65181246706362, -107.65181172099693]","[0.11086637500557117, 0.10051608300273074, 0.1369780000022729, 0.09338774999923771, 0.09290683399740374, 0.09416441699431743, 0.09428900000057183]",N2_eqm,BS N Comm,False
BS_N_Comm,block2_pauli,8,-107.65258341296624,0.0015390345563019991,True,0.8410310420003952,8,True,False,False,100,9,1e-06,7.009871296759229e-07,0.0,"[-107.65192321841249, -107.65243756780912, -107.65252179254878, -107.6525546597976, -107.65257579879604, -107.65257834031212, -107.65258163545778, -107.65258271197911, -107.65258341296624]","[0.10522145800496219, 0.08658691700111376, 0.08780975000263425, 0.08814079199510161, 0.08866116699937265, 0.0858222079987172, 0.08759054099937202, 0.08541641600459116, 0.08741958400059957]",N2_eqm,BS N Comm,False
HCT_N_Comm_Fiedler,block2_pauli,1,-107.53329839374419,0.1208240537783496,False,0.4513338329998078,1,True,False,False,100,5,1e-06,4.599129681537306e-07,0.0,"[-107.64167024788324, -107.53310786842466, -107.53330607622112, -107.53329793383122, -107.53329839374419]","[0.09818245899805333, 0.0848350410014973, 0.07029941600194434, 0.07541091599705396, 0.08089987499988638]",N2_eqm,HCT N Comm,True
HCT_N_Comm_Fiedler,block2_pauli,2,-107.62317983411198,0.03094261341055926,False,0.4555586249989574,2,True,False,False,100,5,1e-06,2.938445362588027e-07,0.0,"[-107.64181548567784, -107.61891096190348, -107.62323712544068, -107.62318012795652, -107.62317983411198]","[0.1007634589986992, 0.08541691699792864, 0.07203104200016242, 0.07495558400114533, 0.07223266599612543]",N2_eqm,HCT N Comm,True
HCT_N_Comm_Fiedler,block2_pauli,3,-107.63891379990383,0.01520864761870655,False,0.36008720899553737,3,True,False,False,100,4,1e-06,2.7876745889443555e-07,0.0,"[-107.64228665291591, -107.63735001918138, -107.63891352113637, -107.63891379990383]","[0.10051762500370387, 0.0747544160039979, 0.07147070800419897, 0.07031120899773668]",N2_eqm,HCT N Comm,True
HCT_N_Comm_Fiedler,block2_pauli,4,-107.64321867256308,0.010903774959459156,False,0.7787847090003197,4,True,False,False,100,8,1e-06,1.2317599384914502e-07,0.0,"[-107.64586852714302, -107.64204653834238, -107.64260164553261, -107.64260445750106, -107.64307839792941, -107.64307966523879, -107.64321879573907, -107.64321867256308]","[0.09747487500135321, 0.07608429200627143, 0.09765550000156509, 0.0837853340053698, 0.09609558299416676, 0.11214816600113409, 0.08433729100215714, 0.08753829199849861]",N2_eqm,HCT N Comm,True
HCT_N_Comm_Fiedler,block2_pauli,5,-107.64704871079147,0.0070737367310726995,False,0.44500145799975144,5,True,False,False,100,4,1e-06,3.097446636957102e-07,0.0,"[-107.647255059282, -107.64657377353359, -107.6470484010468, -107.64704871079147]","[0.11429516699718079, 0.08736087499710266, 0.11623016699741129, 0.08102762500493554]",N2_eqm,HCT N Comm,True
HCT_N_Comm_Fiedler,block2_pauli,6,-107.64898677795264,0.00513566956989564,False,0.583054542003083,6,True,False,False,100,6,1e-06,3.256508023241622e-07,0.0,"[-107.6489973050346, -107.6488465799051, -107.64898437327872, -107.64898813291427, -107.64898645230184, -107.64898677795264]","[0.10228162500425242, 0.08666187500057276, 0.08841945799940731, 0.08896637499856297, 0.08702804199856473, 0.08529925000038929]",N2_eqm,HCT N Comm,True
HCT_N_Comm_Fiedler,block2_pauli,7,-107.6504644668057,0.003657980716837983,False,0.637022666996927,7,True,False,False,100,6,1e-06,1.0655237758783187e-07,0.0,"[-107.65011235085638, -107.65037876176086, -107.65046781654856, -107.6504735157716, -107.65046436025332, -107.6504644668057]","[0.11316145899763796, 0.09989512500033015, 0.09842779199971119, 0.0955503749937634, 0.095739374999539, 0.09236150000651833]",N2_eqm,HCT N Comm,True
HCT_N_Comm_Fiedler,block2_pauli,8,-107.65143752448228,0.002684923040263243,False,0.5323012090011616,8,True,False,False,100,5,1e-06,7.033692384084134e-07,0.0,"[-107.6506293546609, -107.65105629857257, -107.65141514937426, -107.65143682111304, -107.65143752448228]","[0.12190849999751663, 0.08945433299959404, 0.09126025000296067, 0.08541104100004304, 0.08809425000072224]",N2_eqm,HCT N Comm,True
HCT_N_Comm_Fiedler,block2_pauli,9,-107.65211205739436,0.002010390128177164,False,1.7110958329940331,9,True,False,False,100,15,1e-06,6.385381254858657e-07,0.0,"[-107.6512999534145, -107.65177010793484, -107.6518554235079, -107.65186106157893, -107.6519728970981, -107.65197923159815, -107.65206665646303, -107.65207305747198, -107.65209691158262, -107.65210070853672, -107.65210613250112, -107.65210834801788, -107.65210998248627, -107.65211141885624, -107.65211205739436]","[0.12555291700118687, 0.10805150000669528, 0.11313837499619694, 0.10758287500357255, 0.11015220800618408, 0.11042787500628037, 0.11189091700362042, 0.10559133399510756, 0.10961812500318047, 0.1082691249976051, 0.11520408299838891, 0.1082450419999077, 0.11108791599690448, 0.10746012500021607, 0.11186729199835099]",N2_eqm,HCT N Comm,True
HCT_N_Comm_Fiedler,block2_pauli,10,-107.65259275209844,0.0015296954240966443,True,1.2282022080034949,10,True,False,False,100,10,1e-06,5.796569979565902e-07,0.0,"[-107.65193343598351, -107.65231263197259, -107.65252192610868, -107.6525353524642, -107.65257664150036, -107.65257990879891, -107.65258880394262, -107.65259001948954, -107.65259217244144, -107.65259275209844]","[0.13015833299868973, 0.11464933300158009, 0.11791441600507824, 0.11759937500028173, 0.11730670799443033, 0.11691083299956517, 0.11855333399580559, 0.11507412499486236, 0.12063245800527511, 0.11377641700528329]",N2_eqm,HCT N Comm,True
BS_N_Comm_Fiedler,block2_pauli,1,-107.57606898041445,0.07805346710809147,False,0.4643145000009099,1,True,False,False,100,4,1e-06,5.817807959829224e-07,0.0,"[-107.64200158474651, -107.57559429623304, -107.57606839863365, -107.57606898041445]","[0.09814504100359045, 0.14903466600662796, 0.08173720799823059, 0.09717854100017576]",N2_eqm,BS N Comm,True
BS_N_Comm_Fiedler,block2_pauli,2,-107.63193192106077,0.022190526461770332,False,0.5447590830008266,2,True,False,False,100,6,1e-06,3.6462579089402425e-07,0.0,"[-107.64461245373663, -107.63202654196976, -107.63192883079162, -107.63193628014696, -107.63193155643498, -107.63193192106077]","[0.09938429199974053, 0.08596408300218172, 0.0854421670010197, 0.0759961670046323, 0.07588716600002954, 0.07762125000590459]",N2_eqm,BS N Comm,True
BS_N_Comm_Fiedler,block2_pauli,3,-107.6420503431032,0.01207210441934592,False,0.5121648749991436,3,True,False,False,100,5,1e-06,7.033026463432179e-07,0.0,"[-107.64827929231183, -107.64205815670982, -107.64209924151652, -107.64205104640584, -107.6420503431032]","[0.1005917500006035, 0.0812478750012815, 0.07587520899687661, 0.11354658300115261, 0.10084924999682698]",N2_eqm,BS N Comm,True
BS_N_Comm_Fiedler,block2_pauli,4,-107.64547841428248,0.008644033240059912,False,1.1834437090001302,4,True,False,False,100,12,1e-06,9.500795385974925e-07,0.0,"[-107.64898469344485, -107.64529002716657, -107.64552470840458, -107.64553027910392, -107.64552628917508, -107.64550816484616, -107.64550217120126, -107.64548797298994, -107.64548449364702, -107.64547899993691, -107.64547746420294, -107.64547841428248]","[0.1138257499987958, 0.091219000001729, 0.09286479199363384, 0.09086166600172874, 0.09157400000549387, 0.08995845800382085, 0.09166445799928624, 0.09362462499848334, 0.0946644590003416, 0.09518791600567056, 0.09755429199867649, 0.08973845800210256]",N2_eqm,BS N Comm,True
BS_N_Comm_Fiedler,block2_pauli,5,-107.6478284629176,0.006293984604937464,False,1.1429637920009554,5,True,False,False,100,11,1e-06,3.578632004064275e-07,0.0,"[-107.64965441862223, -107.6474079660239, -107.64751906253058, -107.64749743317257, -107.64765795772257, -107.64764348255471, -107.6478137144706, -107.64781972438448, -107.64784078644982, -107.6478281050544, -107.6478284629176]","[0.11964562499633757, 0.09922716700384626, 0.09377308400144102, 0.0925304159973166, 0.09884462500485824, 0.09909099999640603, 0.1143930000034743, 0.09923916700063273, 0.09413279199361568, 0.09116849999554688, 0.09249950000230456]",N2_eqm,BS N Comm,True
BS_N_Comm_Fiedler,block2_pauli,6,-107.65006756255053,0.004054884972006789,False,0.6922404590004589,6,True,False,False,100,6,1e-06,3.6927241353623685e-07,0.0,"[-107.65022637942529, -107.64996441584654, -107.65002955840487, -107.65004591121723, -107.65006719327812, -107.65006756255053]","[0.12198108300071908, 0.1038768330035964, 0.10380549999536015, 0.10580316599953221, 0.10434912500204518, 0.11311370899784379]",N2_eqm,BS N Comm,True
BS_N_Comm_Fiedler,block2_pauli,7,-107.65153640599328,0.002586041529255567,False,1.6960531660006382,7,True,False,False,100,14,1e-06,7.68613205082147e-07,0.0,"[-107.65091181499801, -107.65142165342682, -107.65140247162766, -107.65147030982213, -107.65148663585433, -107.65149825794376, -107.65151056894379, -107.6515151087822, -107.65152345559412, -107.65152567236612, -107.65153101553923, -107.65153228202678, -107.65153563738008, -107.65153640599328]","[0.11576612499629846, 0.11483354200026952, 0.11713083300128346, 0.11799666700244416, 0.1201078329977463, 0.16408804199454607, 0.11866237500362331, 0.1133719999997993, 0.11316679100127658, 0.10946254099690123, 0.11131599999498576, 0.10963412499404512, 0.1122310419959831, 0.11078825000004144]",N2_eqm,BS N Comm,True
BS_N_Comm_Fiedler,block2_pauli,8,-107.65254006321499,0.0015823843075537525,True,0.87729683300131,8,True,False,False,100,8,1e-06,5.942405323366984e-07,0.0,"[-107.65158999270136, -107.6525225238228, -107.65254365865793, -107.6525523366534, -107.65254613982856, -107.65254433573693, -107.65254065745552, -107.65254006321499]","[0.11882191699987743, 0.09857912499865051, 0.10378154199861456, 0.09947058300167555, 0.099385749999783, 0.097676750003302, 0.12051629200141178, 0.09890908299712464]",N2_eqm,BS N Comm,True
raw_fermionic_su2,,1,-107.49845898787599,0.15566345964654715,False,0.04077862499980256,1,True,False,False,100,3,1e-06,0.0,0.0,"[-107.64167024788362, -107.49845898787599, -107.49845898787599]","[0.014165792003041133, 0.00943474999803584, 0.00890600000275299]",N2_eqm,,False
raw_fermionic_su2,,2,-107.55311835688268,0.10100409063986149,False,0.20794849999947473,2,True,False,False,100,16,1e-06,5.526159156943322e-07,0.0,"[-107.64167024788362, -107.54215480832256, -107.54767472860617, -107.54928035771424, -107.55201706778253, -107.55199239911944, -107.55298870621787, -107.55297094888918, -107.55312326274715, -107.55311473963043, -107.55312821583904, -107.55312470180188, -107.55312241476697, -107.55312101761375, -107.5531189094986, -107.55311835688268]","[0.014349582997965626, 0.018772082999930717, 0.009866959000646602, 0.009565707994624972, 0.010144959000172094, 0.011155125001096167, 0.017032417003065348, 0.010432125003717374, 0.015212999998766463, 0.009768500000063796, 0.014644292001321446, 0.009312958005466498, 0.01357083299808437, 0.009161958005279303, 0.011401083000237122, 0.010349332995247096]",N2_eqm,,False
raw_fermionic_su2,,3,-107.57893333705003,0.07518911047250754,False,0.11558716599392937,3,True,False,False,100,8,1e-06,6.069550408938085e-07,0.0,"[-107.64167024788362, -107.5786820113358, -107.57889571416014, -107.57891150502901, -107.57892672741853, -107.57892922563879, -107.57893273009499, -107.57893333705003]","[0.019872915996529628, 0.011232541997742373, 0.015266583002812695, 0.015114207999431528, 0.011249041999690235, 0.011369790998287499, 0.011461583999334835, 0.01064487500116229]",N2_eqm,,False
raw_fermionic_su2,,4,-107.59941883105058,0.05470361647195432,False,0.08622591600578744,4,True,False,False,100,4,1e-06,2.106048668792937e-11,0.0,"[-107.64167024788362, -107.59713919736798, -107.59941883102952, -107.59941883105058]","[0.019595375000790227, 0.02303083400329342, 0.022507333000248764, 0.012373917001241352]",N2_eqm,,False
raw_fermionic_su2,,5,-107.608455991492,0.04566645603054553,False,0.07256745899940142,5,True,False,False,100,4,1e-06,1.1908696251339279e-11,0.0,"[-107.64167024788362, -107.60644904481542, -107.60845599148008, -107.608455991492]","[0.022761958003684413, 0.013227249997726176, 0.013048583001364022, 0.015389041000162251]",N2_eqm,,False
raw_fermionic_su2,,6,-107.61687244075016,0.037250006772381994,False,0.07014908299606759,6,True,False,False,100,4,1e-06,2.6147972675971687e-12,0.0,"[-107.64167024788362, -107.61683267026201, -107.61687244075277, -107.61687244075016]","[0.01909633300238056, 0.016323208998073824, 0.011391542000637855, 0.011112583997601178]",N2_eqm,,False
raw_fermionic_su2,,7,-107.62407553303451,0.030046914488025322,False,0.11741062500368571,7,True,False,False,100,6,1e-06,1.950869830125157e-07,0.0,"[-107.64167024788362, -107.62409168712618, -107.62407433154313, -107.62407677030971, -107.6240757281215, -107.62407553303451]","[0.015417209004226606, 0.015046874999825377, 0.021998832999088336, 0.015977957998984493, 0.018144166002457496, 0.021339917002478614]",N2_eqm,,False
raw_fermionic_su2,,8,-107.6307988997621,0.023323547760440988,False,0.10373158400034299,8,True,False,False,100,5,1e-06,9.607154538571194e-08,0.0,"[-107.64167024788362, -107.63081757456614, -107.63079424432807, -107.63079880369055, -107.6307988997621]","[0.02066670799831627, 0.02137379200576106, 0.017101375000493135, 0.0164434580001398, 0.018274374997417908]",N2_eqm,,False
raw_fermionic_su2,,9,-107.63734867756831,0.01677376995422719,False,0.09994341700075893,9,True,False,False,100,5,1e-06,2.412694186659792e-07,0.0,"[-107.64167024788362, -107.63736769802831, -107.63734507755625, -107.63734891883773, -107.63734867756831]","[0.023784042001352645, 0.019507958000758663, 0.018332375002501067, 0.015608417001203634, 0.013224541995441541]",N2_eqm,,False
raw_fermionic_su2,,10,-107.6389533027003,0.015169144822237968,False,0.08175370800017845,10,True,False,False,100,4,1e-06,5.7696070143720135e-12,0.0,"[-107.64167024788362, -107.64145275132132, -107.63895330269453, -107.6389533027003]","[0.01932183300232282, 0.02561533299740404, 0.013117458001943305, 0.01262299999507377]",N2_eqm,,False
raw_fermionic_su2,,12,-107.64510228216717,0.009020165355366316,False,0.1551353749964619,12,True,False,False,100,6,1e-06,3.5460266190057155e-07,0.0,"[-107.64167024788362, -107.64407382695741, -107.64413791433562, -107.64511070726208, -107.64510192756451, -107.64510228216717]","[0.020472541997150984, 0.04860641599952942, 0.019530874997144565, 0.017717916998662986, 0.014870541999698617, 0.018888459002482705]",N2_eqm,,False
raw_fermionic_su2,,14,-107.64677333933294,0.007349108189600884,False,0.1118134580028709,14,True,False,False,100,6,1e-06,1.2306600183364935e-11,0.0,"[-107.6424627875381, -107.64451727646413, -107.64605609764247, -107.64690571673579, -107.64677333932063, -107.64677333933294]","[0.018128458003047854, 0.017664416001935024, 0.017611209004826378, 0.017651374997512903, 0.016439792001619935, 0.01605270800064318]",N2_eqm,,False
raw_fermionic_su2,,16,-107.64730614136933,0.006816306153211826,False,0.11936687499837717,16,True,False,False,100,6,1e-06,4.431193190157501e-07,0.0,"[-107.64248538399336, -107.64504891995604, -107.64664214971528, -107.64735333434943, -107.64730658448865, -107.64730614136933]","[0.02029449999827193, 0.017799332999857143, 0.01798170899564866, 0.018298958006198518, 0.018530791996454354, 0.018745750006928574]",N2_eqm,,False
raw_fermionic_su2,,18,-107.6485504853476,0.005571962174940381,False,0.08014341699890792,18,True,False,False,100,4,1e-06,3.368492400568357e-07,0.0,"[-107.64290658969806, -107.64770258333876, -107.64855082219684, -107.6485504853476]","[0.015217667001707014, 0.0178760830021929, 0.019848208998155314, 0.01989512500585988]",N2_eqm,,False
raw_fermionic_su2,,20,-107.65198165752552,0.0021407899970142807,False,0.1343096249984228,20,True,False,False,100,6,1e-06,3.8840340721435496e-07,0.0,"[-107.642967763514, -107.64903349972569, -107.65105747451791, -107.65194729291606, -107.65198126912212, -107.65198165752552]","[0.01620412500051316, 0.023969833004230168, 0.021273541999107692, 0.021395666000898927, 0.021965166997688357, 0.021968583001580555]",N2_eqm,,False
raw_fermionic_su2,,30,-107.65367964855015,0.00044279897238652666,True,0.25538404200051446,30,True,False,False,100,8,1e-06,1.9983161791969906e-08,0.0,"[-107.6429679901073, -107.65165905398744, -107.6530248015314, -107.65315260121066, -107.65369359322206, -107.6536827247899, -107.65367966853331, -107.65367964855015]","[0.016049833000579383, 0.022625542005698662, 0.0357241250021616, 0.03534445900004357, 0.03146504199685296, 0.030507749994285405, 0.0437293340000906, 0.03198816700023599]",N2_eqm,,False
raw_qubit,block2_pauli,1,-107.27244850120636,0.30918642097607574,False,0.20441970800311537,1,True,False,False,100,3,1e-06,0.0,0.0,"[-107.52694981960468, -107.27244850120636, -107.27244850120636]","[0.05344362500181887, 0.059003458998631686, 0.0667931670031976]",N2_corr,,False
raw_qubit,block2_pauli,2,-107.37282419015696,0.2088107320254693,False,0.2180814159946749,2,True,False,False,100,3,1e-06,7.773337529215496e-12,0.0,"[-107.52694981960468, -107.37282419014919, -107.37282419015696]","[0.06537287500395905, 0.062382040996453725, 0.05596812500152737]",N2_corr,,False
raw_qubit,block2_pauli,3,-107.44666429961993,0.13497062256250558,False,0.24739483300072607,3,True,False,False,100,3,1e-06,7.631882681380375e-09,0.0,"[-107.52694981960468, -107.44666429198804, -107.44666429961993]","[0.08334470800036797, 0.07006633299897658, 0.05813129200396361]",N2_corr,,False
raw_qubit,block2_pauli,4,-107.46104855539784,0.12058636678459322,False,0.3258875839965185,4,True,False,False,100,5,1e-06,2.4433066414530913e-07,0.0,"[-107.52694981960468, -107.46029779815632, -107.46100460014583, -107.4610487997285, -107.46104855539784]","[0.08300625000265427, 0.05647720799606759, 0.04885695900156861, 0.0531875839951681, 0.05228283299948089]",N2_corr,,False
raw_qubit,block2_pauli,5,-107.4737154110648,0.10791951111762899,False,0.8637682499975199,5,True,False,False,100,12,1e-06,4.451165125374246e-08,0.0,"[-107.52694981960471, -107.4731124530611, -107.47317998369004, -107.47322164828645, -107.47393792102044, -107.47394178514608, -107.47337441545245, -107.4733762581538, -107.4735030637232, -107.47350413556006, -107.47371536655315, -107.4737154110648]","[0.06570725000347011, 0.055412041998351924, 0.05223766699782573, 0.05451129200082505, 0.0651819999984582, 0.05676337499608053, 0.05208804100402631, 0.06054733299970394, 0.08661350000329548, 0.08463016700261505, 0.13079999999899883, 0.06873558399820467]",N2_corr,,False
raw_qubit,block2_pauli,6,-107.49187315445184,0.08976176773059308,False,0.5499805419967743,6,True,False,False,100,8,1e-06,5.448978868116683e-08,0.0,"[-107.52694981960471, -107.49131123216507, -107.49147228109217, -107.4915314696834, -107.49157946168944, -107.49156701517504, -107.49187309996205, -107.49187315445184]","[0.08356758300215006, 0.06191141699673608, 0.06112241600203561, 0.06607516700023552, 0.06027483299840242, 0.061878458996943664, 0.060262708000664134, 0.06080883299728157]",N2_corr,,False
raw_qubit,block2_pauli,7,-107.50764352125614,0.07399140092628897,False,0.29738350000116043,7,True,False,False,100,4,1e-06,3.8370714605662215e-07,0.0,"[-107.52694981960474, -107.506000027535, -107.507643137549, -107.50764352125614]","[0.07388370799890254, 0.06685787499736762, 0.06331137500092154, 0.06532566600071732]",N2_corr,,False
raw_qubit,block2_pauli,8,-107.51340814235661,0.06822677982582093,False,0.2723732079975889,8,True,False,False,100,4,1e-06,8.735148355754063e-07,0.0,"[-107.52694981960474, -107.51267529291519, -107.51340726884177, -107.51340814235661]","[0.0702065829973435, 0.05643462500302121, 0.05589754199900199, 0.06254104200343136]",N2_corr,,False
raw_qubit,block2_pauli,9,-107.51976335900358,0.06187156317885467,False,0.2893805420026183,9,True,False,False,100,4,1e-06,2.08761719022732e-07,0.0,"[-107.52694981960474, -107.51973311864855, -107.51976315024186, -107.51976335900358]","[0.07198595800582552, 0.06274712499725865, 0.06649916600144934, 0.06232449999515666]",N2_corr,,False
raw_qubit,block2_pauli,10,-107.52116119215663,0.06047373002580514,False,0.315016624997952,10,True,False,False,100,4,1e-06,9.860867891120506e-07,0.0,"[-107.52694981960474, -107.52234709434083, -107.52116020606984, -107.52116119215663]","[0.0747778329969151, 0.06736170899966964, 0.07131041600223398, 0.07542391700553708]",N2_corr,,False
raw_qubit,block2_pauli,12,-107.52397710923749,0.05765781294493877,False,0.32613304099504603,12,True,False,False,100,4,1e-06,9.382843302319088e-08,0.0,"[-107.52694981960474, -107.52372528189548, -107.52397701540906, -107.52397710923749]","[0.08290879199921619, 0.07179445799556561, 0.0738844160005101, 0.07022587500250665]",N2_corr,,False
raw_qubit,block2_pauli,14,-107.52584521163453,0.05578971054789861,False,0.47158445799868787,14,True,False,False,100,5,1e-06,2.7906423838430783e-07,0.0,"[-107.52694981960474, -107.52583383623411, -107.52584022378588, -107.5258449325703, -107.52584521163453]","[0.09726025000418304, 0.08439408399863169, 0.08809904100053245, 0.0886511669959873, 0.08644333299889695]",N2_corr,,False
raw_qubit,block2_pauli,16,-107.52670378923551,0.05493113294691909,False,0.3823800829995889,16,True,False,False,100,4,1e-06,2.5047924623322615e-08,0.0,"[-107.52694981960474, -107.52669798013075, -107.52670381428344, -107.52670378923551]","[0.08561316700070165, 0.08992316699732328, 0.09045537500060163, 0.08953216700319899]",N2_corr,,False
raw_qubit,block2_pauli,18,-107.5556487559285,0.025986166253929355,False,2.9032914159979555,18,True,False,False,100,23,1e-06,3.8592834528117237e-07,0.0,"[-107.52694981960474, -107.53423817309576, -107.5345611881331, -107.53463745448198, -107.53714594150986, -107.5380123370105, -107.5387537884787, -107.54111518659352, -107.54408661096915, -107.54762570234129, -107.54937858039844, -107.55061059981992, -107.55090327896181, -107.55181576736697, -107.55474176388438, -107.55525237112094, -107.55545754656421, -107.5556185158339, -107.55562544027572, -107.55564110237609, -107.55564255285658, -107.55564837000016, -107.5556487559285]","[0.08294041600311175, 0.103703000000678, 0.11325870900327573, 0.11237408300075913, 0.12103966600261629, 0.1305794999934733, 0.1364740829958464, 0.13450820800062502, 0.13243116700323299, 0.13257008300570305, 0.12562604200502392, 0.13065820799965877, 0.13082987500092713, 0.1684273339997162, 0.12416729200049303, 0.12928945900057442, 0.12377679199562408, 0.1280619159952039, 0.1283879580005305, 0.1232207500070217, 0.12110870899778092, 0.11813383299886482, 0.11845579099463066]",N2_corr,,False
raw_qubit,block2_pauli,20,-107.52694904649219,0.05468587569023953,False,0.21221683300245786,20,True,False,False,100,2,1e-06,7.731125464260913e-07,0.0,"[-107.52694981960474, -107.52694904649219]","[0.0868765830018674, 0.09893470800307114]",N2_corr,,False
raw_qubit,block2_pauli,30,-107.57843081638337,0.0032041057990568333,False,4.466026959002193,30,True,False,False,100,15,1e-06,1.4175127205362514e-07,0.0,"[-107.54407780322717, -107.56510627630138, -107.57203456385295, -107.57316230537373, -107.57420238907045, -107.57525653884466, -107.57524909219691, -107.57624350684088, -107.57662766826826, -107.57823603831574, -107.57825952484822, -107.57843341897582, -107.57843525764397, -107.57843095813465, -107.57843081638337]","[0.10364470799686387, 0.22611520899954485, 0.37777583300339757, 0.36504679099743953, 0.3181770829978632, 0.3151265409978805, 0.3437939580035163, 0.3217578749972745, 0.35044370800460456, 0.3146239580019028, 0.29062291699665366, 0.2841650420014048, 0.27606516599917086, 0.26924833299563034, 0.27867574999982025]",N2_corr,,False
raw_qubit,block2_pauli,40,-107.58078305278624,0.000851869396186089,True,9.684399041994766,40,True,False,False,100,23,1e-06,4.132520814437157e-07,0.0,"[-107.54625895389367, -107.56908347133052, -107.57598632162097, -107.57687008368973, -107.5772065198759, -107.57742332383319, -107.57953331228862, -107.58082550647651, -107.58085044261222, -107.58081309318985, -107.58076563362312, -107.58078099100291, -107.58076174476071, -107.58075921648452, -107.58077544191771, -107.58076800663304, -107.5807550747248, -107.580782136099, -107.58078927152758, -107.58074801478438, -107.58074049200792, -107.58078263953416, -107.58078305278624]","[0.12127808300283505, 0.2818663329962874, 0.5659805420000339, 0.5548922079979093, 0.46639349999895785, 0.4686188330015284, 0.45234791699476773, 0.43813075000070967, 0.43857574999856297, 0.427996833997895, 0.42647291700268397, 0.40664258300239453, 0.4227305839958717, 0.40560445799928857, 0.4234770840048441, 0.4118901249967166, 0.42325008300394984, 0.4083759999994072, 0.4312389999977313, 0.41826508300437126, 0.4188978340025642, 0.41335216599691194, 0.4240016249968903]",N2_corr,,False
HCT_Nover2_Comm,block2_pauli,1,-107.4751972643164,0.10643765786602444,False,0.37165975000243634,1,True,False,False,100,4,1e-06,2.2586178261008172e-08,0.0,"[-107.52694981960477, -107.48043464014539, -107.47519728690258, -107.4751972643164]","[0.10127912500320235, 0.07207308299985016, 0.06833862500207033, 0.06750058400211856]",N2_corr,HCT N/2 Comm,False
HCT_Nover2_Comm,block2_pauli,2,-107.50022758728258,0.08140733489985053,False,0.331576333999692,2,True,False,False,100,3,1e-06,2.799845191248096e-07,0.0,"[-107.52694987818595, -107.5002278672671, -107.50022758728258]","[0.11887325000134297, 0.0790599160027341, 0.07471854199684458]",N2_corr,HCT N/2 Comm,False
HCT_Nover2_Comm,block2_pauli,3,-107.50034444655424,0.0812904756281938,False,0.3595707909989869,3,True,False,False,100,4,1e-06,2.781916919047944e-10,0.0,"[-107.52694987818595, -107.50022846026246, -107.50034444683243, -107.50034444655424]","[0.12169749999884516, 0.060424874995078426, 0.059639416002028156, 0.06162437499733642]",N2_corr,HCT N/2 Comm,False
HCT_Nover2_Comm,block2_pauli,4,-107.5343264519687,0.04730847021373563,False,0.39463270799751626,4,True,False,False,100,4,1e-06,5.59543565259446e-07,0.0,"[-107.53486100369362, -107.53427072156428, -107.53432589242513, -107.5343264519687]","[0.12704658399889013, 0.07466304099943954, 0.0699097089964198, 0.06965704200410983]",N2_corr,HCT N/2 Comm,False
HCT_Nover2_Comm,block2_pauli,5,-107.5376387488858,0.043996173296633856,False,0.8468064999979106,5,True,False,False,100,8,1e-06,1.5537806064003234e-07,0.0,"[-107.54033493484596, -107.5346391627688, -107.5358673890886, -107.53627029604553, -107.53751808830171, -107.5375370766674, -107.53763859350774, -107.5376387488858]","[0.13403166700300062, 0.07577345799654722, 0.15579650000290712, 0.08010466700216057, 0.07489204200101085, 0.08192074999533361, 0.10711491700203624, 0.07772116600244772]",N2_corr,HCT N/2 Comm,False
HCT_Nover2_Comm,block2_pauli,6,-107.55684993985705,0.02478498232538584,False,0.6885077920014737,6,True,False,False,100,7,1e-06,8.379235225675075e-07,0.0,"[-107.54999420807084, -107.55365817991657, -107.55582898185638, -107.55678273592929, -107.55686073609158, -107.55684910193352, -107.55684993985705]","[0.1444831249973504, 0.08256200000323588, 0.08247233300062362, 0.08147958300105529, 0.07748775000072783, 0.08234324999648379, 0.07721858299919404]",N2_corr,HCT N/2 Comm,False
HCT_Nover2_Comm,block2_pauli,7,-107.56216437285849,0.0194705493239411,False,0.649877750001906,7,True,False,False,100,6,1e-06,8.084313094514073e-07,0.0,"[-107.55567239818222, -107.56053557552963, -107.56211623180798, -107.56211486808459, -107.56216356442718, -107.56216437285849]","[0.158345374999044, 0.09200862500438234, 0.08692383299785433, 0.0872150419963873, 0.08385541600000579, 0.08435741600260371]",N2_corr,HCT N/2 Comm,False
HCT_Nover2_Comm,block2_pauli,8,-107.56395843706585,0.017676485116581375,False,0.5590592919979827,8,True,False,False,100,5,1e-06,2.35851899788031e-07,0.0,"[-107.55990428561023, -107.56299699803037, -107.56387035177215, -107.56395820121395, -107.56395843706585]","[0.14651366700127255, 0.08449404199927812, 0.08315716600191081, 0.101284417003626, 0.08868012500170153]",N2_corr,HCT N/2 Comm,False
HCT_Nover2_Comm,block2_pauli,9,-107.56615683216853,0.015478090013900214,False,0.8690446250038804,9,True,False,False,100,7,1e-06,1.519366321645066e-07,0.0,"[-107.56309213315023, -107.56534985948723, -107.56606492484343, -107.56615683811424, -107.56615788895641, -107.5661566802319, -107.56615683216853]","[0.18347129200265044, 0.11028662500029895, 0.10599254199769348, 0.10592037500464357, 0.10277245799807133, 0.10200641600386007, 0.10249320799630368]",N2_corr,HCT N/2 Comm,False
HCT_Nover2_Comm,block2_pauli,10,-107.56816709618519,0.013467825997238947,False,0.6896299590007402,10,True,False,False,100,5,1e-06,3.1942423106556816e-07,0.0,"[-107.56418940262851, -107.56717558032472, -107.56792792001042, -107.56816741560942, -107.56816709618519]","[0.187642249999044, 0.12114870799996424, 0.1095517919966369, 0.10951766700600274, 0.10851074999663979]",N2_corr,HCT N/2 Comm,False
HCT_Nover2_Comm,block2_pauli,12,-107.57459946541091,0.007035456771518511,False,0.7444997500060708,12,True,False,False,100,5,1e-06,1.5765489536079258e-07,0.0,"[-107.57217464452512, -107.57404150700359, -107.57450671818017, -107.57459930775602, -107.57459946541091]","[0.1900960839993786, 0.13525920899701305, 0.12109325000346871, 0.12463683300302364, 0.11959533299523173]",N2_corr,HCT N/2 Comm,False
HCT_Nover2_Comm,block2_pauli,14,-107.57678521585564,0.0048497063267944895,False,0.894920083002944,14,True,False,False,100,5,1e-06,7.666816088658379e-07,0.0,"[-107.57493934524116, -107.5765404652605, -107.57666268851906, -107.57678444917403, -107.57678521585564]","[0.1952380419970723, 0.17025366699817823, 0.1548789590015076, 0.16267708400118863, 0.15942083300615195]",N2_corr,HCT N/2 Comm,False
HCT_Nover2_Comm,block2_pauli,16,-107.57814244216117,0.0034924800212650098,False,0.9188135000003967,16,True,False,False,100,5,1e-06,4.7035193517785956e-07,0.0,"[-107.576523935253, -107.57810898819255, -107.57813112364866, -107.57814197180923, -107.57814244216117]","[0.21665199999551987, 0.17243604200484697, 0.16056087499600835, 0.15505475000099977, 0.1606994579997263]",N2_corr,HCT N/2 Comm,False
HCT_Nover2_Comm,block2_pauli,18,-107.57907073983895,0.002564182343476773,False,1.266168624999409,18,True,False,False,100,5,1e-06,1.644589531224483e-07,0.0,"[-107.57657815421616, -107.5788695188084, -107.57888866056194, -107.57907057538, -107.57907073983895]","[0.2454455830011284, 0.26759675000357674, 0.23131070799718145, 0.23636462500144262, 0.23210020900296513]",N2_corr,HCT N/2 Comm,False
HCT_Nover2_Comm,block2_pauli,20,-107.5794824447722,0.00215247741023461,False,1.8399659170027007,20,True,False,False,100,7,1e-06,4.765425387631694e-09,0.0,"[-107.5778003941573, -107.57940510673805, -107.57957189181874, -107.57947311225445, -107.57947427862342, -107.57948244953762, -107.5794824447722]","[0.26531766599509865, 0.2765617920013028, 0.25524112499988405, 0.24988562499493128, 0.2432172080007149, 0.24722266600292642, 0.24742962499294663]",N2_corr,HCT N/2 Comm,False
HCT_Nover2_Comm,block2_pauli,30,-107.58133949110285,0.0002954310795786341,True,3.6861874160022126,30,True,False,False,100,6,1e-06,3.467803821877169e-08,0.0,"[-107.57812035380985, -107.5804002327121, -107.58127140335, -107.58128947730611, -107.58133952578089, -107.58133949110285]","[0.38153512500139186, 0.7682822919960017, 0.6831603329992504, 0.6290188750062953, 0.5734745419977116, 0.5954827079985989]",N2_corr,HCT N/2 Comm,False
HCT_N_Comm,block2_pauli,1,-107.48601599878683,0.0956189233956053,False,1.076890040996659,1,True,False,False,100,16,1e-06,6.542233137452058e-07,0.0,"[-107.53008719713807, -107.48998710901208, -107.48510781709714, -107.48768150735948, -107.48600348885725, -107.48652507386666, -107.48603020196677, -107.4861580831309, -107.48602081635342, -107.48605429908656, -107.48601686987823, -107.48602583510856, -107.48601567822953, -107.48601809696726, -107.48601534456351, -107.48601599878683]","[0.08604333300172584, 0.06774433299869997, 0.07061620899912668, 0.06343362500047078, 0.05979537499661092, 0.07396358300320571, 0.067773834001855, 0.06986025000514928, 0.075298332994862, 0.06508904200018151, 0.062260749997221865, 0.056776833000185434, 0.055837040999904275, 0.057359665996045806, 0.052587874997698236, 0.05239275000349153]",N2_corr,HCT N Comm,False
HCT_N_Comm,block2_pauli,2,-107.54816534068533,0.03346958149710133,False,0.9005190419993596,2,True,False,False,100,11,1e-06,7.885213904046395e-07,0.0,"[-107.54834871782906, -107.5481648478704, -107.5481287798585, -107.54820111884322, -107.54818767135792, -107.54817916580447, -107.54817314698651, -107.54816959752125, -107.54816734303597, -107.54816612920672, -107.54816534068533]","[0.07219337500282563, 0.06035095800325507, 0.059477708004124, 0.07094345799850998, 0.08247829199535772, 0.06599333399935858, 0.07879958300327417, 0.06739320800261339, 0.17607333400519565, 0.06378050000057556, 0.06570591699710349]",N2_corr,HCT N Comm,False
HCT_N_Comm,block2_pauli,3,-107.5553432678461,0.02629165433633318,False,0.6675557090056827,3,True,False,False,100,9,1e-06,3.7871501490371884e-08,0.0,"[-107.55832287688153, -107.55579880464882, -107.55544165808584, -107.55527744183783, -107.55525930913336, -107.55533051536725, -107.55532754507838, -107.5553432299746, -107.5553432678461]","[0.101805541999056, 0.06603541700314963, 0.0734488330053864, 0.06738558399956673, 0.06173020799906226, 0.05987545900279656, 0.05959116700250888, 0.07304504200146766, 0.06515024999680463]",N2_corr,HCT N Comm,False
HCT_N_Comm,block2_pauli,4,-107.56131738202075,0.020317540161684633,False,0.39925229100481374,4,True,False,False,100,5,1e-06,3.069544618483633e-12,0.0,"[-107.56502329970377, -107.5622093815227, -107.56113363950185, -107.56131738202382, -107.56131738202075]","[0.09132708299875958, 0.06683450000127777, 0.06832329199824017, 0.06854349999775877, 0.07004537500324659]",N2_corr,HCT N Comm,False
HCT_N_Comm,block2_pauli,5,-107.56874485710814,0.012890065074287804,False,1.941799207997974,5,True,False,False,100,24,1e-06,6.643014671681158e-07,0.0,"[-107.57027839109868, -107.5684555416334, -107.56822126211674, -107.56823249452194, -107.56831591638073, -107.5683306712815, -107.56843295774402, -107.56844995467051, -107.56853837976334, -107.56855206202835, -107.56861630849919, -107.56862641667198, -107.5686684235544, -107.56867546919264, -107.5687012519148, -107.56870592325262, -107.5687211538295, -107.56872412287666, -107.56873306189277, -107.56873489657033, -107.56874008657526, -107.56874118769102, -107.56874419280668, -107.56874485710814]","[0.10005245800130069, 0.0754019580053864, 0.0744624169965391, 0.08339375000650762, 0.07212520799657796, 0.08082624999951804, 0.09610212499683257, 0.07897887499711942, 0.0745002920011757, 0.07201241700386163, 0.07397020799544407, 0.08296012500068173, 0.0818854579993058, 0.0783357079999405, 0.08483408299798612, 0.07739954099815805, 0.07422254099947168, 0.07483608300390188, 0.08181362500181422, 0.07792300000437535, 0.07712875000288477, 0.07672779199492652, 0.07392075000097975, 0.07280212500336347]",N2_corr,HCT N Comm,False
HCT_N_Comm,block2_pauli,6,-107.57232104623753,0.009313875944897632,False,1.4157159169990337,6,True,False,False,100,16,1e-06,6.968155332742754e-07,0.0,"[-107.57317232273599, -107.57172342054724, -107.57193882806132, -107.57216396842716, -107.57213943281118, -107.57226532676573, -107.57225786117795, -107.57230449559134, -107.57230142777149, -107.57231823247167, -107.57231585477965, -107.57232209727255, -107.57231994064153, -107.57232220931523, -107.572320349422, -107.57232104623753]","[0.09979687499435386, 0.08516770800633822, 0.08547937500406988, 0.08303070799593115, 0.08483875000092667, 0.08563754199713003, 0.08707783299905714, 0.08483079200232169, 0.08724212499510031, 0.08315358399704564, 0.08438162499805912, 0.08311420799873304, 0.0855550830019638, 0.08468191699648742, 0.08495449999463744, 0.08689199999935227]",N2_corr,HCT N Comm,False
HCT_N_Comm,block2_pauli,7,-107.57699890105789,0.00463602112453998,False,0.8970606250004494,7,True,False,False,100,9,1e-06,9.358417401017505e-07,0.0,"[-107.57462202147718, -107.5764163526428, -107.57692070027719, -107.57699770509934, -107.57699394790063, -107.57700125218653, -107.57699875944482, -107.57699983689963, -107.57699890105789]","[0.10203720799472649, 0.09131766700011212, 0.09762041700014379, 0.09434708299522754, 0.09460554199904436, 0.09524212499673013, 0.09390112500113901, 0.09603666699695168, 0.09569283400196582]",N2_corr,HCT N Comm,False
HCT_N_Comm,block2_pauli,8,-107.57779209093304,0.003842831249386336,False,0.7438579170047888,8,True,False,False,100,8,1e-06,5.067766011279673e-07,0.0,"[-107.57595637505331, -107.57767704633785, -107.57771972025397, -107.57775398538925, -107.57777525253331, -107.57777821531657, -107.57779158415644, -107.57779209093304]","[0.13426954099850263, 0.08024895899870899, 0.0828058749975753, 0.08124987500195857, 0.08325116600462934, 0.08223849999922095, 0.08096824999665841, 0.08247375000064494]",N2_corr,HCT N Comm,False
HCT_N_Comm,block2_pauli,9,-107.5786231312907,0.0030117908917333125,False,0.8139122079955996,9,True,False,False,100,7,1e-06,3.894645317359391e-07,0.0,"[-107.57776133569345, -107.57849778650872, -107.57860500355355, -107.57861814169587, -107.57862033889543, -107.57862352075523, -107.5786231312907]","[0.12153079099516617, 0.1123937499942258, 0.11040629199851537, 0.10522833399591036, 0.11156866700184764, 0.10829699999885634, 0.11037599999690428]",N2_corr,HCT N Comm,False
HCT_N_Comm,block2_pauli,10,-107.57955468878785,0.0020802333945795226,False,0.9726919579989044,10,True,False,False,100,8,1e-06,8.66785754283228e-07,0.0,"[-107.57839443173809, -107.57916362339242, -107.57932221321474, -107.57949866257167, -107.57953335189761, -107.57954953920627, -107.5795538220021, -107.57955468878785]","[0.12626537500182167, 0.11878612500004238, 0.1162531250010943, 0.11279129199829185, 0.11606400000164285, 0.11312520800129278, 0.11998587499692803, 0.11362620799627621]",N2_corr,HCT N Comm,False
HCT_N_Comm,block2_pauli,12,-107.58032595017032,0.0013089720121115533,True,0.7625895000019227,12,True,False,False,100,6,1e-06,6.282601248130959e-07,0.0,"[-107.57934557967145, -107.58001108094771, -107.58024731599848, -107.58026240619424, -107.58032657843044, -107.58032595017032]","[0.13543145899893716, 0.12055712500296067, 0.12190137500147102, 0.11452733299665852, 0.11810333299945341, 0.11785712499840884]",N2_corr,HCT N Comm,False
Pauli_BLISS+HCT_N_Comm,block2_pauli,1,-107.47472311400918,0.10691180817325119,False,1.6315142090024892,1,True,False,False,100,18,1e-06,4.051021988971115e-07,0.0,"[-107.55544961709812, -107.47779640633655, -107.4707224790076, -107.47786733337033, -107.4746942605237, -107.47573259629775, -107.47479413219367, -107.47502396158987, -107.47474979715398, -107.47481037553206, -107.47473093383284, -107.47474794566492, -107.47472498182474, -107.47472985437074, -107.4747232209299, -107.47472462468826, -107.47472270890698, -107.47472311400918]","[0.15641487499669893, 0.08720591699966462, 0.09960620800120523, 0.08695070800604299, 0.08312629099964397, 0.09190129200578667, 0.08818954199523432, 0.08561654100049054, 0.08040770899970084, 0.0819837919989368, 0.07325087499339134, 0.07101362499815878, 0.07627937500365078, 0.0763960410040454, 0.07437070900050458, 0.0765031250048196, 0.08150516699970467, 0.07606795799802057]",N2_corr,Pauli BLISS+HCT N Comm,False
Pauli_BLISS+HCT_N_Comm,block2_pauli,2,-107.53217763803545,0.049457284146981806,False,1.0858884589979425,2,True,False,False,100,9,1e-06,5.961166209544899e-07,0.0,"[-107.56092397662496, -107.53499834045762, -107.53354896002796, -107.53199393367208, -107.5319994766792, -107.5321397628556, -107.53214537093743, -107.53217704191883, -107.53217763803545]","[0.24881637500220677, 0.09019554199767299, 0.09491316599451238, 0.11126870899897767, 0.09676029199908953, 0.08739100000093458, 0.09971370799758006, 0.09338962499896297, 0.085646583000198]",N2_corr,Pauli BLISS+HCT N Comm,False
Pauli_BLISS+HCT_N_Comm,block2_pauli,3,-107.55214831330147,0.029486608880958443,False,1.1902964999972028,3,True,False,False,100,9,1e-06,7.166428730442931e-07,0.0,"[-107.56598494398177, -107.5533809472592, -107.55229632513057, -107.552214559297, -107.55217931834704, -107.55215842603147, -107.55215315580466, -107.55214902994435, -107.55214831330147]","[0.21557525000389433, 0.11427270899730502, 0.11021174999768846, 0.11153379199822666, 0.11196554199705133, 0.11767558300198289, 0.11293820799619425, 0.10857383300026413, 0.10708604199317051]",N2_corr,Pauli BLISS+HCT N Comm,False
Pauli_BLISS+HCT_N_Comm,block2_pauli,4,-107.56028966167966,0.021345260502769747,False,0.9372676249986398,4,True,False,False,100,5,1e-06,1.7759589354682248e-09,0.0,"[-107.57306663016016, -107.55986936734851, -107.56020765459846, -107.56028966345562, -107.56028966167966]","[0.28425704100664007, 0.14964616599900182, 0.1482537499978207, 0.14243908299977193, 0.1381736670009559]",N2_corr,Pauli BLISS+HCT N Comm,False
Pauli_BLISS+HCT_N_Comm,block2_pauli,5,-107.56424052090657,0.017394401275865334,False,1.1393062919960357,5,True,False,False,100,5,1e-06,4.613692965449445e-07,0.0,"[-107.57306663016016, -107.56489010668193, -107.56425557183607, -107.56424005953727, -107.56424052090657]","[0.32504524999967543, 0.18201033299556002, 0.19282825000118464, 0.18411879199993564, 0.18491958399681607]",N2_corr,Pauli BLISS+HCT N Comm,False
Pauli_BLISS+HCT_N_Comm,block2_pauli,6,-107.57305187388761,0.008583048294823925,False,1.3697712080029305,6,True,False,False,100,5,1e-06,9.568448433583399e-08,0.0,"[-107.57586945818565, -107.5730074707096, -107.57311803022735, -107.57305177820312, -107.57305187388761]","[0.3397323330063955, 0.22316941700410098, 0.2349992919989745, 0.23385516599955736, 0.25489804099925095]",N2_corr,Pauli BLISS+HCT N Comm,False
Pauli_BLISS+HCT_N_Comm,block2_pauli,7,-107.5736044162353,0.008030505947132838,False,2.7428090829998837,7,True,False,False,100,9,1e-06,4.378580200636861e-07,0.0,"[-107.57788542174018, -107.57317071927427, -107.57346798064268, -107.57350549822493, -107.57356137269767, -107.57358946485941, -107.5735941502339, -107.57360397837728, -107.5736044162353]","[0.38566841700230725, 0.2853147080022609, 0.3088521669997135, 0.2897636249981588, 0.2852800830005435, 0.2688129580055829, 0.2720895410020603, 0.2778947090046131, 0.29482745900168084]",N2_corr,Pauli BLISS+HCT N Comm,False
Pauli_BLISS+HCT_N_Comm,block2_pauli,8,-107.5764065758141,0.005228346368326697,False,1.1551179160014726,8,True,False,False,100,3,1e-06,6.448885869758669e-11,0.0,"[-107.57847487769664, -107.5764065758786, -107.5764065758141]","[0.45506004199705785, 0.3013191670033848, 0.329655791996629]",N2_corr,Pauli BLISS+HCT N Comm,False
Pauli_BLISS+HCT_N_Comm,block2_pauli,9,-107.5781474338186,0.0034874883638309484,False,3.2587237499974435,9,True,False,False,100,7,1e-06,7.704539370934071e-07,0.0,"[-107.57857911490153, -107.57816850595393, -107.5781379450283, -107.57815312801517, -107.57814606466302, -107.57814820427254, -107.5781474338186]","[0.5197085830004653, 0.4328056660015136, 0.46604470899910666, 0.40792387499823235, 0.4838337090041023, 0.4008230410036049, 0.4732724169953144]",N2_corr,Pauli BLISS+HCT N Comm,False
Pauli_BLISS+HCT_N_Comm,block2_pauli,10,-107.57966889139554,0.0019660307868889504,False,1.9356551250020857,10,True,False,False,100,4,1e-06,2.3599598364398844e-07,0.0,"[-107.57860403352487, -107.57966647354407, -107.57966865539956, -107.57966889139554]","[0.5066260830062674, 0.43309649999719113, 0.4650705000021844, 0.46048108400282217]",N2_corr,Pauli BLISS+HCT N Comm,False
Pauli_BLISS+HCT_N_Comm,block2_pauli,12,-107.58029576678419,0.0013391553982415871,True,2.592872332999832,12,True,False,False,100,5,1e-06,5.051120410826115e-09,0.0,"[-107.57905500334044, -107.58029997221196, -107.58031230171551, -107.58029576173307, -107.58029576678419]","[0.5592448340030387, 0.4841349580019596, 0.48010945800342597, 0.488696374995925, 0.5079404580028495]",N2_corr,Pauli BLISS+HCT N Comm,False
BS_Nover2_Comm,block2_pauli,1,-107.3727265938082,0.20890832837423545,False,0.31852845899993554,1,True,False,False,100,4,1e-06,8.526512829121202e-14,0.0,"[-107.52696942257208, -107.37210061766518, -107.37272659380828, -107.3727265938082]","[0.07797354200010886, 0.07150341699889395, 0.07419691600080114, 0.06536708299972815]",N2_corr,BS N/2 Comm,False
BS_Nover2_Comm,block2_pauli,2,-107.48880062810576,0.09283429407666688,False,1.0963760839949828,2,True,False,False,100,16,1e-06,8.219487028782169e-07,0.0,"[-107.52707945018712, -107.47325209373352, -107.46989747407336, -107.48863817273599, -107.49033406154932, -107.48843578003391, -107.4891058454157, -107.4887327249796, -107.48886567344215, -107.48878590697666, -107.48881444498494, -107.48879740170733, -107.48880373138039, -107.48880001951713, -107.48880145005447, -107.48880062810576]","[0.08113970900012646, 0.06652637499792036, 0.07282895800017286, 0.070505083000171, 0.06936958299775142, 0.058751791999384295, 0.057959375000791624, 0.06214233300124761, 0.06550675000471529, 0.061693791998550296, 0.06176437500107568, 0.056478958002117, 0.09483158399962122, 0.05767770799866412, 0.05746099999669241, 0.05818908400397049]",N2_corr,BS N/2 Comm,False
BS_Nover2_Comm,block2_pauli,3,-107.50888433522462,0.07275058695780956,False,0.6098274169999058,3,True,False,False,100,7,1e-06,8.314302135659091e-08,0.0,"[-107.52970017858061, -107.50448008649562, -107.5090324686338, -107.50887901487826, -107.50888127092918, -107.50888441836764, -107.50888433522462]","[0.07739637499616947, 0.06072262499947101, 0.07000770799641032, 0.06746341699908953, 0.13057062499865424, 0.09144391699373955, 0.07717729200521717]",N2_corr,BS N/2 Comm,False
BS_Nover2_Comm,block2_pauli,4,-107.52206737001606,0.059567552166370774,False,0.32276770799944643,4,True,False,False,100,4,1e-06,1.3372414287005085e-11,0.0,"[-107.54436012690911, -107.52103600342764, -107.52206737000269, -107.52206737001606]","[0.07886291600152617, 0.07490891599445604, 0.07383258399931947, 0.06446245799452299]",N2_corr,BS N/2 Comm,False
BS_Nover2_Comm,block2_pauli,5,-107.53976386866569,0.04187105351674347,False,2.2669676250006887,5,True,False,False,100,32,1e-06,1.240790936662961e-07,0.0,"[-107.55485129185833, -107.53678883413836, -107.53815366127505, -107.53828422255042, -107.53830069266701, -107.5382883773862, -107.53828702544493, -107.53826354787455, -107.5382586253788, -107.53822842356249, -107.53822172936432, -107.53818404783274, -107.53817530332748, -107.5381280429692, -107.53811652323549, -107.53805777510165, -107.53804287403327, -107.53797562360164, -107.53795907072083, -107.53791062443506, -107.53790780624314, -107.53799309959797, -107.53807634751446, -107.53850319254892, -107.53879179406792, -107.53930491035435, -107.53954449104492, -107.53970221583108, -107.53974618955068, -107.53976205316786, -107.5397637445866, -107.53976386866569]","[0.09255200000188779, 0.0724536249981611, 0.07455520900111878, 0.06860841700108722, 0.06746966700302437, 0.07139004100463353, 0.06921804200101178, 0.07360233300278196, 0.06806166600290453, 0.06657366700528655, 0.065231083004619, 0.06568812499608612, 0.0654588750039693, 0.06621266699949047, 0.06886949999898206, 0.07220458400115604, 0.06610520799586084, 0.06711041700327769, 0.06517629100562772, 0.0661562919995049, 0.06476204099453753, 0.09531649999553338, 0.07062024999322603, 0.06764424999710172, 0.06484849999833386, 0.06663079099962488, 0.06568716599576874, 0.0664811250026105, 0.06684866599971429, 0.06739774999732617, 0.065262125004665, 0.06601012500323122]",N2_corr,BS N/2 Comm,False
BS_Nover2_Comm,block2_pauli,6,-107.54876384077997,0.032871081402461755,False,1.7815380829997594,6,True,False,False,100,23,1e-06,7.042433338710907e-07,0.0,"[-107.55897394097752, -107.54720046836243, -107.54811660085511, -107.54675834763319, -107.54798341492855, -107.54801754143989, -107.54832444464351, -107.54855624197114, -107.54863816863767, -107.54872392298242, -107.54879204392644, -107.54880255190966, -107.54883671054796, -107.54881234219366, -107.54881795650783, -107.54879490280663, -107.54879195468303, -107.54877843588694, -107.54877562787496, -107.54876903051107, -107.54876750897682, -107.5487645450233, -107.54876384077997]","[0.08807483300188323, 0.07405437499983236, 0.07331150000391062, 0.08190941700013354, 0.07776233399636112, 0.079756166000152, 0.07926016700366745, 0.0790827500022715, 0.07261100000323495, 0.07486541700200178, 0.07249449999653734, 0.07299025000247639, 0.07141354199848138, 0.07299050000438001, 0.07157299999380484, 0.07278804100496927, 0.07572816599713406, 0.07394729200314032, 0.07116491699707694, 0.07476991599833127, 0.0724032090001856, 0.07636749999801395, 0.0792842919981922]",N2_corr,BS N/2 Comm,False
BS_Nover2_Comm,block2_pauli,7,-107.55796053450692,0.023674387675512776,False,1.7517057500008377,7,True,False,False,100,21,1e-06,3.8017060433048755e-07,0.0,"[-107.56034275107982, -107.55696074554172, -107.55884234999755, -107.5587078169975, -107.55876259015562, -107.5585683005714, -107.55858391443782, -107.5584338164818, -107.55844908656778, -107.55833016592206, -107.55834298520557, -107.5582408815987, -107.55824956724237, -107.55815830506384, -107.55816351296522, -107.55808284879488, -107.55808564758561, -107.55801642737121, -107.55801770007878, -107.55796015433631, -107.55796053450692]","[0.09809195900015766, 0.09010158399905777, 0.08291237500088755, 0.08284837500104913, 0.08029041699774098, 0.0803819580032723, 0.0829971250059316, 0.08041729199612746, 0.07929704200068954, 0.0793649999977788, 0.0783480839963886, 0.08247458400001051, 0.07885562499723164, 0.07981104200007394, 0.07803812500060303, 0.07903200000146171, 0.0783404169997084, 0.08103787500294857, 0.07941924999613548, 0.07980904199939687, 0.07827820799866458]",N2_corr,BS N/2 Comm,False
BS_Nover2_Comm,block2_pauli,8,-107.56454261749954,0.017092304682890358,False,0.6163487910016556,8,True,False,False,100,7,1e-06,2.5447880602769146e-07,0.0,"[-107.56209614404939, -107.56420968857978, -107.56444368686141, -107.56453648376639, -107.5645216217473, -107.56454287197835, -107.56454261749954]","[0.09512483399885241, 0.07688216599490261, 0.08176920899859397, 0.08114587500313064, 0.08276587500586174, 0.08326525000302354, 0.08298658400599379]",N2_corr,BS N/2 Comm,False
BS_Nover2_Comm,block2_pauli,9,-107.56614688453709,0.015488037645340569,False,0.9607317499976489,9,True,False,False,100,9,1e-06,3.6344101772556314e-07,0.0,"[-107.56240124649727, -107.56605956356739, -107.56600263260074, -107.56614580256092, -107.56616547390102, -107.56615107926291, -107.5661523945797, -107.56614724797811, -107.56614688453709]","[0.11528833299962571, 0.10112474999914411, 0.09977608299959684, 0.10124133399949642, 0.1007709170007729, 0.10175945800438058, 0.10207754099974409, 0.10153258300124435, 0.10214783300034469]",N2_corr,BS N/2 Comm,False
BS_Nover2_Comm,block2_pauli,10,-107.56743261872398,0.014202303458446863,False,0.6941242499960936,10,True,False,False,100,6,1e-06,9.937477329913236e-07,0.0,"[-107.56266771473308, -107.56702076508253, -107.56721229124935, -107.56717116177867, -107.56743361247172, -107.56743261872398]","[0.12017075000039767, 0.10866979200363858, 0.11111979199631605, 0.10715416599850869, 0.10672008399706101, 0.10650066700327443]",N2_corr,BS N/2 Comm,False
BS_Nover2_Comm,block2_pauli,12,-107.57605228395987,0.005582638222563219,False,3.867948958002671,12,True,False,False,100,37,1e-06,8.403868747564047e-07,0.0,"[-107.56801517506003, -107.57035151261769, -107.57075929970321, -107.5714393995815, -107.57163261615563, -107.57217547870073, -107.57232724290952, -107.57308408539703, -107.57321810613482, -107.5742844305752, -107.57448407342058, -107.57515564308713, -107.57530646414747, -107.57560154272795, -107.57570111815465, -107.57581493682184, -107.57588044213261, -107.5759166187863, -107.57595517953114, -107.57594753716288, -107.57596918901356, -107.57592858467783, -107.5760544389787, -107.57600268842225, -107.57616618711515, -107.5761165023944, -107.57615967624011, -107.57611476221302, -107.57611930070117, -107.57608810398706, -107.5760854570994, -107.57606747417853, -107.57606466434149, -107.57605638498717, -107.57605452501099, -107.57605312434674, -107.57605228395987]","[0.13145662500028266, 0.11792420800338732, 0.11446475000411738, 0.1102689580002334, 0.1170294580006157, 0.10936824999953387, 0.10554170799878193, 0.10845133299881127, 0.10410062500159256, 0.10070925000036368, 0.1004215419961838, 0.09734941699571209, 0.10190366700408049, 0.09880400000110967, 0.09864120899874251, 0.09660812499350868, 0.09918716700485675, 0.1013254169956781, 0.1028019579971442, 0.09747245800099336, 0.10081637500115903, 0.09718970800167881, 0.10164891699969303, 0.10053299999708543, 0.1005262499966193, 0.09814566600107355, 0.0991251250015921, 0.09962362499936717, 0.1037961669935612, 0.09913725000660634, 0.099686625006143, 0.09775604100286728, 0.10207349999836879, 0.09951029199874029, 0.10103075000370154, 0.10301987500133691, 0.0990156250045402]",N2_corr,BS N/2 Comm,False
BS_Nover2_Comm,block2_pauli,14,-107.57892187427552,0.0027130479069086277,False,2.841247290998581,14,True,False,False,100,21,1e-06,1.446431383556046e-07,0.0,"[-107.57283343152648, -107.57453622584967, -107.57648891302713, -107.57761938226732, -107.57802529692484, -107.57837494714978, -107.5784614117035, -107.57863910162197, -107.57868658389278, -107.57877998371715, -107.57881724246414, -107.57885161887731, -107.5788722469256, -107.57888414726476, -107.57889410950469, -107.57890238557258, -107.57890658960392, -107.5789139819484, -107.57891525241365, -107.57892201891866, -107.57892187427552]","[0.13474204199883388, 0.13487824999901932, 0.13008525000623195, 0.126554833004775, 0.1255129159981152, 0.125265082999249, 0.12811833299929276, 0.12709608399745775, 0.1318037080054637, 0.12704062499688007, 0.1252793749954435, 0.12759512499906123, 0.12691425000230083, 0.12383229099941673, 0.12686262500210432, 0.1290473330009263, 0.12624041700473754, 0.125386375002563, 0.17148987499967916, 0.1258688749949215, 0.19902724999701604]",N2_corr,BS N/2 Comm,False
BS_Nover2_Comm,block2_pauli,16,-107.58027478958573,0.0013601325967016464,True,0.5456694579988834,16,True,False,False,100,4,1e-06,4.0472514228895307e-11,0.0,"[-107.57345095078439, -107.57544494420381, -107.5802747896262, -107.58027478958573]","[0.1422073330031708, 0.1273704999985057, 0.12394599999970524, 0.12094283300393727]",N2_corr,BS N/2 Comm,False
BS_N_Comm,block2_pauli,1,-107.51213490110946,0.06950002107296882,False,0.7108177080008318,1,True,False,False,100,9,1e-06,3.3570586310816e-07,0.0,"[-107.52718324055053, -107.5121624159159, -107.51253622894183, -107.51219829438688, -107.51221354252773, -107.51214445401406, -107.51214651825845, -107.5121345654036, -107.51213490110946]","[0.08061462499608751, 0.07299312499526422, 0.07279033299710136, 0.07356212499871617, 0.0732631670034607, 0.08106150000094203, 0.07497945800423622, 0.0735502079987782, 0.06917808400612557]",N2_corr,BS N Comm,False
BS_N_Comm,block2_pauli,2,-107.54735746992655,0.034277452255878416,False,0.3102515830032644,2,True,False,False,100,4,1e-06,1.0658141036401503e-12,0.0,"[-107.54559423195661, -107.54344100632211, -107.54735746992549, -107.54735746992655]","[0.08849470900167944, 0.06332054200174753, 0.06236912500025937, 0.05870679100189591]",N2_corr,BS N Comm,False
BS_N_Comm,block2_pauli,3,-107.56181247946365,0.019822442718776756,False,0.8714727080005105,3,True,False,False,100,10,1e-06,4.162801587881404e-07,0.0,"[-107.56080573073098, -107.56032153844549, -107.56179378612785, -107.5618182739209, -107.56181176777218, -107.56182254830588, -107.56181144475583, -107.56181353561085, -107.5618120631835, -107.56181247946365]","[0.08622466600354528, 0.06161762500414625, 0.0668026249986724, 0.07566408300044714, 0.07251658300083363, 0.07187404100113781, 0.06787462499778485, 0.08112270799756516, 0.09107079199748114, 0.15679775000171503]",N2_corr,BS N Comm,False
BS_N_Comm,block2_pauli,4,-107.56926097976316,0.012373942419273476,False,0.885828375001438,4,True,False,False,100,11,1e-06,9.265577460837449e-07,0.0,"[-107.56674494542199, -107.56787011583748, -107.56908975313152, -107.56912991584926, -107.56920274344864, -107.56922332719553, -107.56923792968475, -107.56925238530691, -107.56925368493515, -107.5692619063209, -107.56926097976316]","[0.10889037500601262, 0.07850937499460997, 0.07512712499737972, 0.07197787499899277, 0.07908258299721638, 0.07849220799835166, 0.06966587500210153, 0.06872133299475536, 0.07113375000335509, 0.07047016599972267, 0.07109091700112913]",N2_corr,BS N Comm,False
BS_N_Comm,block2_pauli,5,-107.57272200688696,0.008912915295468338,False,0.9338600839982973,5,True,False,False,100,11,1e-06,5.270031948612086e-07,0.0,"[-107.56866827627931, -107.57130442529527, -107.57245949908415, -107.57254222506054, -107.57266500497173, -107.57267596881553, -107.57270610619594, -107.57271290527572, -107.57271854205909, -107.57272147988377, -107.57272200688696]","[0.10846287500316976, 0.07765400000062073, 0.07504891600547126, 0.07710254099947633, 0.07764616700296756, 0.08225808299903292, 0.07849929200165207, 0.07428695799899288, 0.09122629199555377, 0.07526129100006074, 0.07436545900418423]",N2_corr,BS N Comm,False
BS_N_Comm,block2_pauli,6,-107.57517199495095,0.006462927231481785,False,0.7415321669977857,6,True,False,False,100,8,1e-06,6.137607755363206e-07,0.0,"[-107.57210353692616, -107.57413336204243, -107.57510225173482, -107.57512440650464, -107.5751678825832, -107.57516626220064, -107.57517260871172, -107.57517199495095]","[0.1012977500067791, 0.08317199999873992, 0.08146733299508924, 0.08359841699711978, 0.09021866699913517, 0.08835441599512706, 0.0891821670011268, 0.0857372500031488]",N2_corr,BS N Comm,False
BS_N_Comm,block2_pauli,7,-107.57701407764984,0.004620844532595925,False,0.4200950419981382,7,True,False,False,100,4,1e-06,7.342944030597209e-07,0.0,"[-107.57440103917963, -107.57589735621755, -107.57701334335543, -107.57701407764984]","[0.10470933400210924, 0.09337041700200643, 0.09445124999911059, 0.09160929099743953]",N2_corr,BS N Comm,False
BS_N_Comm,block2_pauli,8,-107.57794676018867,0.0036881619937645382,False,0.40217549999943003,8,True,False,False,100,4,1e-06,9.976020010071807e-12,0.0,"[-107.57565594756296, -107.57722656016382, -107.57794676019864, -107.57794676018867]","[0.11136137499852339, 0.08347958300146274, 0.08356008400005521, 0.08643587499682326]",N2_corr,BS N Comm,False
BS_N_Comm,block2_pauli,9,-107.57916270220139,0.002472219981044077,False,0.6002445830017678,9,True,False,False,100,5,1e-06,3.9568982401760877e-07,0.0,"[-107.57703408743521, -107.5785403408193, -107.57914952217772, -107.57916309789121, -107.57916270220139]","[0.12448650000442285, 0.11095779100287473, 0.11034412500157487, 0.108573500001512, 0.10890479199588299]",N2_corr,BS N Comm,False
BS_N_Comm,block2_pauli,10,-107.57983516554904,0.001799756633388938,False,0.8392760409988114,10,True,False,False,100,7,1e-06,1.4989424812483776e-07,0.0,"[-107.57795578073149, -107.57937119229322, -107.57977450452857, -107.57982069037183, -107.57983145289117, -107.5798350156548, -107.57983516554904]","[0.13281741700484417, 0.11609899999893969, 0.11279508299776353, 0.11032420800620457, 0.10812533300486393, 0.10936758299794747, 0.11198812500515487]",N2_corr,BS N Comm,False
BS_N_Comm,block2_pauli,12,-107.58068278153172,0.0009521406507104757,True,0.7717911660001846,12,True,False,False,100,6,1e-06,5.050310392107349e-09,0.0,"[-107.5792597917292, -107.58037373200126, -107.58066939514569, -107.58067937709922, -107.58068277648141, -107.58068278153172]","[0.14259891700203298, 0.11641395799961174, 0.11685691699676681, 0.11844479100545868, 0.1261130420025438, 0.11459987499983981]",N2_corr,BS N Comm,False
HCT_N_Comm_Fiedler,block2_pauli,1,-107.48456120640803,0.09707371577439972,False,0.7195440840005176,1,True,False,False,100,10,1e-06,9.048353746266002e-07,0.0,"[-107.53704111932916, -107.48971477465841, -107.4858237736998, -107.48519509905263, -107.48469355208547, -107.48462668015172, -107.48457486230166, -107.48456727845317, -107.4845621112434, -107.48456120640803]","[0.0847344579960918, 0.06805929200345417, 0.06823575000453275, 0.06894362500315765, 0.06814454200502951, 0.0716712909998023, 0.06554999999934807, 0.06843870799639262, 0.05922337499941932, 0.061788624996552244]",N2_corr,HCT N Comm,True
HCT_N_Comm_Fiedler,block2_pauli,2,-107.54835315482273,0.033281767359696346,False,0.5007878339965828,2,True,False,False,100,8,1e-06,3.8151895864757535e-07,0.0,"[-107.54850525036, -107.54690822828383, -107.54832151755474, -107.54834545552987, -107.54835379177939, -107.54835230264409, -107.5483535363417, -107.54835315482273]","[0.0726590420017601, 0.059933166005066596, 0.0559889580035815, 0.054404124995926395, 0.05460320899874205, 0.05748358299751999, 0.05377500000031432, 0.05934579099994153]",N2_corr,HCT N Comm,True
HCT_N_Comm_Fiedler,block2_pauli,3,-107.56113132876607,0.02050359341636465,False,0.37891374999890104,3,True,False,False,100,5,1e-06,6.59843365724555e-07,0.0,"[-107.5578953713509, -107.56046666841493, -107.5615307002121, -107.56113198860943, -107.56113132876607]","[0.07715633299812907, 0.06779920899862191, 0.07491183299862314, 0.06460920799872838, 0.06257774999539834]",N2_corr,HCT N Comm,True
HCT_N_Comm_Fiedler,block2_pauli,4,-107.56787598963132,0.013758932551112935,False,1.0593024170011631,4,True,False,False,100,13,1e-06,6.999222819104034e-07,0.0,"[-107.5634031523376, -107.56804576122146, -107.56823692225396, -107.56831034723959, -107.56830590276547, -107.56810013554409, -107.5680975116034, -107.56796918247407, -107.56796702400672, -107.56790459898878, -107.56790322067747, -107.5678766895536, -107.56787598963132]","[0.18197725000209175, 0.07273729100415949, 0.07330874999752268, 0.06893712500459515, 0.06461462500010384, 0.07635024999763118, 0.06449987499945564, 0.06745462500111898, 0.0781249160063453, 0.07056649999867659, 0.06598174999817275, 0.06391929199890001, 0.0749552909983322]",N2_corr,HCT N Comm,True
HCT_N_Comm_Fiedler,block2_pauli,5,-107.57247247224603,0.009162449936397365,False,0.32289045799552696,5,True,False,False,100,4,1e-06,2.6204816094832495e-11,0.0,"[-107.56942654500068, -107.5719866848896, -107.57247247221983, -107.57247247224603]","[0.08271837500069523, 0.06989791600062745, 0.06970458300202154, 0.07061179100128356]",N2_corr,HCT N Comm,True
HCT_N_Comm_Fiedler,block2_pauli,6,-107.5748480039547,0.006786918227732031,False,0.7555532500045956,6,True,False,False,100,9,1e-06,2.2835341439986223e-07,0.0,"[-107.57263789820843, -107.57413373303231, -107.57479658927093, -107.57483905282345, -107.57485925542981, -107.574851749911, -107.57485491372952, -107.57484777560128, -107.5748480039547]","[0.08527275000233203, 0.08889704199827975, 0.07847395800490631, 0.08124374999897555, 0.08916087500256253, 0.0763100830008625, 0.07352904199797194, 0.07427245800499804, 0.0756232500061742]",N2_corr,HCT N Comm,True
HCT_N_Comm_Fiedler,block2_pauli,7,-107.57732604292033,0.004308879262097776,False,0.8700765410030726,7,True,False,False,100,10,1e-06,4.051988611308843e-07,0.0,"[-107.57558111713095, -107.57675149991894, -107.5772060775578, -107.57727685265624, -107.57730752844091, -107.57731282575138, -107.5773220345104, -107.57732318827811, -107.57732563772147, -107.57732604292033]","[0.08683716700033983, 0.08185175000107847, 0.0804762500047218, 0.07832608299941057, 0.09455824999895412, 0.08318762500130106, 0.08952683299867203, 0.0824515420026728, 0.0785248340034741, 0.08188887500000419]",N2_corr,HCT N Comm,True
HCT_N_Comm_Fiedler,block2_pauli,8,-107.57899198249481,0.0026429396876181954,False,0.6457489999957033,8,True,False,False,100,8,1e-06,5.151731272690085e-07,0.0,"[-107.57731216094123, -107.57833656851503, -107.57891883809444, -107.57896105277516, -107.5789825547879, -107.57898516259876, -107.57899249766794, -107.57899198249481]","[0.09200779200182296, 0.07527158300217707, 0.07590620800328907, 0.07305812500271713, 0.07375545799732208, 0.0729641249999986, 0.07620220899843844, 0.0747795830029645]",N2_corr,HCT N Comm,True
HCT_N_Comm_Fiedler,block2_pauli,9,-107.57974182447178,0.001893097710649272,False,0.5968453329987824,9,True,False,False,100,6,1e-06,4.1705973785610695e-08,0.0,"[-107.578068254459, -107.5790958118043, -107.57968625989666, -107.57972988558032, -107.57974186617776, -107.57974182447178]","[0.10212058299657656, 0.09293991700542392, 0.09360262499831151, 0.09097383400512626, 0.0955445419967873, 0.09121649999724468]",N2_corr,HCT N Comm,True
HCT_N_Comm_Fiedler,block2_pauli,10,-107.58030274952446,0.0013321726579675897,True,0.615213874996698,10,True,False,False,100,6,1e-06,6.458786856455845e-07,0.0,"[-107.57881779778431, -107.57978064722084, -107.58025677396553, -107.58029301365522, -107.58030210364578, -107.58030274952446]","[0.10339949999615783, 0.09719220800616313, 0.0942149589973269, 0.09732370800338686, 0.09664729199721478, 0.095566208998207]",N2_corr,HCT N Comm,True
BS_N_Comm_Fiedler,block2_pauli,1,-107.51212003372461,0.06951488845781739,False,0.5416100420043222,1,True,False,False,100,7,1e-06,7.980448089028869e-07,0.0,"[-107.52793330939278, -107.51199498560962, -107.51246999040814, -107.51215810596707, -107.51216707772035, -107.5121192356798, -107.51212003372461]","[0.07839500000409316, 0.07307720799872186, 0.07573379200039199, 0.06650883400288876, 0.07457616699684877, 0.06806462499662302, 0.07238641699950676]",N2_corr,BS N Comm,True
BS_N_Comm_Fiedler,block2_pauli,2,-107.54947931060077,0.032155611581657695,False,0.5173798750038259,2,True,False,False,100,6,1e-06,1.3226227224549802e-07,0.0,"[-107.56194756443162, -107.54880976122784, -107.54943044917317, -107.54945048302204, -107.5494791783385, -107.54947931060077]","[0.14479062499594875, 0.07174708299862687, 0.06262054100079695, 0.06354441700386815, 0.06481974999769591, 0.06334704199980479]",N2_corr,BS N Comm,True
BS_N_Comm_Fiedler,block2_pauli,3,-107.56683415468915,0.014800767493284184,False,0.4180046250039595,3,True,False,False,100,5,1e-06,1.6309542161252466e-08,0.0,"[-107.57250021485024, -107.56597075546745, -107.56678097131993, -107.56683417099869, -107.56683415468915]","[0.08894700000382727, 0.06605020899587544, 0.061587750002217945, 0.06788704200153006, 0.10164850000001024]",N2_corr,BS N Comm,True
BS_N_Comm_Fiedler,block2_pauli,4,-107.57105424491395,0.010580677268478667,False,1.0935610830056248,4,True,False,False,100,14,1e-06,3.6615551834984217e-07,0.0,"[-107.57508432364287, -107.57048652680429, -107.57082112919116, -107.57096952796351, -107.57090938604583, -107.57109287842238, -107.57104884305744, -107.5710844794373, -107.57106324606397, -107.57106865240603, -107.5710580439004, -107.57105927757813, -107.57105387875843, -107.57105424491395]","[0.09428949999710312, 0.07539533299859613, 0.07008445799874607, 0.06941120799456257, 0.08529304100375157, 0.07669929200346814, 0.07738479099498363, 0.07732504199520918, 0.0703757079973002, 0.07208008300221991, 0.07175541600008728, 0.07170566599961603, 0.07002745900535956, 0.07480841600045096]",N2_corr,BS N Comm,True
BS_N_Comm_Fiedler,block2_pauli,5,-107.57590396870128,0.005730953481148049,False,0.8837731660023564,5,True,False,False,100,10,1e-06,2.3108623281586915e-07,0.0,"[-107.57618107222814, -107.57567814075485, -107.5759925634733, -107.57595087922746, -107.57592218243221, -107.57591698994064, -107.57590921031375, -107.57590819518694, -107.57590419978752, -107.57590396870128]","[0.10015083300095284, 0.07919454199873144, 0.08142379100172548, 0.08247016599489143, 0.08544816700305091, 0.0789960410038475, 0.08012262499687495, 0.0959442500025034, 0.0835347920001368, 0.08235412499925587]",N2_corr,BS N Comm,True
BS_N_Comm_Fiedler,block2_pauli,6,-107.57826174590902,0.003373176273413492,False,0.5987631250027334,6,True,False,False,100,6,1e-06,2.8492301851201773e-07,0.0,"[-107.57748180389251, -107.57825030838755, -107.57825484771354, -107.5782600872204, -107.57826203083204, -107.57826174590902]","[0.11155124999640975, 0.086596749999444, 0.088209708002978, 0.0854918750046636, 0.10535587500635302, 0.08503362500050571]",N2_corr,BS N Comm,True
BS_N_Comm_Fiedler,block2_pauli,7,-107.5794953840142,0.0021395381682367542,False,0.5089526670053601,7,True,False,False,100,5,1e-06,1.7660525486462575e-08,0.0,"[-107.57890766038878, -107.5794843833527, -107.57949377706544, -107.57949540167472, -107.5794953840142]","[0.10572729200066533, 0.09415020899905358, 0.09435229199880268, 0.09150029199372511, 0.09221820899983868]",N2_corr,BS N Comm,True
BS_N_Comm_Fiedler,block2_pauli,8,-107.58027046251425,0.0013644596681814392,True,0.554165292000107,8,True,False,False,100,6,1e-06,6.446630607115367e-08,0.0,"[-107.57956824865308, -107.58013137689653, -107.5802536151405, -107.58026490550921, -107.58027052698056, -107.58027046251425]","[0.10658962500019697, 0.0808094589956454, 0.08516983300069114, 0.08376391699857777, 0.08287154199933866, 0.08377670800109627]",N2_corr,BS N Comm,True
raw_fermionic_su2,,1,-107.37247880025572,0.20915612192671063,False,0.046434124997176696,1,True,False,False,100,3,1e-06,0.0,0.0,"[-107.52694981960454, -107.37247880025572, -107.37247880025572]","[0.01464516700070817, 0.015495542000280693, 0.008412082999711856]",N2_corr,,False
raw_fermionic_su2,,2,-107.4753039759829,0.10633094619953454,False,0.12969699999666773,2,True,False,False,100,10,1e-06,7.364480580918098e-07,0.0,"[-107.52694981960454, -107.4725394229782, -107.47519412554968, -107.47555621733447, -107.47535210925005, -107.47538433707298, -107.47531404348037, -107.47531841875528, -107.47530323953484, -107.4753039759829]","[0.019008959003258497, 0.01568645799852675, 0.00954358300077729, 0.015013917000032961, 0.009047084000485484, 0.009731124999234453, 0.009801166001125239, 0.010681915999157354, 0.009170541998173576, 0.013053499998932239]",N2_corr,,False
raw_fermionic_su2,,3,-107.50226094086025,0.07937398132217766,False,0.1497888750018319,3,True,False,False,100,10,1e-06,3.433197406366162e-07,0.0,"[-107.52694981960454, -107.50335501761165, -107.50232573286853, -107.50232785182644, -107.50225108416133, -107.50225560283843, -107.50225764840681, -107.50225900822015, -107.50226059754051, -107.50226094086025]","[0.01989804199547507, 0.011202292000234593, 0.010508334002224728, 0.010758374999568332, 0.013443749994621612, 0.015447541001776699, 0.009931583001161925, 0.015959458003635518, 0.015091332999872975, 0.014845749996311497]",N2_corr,,False
raw_fermionic_su2,,4,-107.50998289167823,0.07165203050419677,False,0.06730237499868963,4,True,False,False,100,4,1e-06,2.752642558334628e-11,0.0,"[-107.52694981960454, -107.50335835418606, -107.50998289170576, -107.50998289167823]","[0.017962500001885928, 0.014674500002001878, 0.00988462499663001, 0.014896208995196503]",N2_corr,,False
raw_fermionic_su2,,5,-107.51338407568936,0.068250846493072,False,0.07073495800432283,5,True,False,False,100,4,1e-06,2.2021140466677025e-10,0.0,"[-107.53899119847794, -107.50686039426444, -107.51338407546915, -107.51338407568936]","[0.020315624999057036, 0.0156349590033642, 0.010888249998970423, 0.011341999997966923]",N2_corr,,False
raw_fermionic_su2,,6,-107.53353318987044,0.04810173231199144,False,0.07769195800210582,6,True,False,False,100,4,1e-06,4.405364961712621e-13,0.0,"[-107.55405451785643, -107.54041126441183, -107.53353318987088, -107.53353318987044]","[0.016970208002021536, 0.015830584001378156, 0.023877292005636264, 0.013285125001857523]",N2_corr,,False
raw_fermionic_su2,,7,-107.55174277595165,0.02989214623077885,False,0.08800316700217081,7,True,False,False,100,4,1e-06,3.453237695794087e-12,0.0,"[-107.55838711660246, -107.55411138442473, -107.5517427759482, -107.55174277595165]","[0.01929875000496395, 0.018292957996891346, 0.023653500000364147, 0.018662333000975195]",N2_corr,,False
raw_fermionic_su2,,8,-107.55801377057055,0.023621151611877167,False,0.07731604199943831,8,True,False,False,100,4,1e-06,3.268496584496461e-13,0.0,"[-107.56000016085268, -107.55611336698452, -107.55801377057023, -107.55801377057055]","[0.020334000000730157, 0.017205250005645212, 0.01767950000066776, 0.013828791001287755]",N2_corr,,False
raw_fermionic_su2,,9,-107.5581031467506,0.02353177543183449,False,0.08672395800385857,9,True,False,False,100,4,1e-06,1.2221335055073723e-12,0.0,"[-107.56107468076344, -107.55714791832042, -107.55810314674937, -107.5581031467506]","[0.02179125000111526, 0.0198778330013738, 0.02318433399341302, 0.014159916994685773]",N2_corr,,False
raw_fermionic_su2,,10,-107.55932165302376,0.02231326915867271,False,0.09704320799937705,10,True,False,False,100,4,1e-06,2.7000623958883807e-12,0.0,"[-107.56156220118186, -107.55740930936584, -107.55932165302646, -107.55932165302376]","[0.029443707993777934, 0.022784749999118503, 0.015562249995127786, 0.01875908300280571]",N2_corr,,False
raw_fermionic_su2,,12,-107.56363183854738,0.018003083635051098,False,0.08502512500126613,12,True,False,False,100,4,1e-06,8.920153504732298e-11,0.0,"[-107.56165058401874, -107.56170307269439, -107.56363183845818, -107.56363183854738]","[0.01627833399834344, 0.02120091699907789, 0.017441124997276347, 0.017963792000955436]",N2_corr,,False
raw_fermionic_su2,,14,-107.56732271010895,0.014312212073477326,False,0.10607087499374757,14,True,False,False,100,4,1e-06,7.489120434911456e-12,0.0,"[-107.56165058401874, -107.56215974155889, -107.56732271010146, -107.56732271010895]","[0.02503695800260175, 0.01662170799681917, 0.02745458300341852, 0.018489542002498638]",N2_corr,,False
raw_fermionic_su2,,16,-107.56912368438465,0.012511237797781405,False,0.1164615829984541,16,True,False,False,100,6,1e-06,8.384404281969182e-13,0.0,"[-107.56170203391251, -107.56277722009507, -107.5684298151857, -107.56900772601004, -107.56912368438381, -107.56912368438465]","[0.020812290997128002, 0.016745124994486105, 0.019834791994071566, 0.018677167005080264, 0.01621891700051492, 0.016105832997709513]",N2_corr,,False
raw_fermionic_su2,,18,-107.57036854268812,0.01126637949431597,False,0.08541795799828833,18,True,False,False,100,4,1e-06,1.7371206695315777e-09,0.0,"[-107.56170366678671, -107.56741788161793, -107.57036854442524, -107.57036854268812]","[0.01839687499887077, 0.01828354199824389, 0.020771874995261896, 0.020587750004779082]",N2_corr,,False
raw_fermionic_su2,,20,-107.57093144746919,0.010703474713238847,False,0.08629954099887982,20,True,False,False,100,4,1e-06,1.0317080523236655e-11,0.0,"[-107.56170368428873, -107.5678111856349, -107.57093144745888, -107.57093144746919]","[0.016836917006003205, 0.017827166004281025, 0.02258083299966529, 0.021833999999216758]",N2_corr,,False
raw_fermionic_su2,,30,-107.58147785024663,0.00015707193580283274,True,0.1503140409986372,30,True,False,False,100,5,1e-06,2.923464563764355e-07,0.0,"[-107.56170441159534, -107.57174813324019, -107.5786540020943, -107.58147755790017, -107.58147785024663]","[0.01669199999741977, 0.028961541996977758, 0.03346850000525592, 0.03265766699769301, 0.03099274999840418]",N2_corr,,False
raw_qubit,block2_pauli,1,-107.29940953283321,0.15574606487254528,False,0.16115241599618457,1,True,False,False,100,2,1e-06,0.0,0.0,"[-107.29940953283321, -107.29940953283321]","[0.06596649999846704, 0.06880083400028525]",N2_diss,,False
raw_qubit,block2_pauli,2,-107.29940953283207,0.15574606487368214,False,0.23421779099589912,2,True,False,False,100,2,1e-06,2.842170943040401e-14,0.0,"[-107.29940953283204, -107.29940953283207]","[0.08732487499946728, 0.11105920800036984]",N2_diss,,False
raw_qubit,block2_pauli,3,-107.29940953279747,0.15574606490828558,False,0.18867999999929452,3,True,False,False,100,2,1e-06,1.2789769243681803e-13,0.0,"[-107.29940953279734, -107.29940953279747]","[0.07755970799917122, 0.07293079100054456]",N2_diss,,False
raw_qubit,block2_pauli,4,-107.29940953281695,0.1557460648888025,False,0.16763362500205403,4,True,False,False,100,2,1e-06,1.1368683772161603e-13,0.0,"[-107.29940953281684, -107.29940953281695]","[0.08643220799422124, 0.04869966699334327]",N2_diss,,False
raw_qubit,block2_pauli,5,-107.30470350049163,0.1504520972141279,False,1.2094743329944322,5,True,False,False,100,18,1e-06,2.395406255573107e-07,0.0,"[-107.2998811480359, -107.30016072629648, -107.30021991826172, -107.30023322771618, -107.30023875071039, -107.30024695382102, -107.30028291197024, -107.30050120892224, -107.3013659610973, -107.30180148881473, -107.30183950686093, -107.30184248193139, -107.30194600046332, -107.30462954381917, -107.30469930987988, -107.3047017312501, -107.304703260951, -107.30470350049163]","[0.09991779200208839, 0.05775562499911757, 0.05532083300204249, 0.04833399999915855, 0.049586291002924554, 0.050666584000282455, 0.05605508299777284, 0.054244584003754426, 0.062255415999970865, 0.06062587500491645, 0.054803917002573144, 0.05513345899817068, 0.07762524999998277, 0.08594841699959943, 0.059031374999904074, 0.06543391600280302, 0.13107441700412892, 0.051210582998464815]",N2_diss,,False
raw_qubit,block2_pauli,6,-107.30184274247654,0.1533128552292169,False,0.16652225000143517,6,True,False,False,100,2,1e-06,2.8110689243021625e-07,0.0,"[-107.30184246136965, -107.30184274247654]","[0.0842742079985328, 0.05255095800384879]",N2_diss,,False
raw_qubit,block2_pauli,7,-107.42574504396293,0.029410553742820866,False,0.6167787910017068,7,True,False,False,100,9,1e-06,1.3938958431936044e-08,0.0,"[-107.301841919466, -107.30200783585396, -107.30462926465543, -107.3132497371235, -107.39629201414914, -107.42552685813077, -107.42573825886167, -107.42574503002398, -107.42574504396293]","[0.09092025000427384, 0.05535287499515107, 0.0593513330022688, 0.06603204199927859, 0.06567820900090737, 0.0629735830007121, 0.06033450000541052, 0.06816854199860245, 0.05830837500252528]",N2_diss,,False
raw_qubit,block2_pauli,8,-107.30184274353992,0.15331285416583285,False,0.17090966600517277,8,True,False,False,100,2,1e-06,4.6214846349812433e-07,0.0,"[-107.30184228139146, -107.30184274353992]","[0.0930760420014849, 0.052415749996725935]",N2_diss,,False
raw_qubit,block2_pauli,9,-107.38643919990689,0.06871639779886607,False,0.7435905000020284,9,True,False,False,100,9,1e-06,2.2089032825078903e-07,0.0,"[-107.30434805126528, -107.30470181203944, -107.30572729047046, -107.30647538054134, -107.34857494092113, -107.38614916819719, -107.38643560023831, -107.38643897901656, -107.38643919990689]","[0.09936062499764375, 0.060578917000384536, 0.0657364999933634, 0.06752316700294614, 0.06683699999848614, 0.09585533299832605, 0.11785958399559604, 0.0711673339974368, 0.06915116599702742]",N2_diss,,False
raw_qubit,block2_pauli,10,-107.30470181687434,0.1504537808314126,False,0.20445479200134287,10,True,False,False,100,2,1e-06,4.4390088760337676e-07,0.0,"[-107.30470137297345, -107.30470181687434]","[0.111058291993686, 0.06002491699473467]",N2_diss,,False
raw_qubit,block2_pauli,12,-107.42880746446889,0.02634813323686558,False,1.1806594169975142,12,True,False,False,100,14,1e-06,6.558261134159693e-07,0.0,"[-107.30440512897573, -107.30469820601678, -107.30470178892233, -107.31480649551395, -107.34474919330127, -107.42167679905928, -107.42845733273732, -107.42872402265863, -107.42875886836798, -107.42879759902561, -107.4288025034189, -107.42880561323582, -107.42880680864278, -107.42880746446889]","[0.12635900000168476, 0.07148470799438655, 0.07119304099614965, 0.08447724999859929, 0.08642104099999415, 0.08595991599577246, 0.07962862500426127, 0.07820783399802167, 0.0867459580040304, 0.08172779099550098, 0.0761231670039706, 0.07381116599572124, 0.07331845800217707, 0.07312995800020872]",N2_diss,,False
raw_qubit,block2_pauli,14,-107.30470181781033,0.15045377989542885,False,0.26180358300189255,14,True,False,False,100,3,1e-06,1.6871751995495288e-08,0.0,"[-107.30434726498643, -107.30470180093857, -107.30470181781033]","[0.08493029099918203, 0.07605758299905574, 0.07432616699952632]",N2_diss,,False
raw_qubit,block2_pauli,16,-107.38643930098048,0.06871629672527035,False,0.5001829589964473,16,True,False,False,100,5,1e-06,4.365798531580367e-07,0.0,"[-107.35777884625097, -107.38427737958563, -107.38617068754616, -107.38643886440063, -107.38643930098048]","[0.09047333300259197, 0.08779075000347802, 0.10142708299827063, 0.10056570800225018, 0.09250179199443664]",N2_diss,,False
raw_qubit,block2_pauli,18,-107.42969302665779,0.02546257104796723,False,1.1870590000035008,18,True,False,False,100,9,1e-06,2.2608955418945698e-07,0.0,"[-107.35861526466113, -107.38426238879654, -107.40032744240634, -107.42901277593452, -107.4295505671769, -107.42968426010009, -107.42969178699806, -107.42969280056823, -107.42969302665779]","[0.10334037499706028, 0.11459112500597257, 0.1297655840025982, 0.1667620000007446, 0.13826425000297604, 0.14151537499856204, 0.12720583399641328, 0.12006204199860804, 0.11640712500229711]",N2_diss,,False
raw_qubit,block2_pauli,20,-107.42969075708896,0.025464840616791662,False,1.7182953340015956,20,True,False,False,100,12,1e-06,5.440780626031483e-07,0.0,"[-107.35874018885708, -107.38425962292953, -107.38566179061246, -107.41924012627746, -107.428779385499, -107.42949837004014, -107.4296303095566, -107.42966330017927, -107.42967536023899, -107.42968546769089, -107.4296902130109, -107.42969075708896]","[0.10993720800615847, 0.11971020900091389, 0.13495162499748403, 0.20687520800129278, 0.15623970800515963, 0.15233183300006203, 0.14514820800104644, 0.14125537499785423, 0.13114679099817295, 0.12567308299912838, 0.13653691699437331, 0.12816804100293666]",N2_diss,,False
raw_qubit,block2_pauli,30,-107.42974766828874,0.025407929417013975,False,3.372394334001001,30,True,False,False,100,10,1e-06,3.375915866854484e-07,0.0,"[-107.35928398486541, -107.38392671610413, -107.3862267245715, -107.42706066880764, -107.42951883577456, -107.42969520598446, -107.42972854902516, -107.42974548619239, -107.42974733069715, -107.42974766828874]","[0.1341554999962682, 0.2754064999971888, 0.5867890000008629, 0.4363846670021303, 0.3541231249982957, 0.3520493329997407, 0.3150491670021438, 0.309582916997897, 0.3006807909987401, 0.2786257499974454]",N2_diss,,False
raw_qubit,block2_pauli,40,-107.44666149411245,0.008494103593307045,False,6.904681667001569,40,True,False,False,100,13,1e-06,2.7844093608564435e-07,0.0,"[-107.3592949609907, -107.38380944649055, -107.38632019788386, -107.42844754641978, -107.44273230255885, -107.44559050762822, -107.44638720935963, -107.4465527959085, -107.44667473938567, -107.44665913944146, -107.44666991935817, -107.44666177255338, -107.44666149411245]","[0.15614091700263089, 0.3485927500005346, 0.8288158329960424, 0.918239792001259, 0.7882876250005211, 0.617369375002454, 0.5063152090006042, 0.48474704199907137, 0.4588778329998604, 0.44808629200269934, 0.45867058300063945, 0.4128252500013332, 0.44619650000095135]",N2_diss,,False
raw_qubit,block2_pauli,50,-107.44693165868424,0.0082239390215193,False,8.607028999998874,50,True,False,False,100,10,1e-06,2.5890554411489575e-07,0.0,"[-107.35929675366397, -107.39264566731833, -107.42970451186677, -107.44661872188715, -107.44675959721096, -107.44684716789011, -107.44689565542043, -107.44692722434542, -107.44693139977869, -107.44693165868424]","[0.1603322910013958, 0.5347818750014994, 1.571075291998568, 1.3041070830004173, 0.9095752499997616, 0.9362511250001262, 0.7399707500007935, 0.9455599170032656, 0.7156867919984506, 0.7597750420027296]",N2_diss,,False
raw_qubit,block2_pauli,60,-107.45500523339574,0.00015036431001647088,True,12.570845334004844,60,True,False,False,100,11,1e-06,7.107009025730804e-07,0.0,"[-107.35929675366397, -107.41983911826267, -107.44981173816615, -107.45457187695737, -107.45476557832174, -107.45498445270684, -107.45500917809412, -107.4549929397318, -107.45498912915917, -107.45500452269484, -107.45500523339574]","[0.16095420900091995, 0.5340027919955901, 2.1632748330011964, 1.9529526670012274, 1.276890708002611, 1.3324421249999432, 1.034969665997778, 1.0997766670043347, 0.9962562910004635, 1.0995808329971624, 0.8890080409983057]",N2_diss,,False
HCT_Nover2_Comm,block2_pauli,1,-107.1579532014525,0.2972023962532546,False,0.3878672089995234,1,True,False,False,100,3,1e-06,1.4536468029291427e-08,0.0,"[-107.37231272590395, -107.15795321598897, -107.1579532014525]","[0.12337754200416384, 0.07762770899716998, 0.08275008299824549]",N2_diss,HCT N/2 Comm,False
HCT_Nover2_Comm,block2_pauli,2,-107.38637702645529,0.06877857125046205,False,0.5618574999971315,2,True,False,False,100,6,1e-06,6.750155989720952e-12,0.0,"[-107.38596693263361, -107.38597061583562, -107.38609471980209, -107.38630710007659, -107.38637702644854, -107.38637702645529]","[0.15072437500202795, 0.07100099999661325, 0.061747708001348656, 0.06888016699667787, 0.06393004199344432, 0.06115158399916254]",N2_diss,HCT N/2 Comm,False
HCT_Nover2_Comm,block2_pauli,3,-107.39945057593187,0.05570502177388903,False,0.6228163330015377,3,True,False,False,100,7,1e-06,3.935554104828043e-10,0.0,"[-107.38596672712416, -107.38597342745226, -107.39544051483006, -107.39917668113003, -107.399448576074, -107.39945057553831, -107.39945057593187]","[0.15076925000175834, 0.0731134160014335, 0.06655799999862211, 0.071469333001005, 0.06486341699928744, 0.06336683300469304, 0.06580504100566031]",N2_diss,HCT N/2 Comm,False
HCT_Nover2_Comm,block2_pauli,4,-107.42959073429323,0.025564863412526506,False,0.8593177080038004,4,True,False,False,100,8,1e-06,1.1262123678079661e-07,0.0,"[-107.40484133428849, -107.41832929619873, -107.42731397616244, -107.42871025484975, -107.429609771651, -107.42961576993363, -107.42959062167199, -107.42959073429323]","[0.20916870899964124, 0.0852906250001979, 0.10895691600308055, 0.0801953339978354, 0.07767183300165925, 0.07421783400059212, 0.06569866599602392, 0.06491408400324872]",N2_diss,HCT N/2 Comm,False
HCT_Nover2_Comm,block2_pauli,5,-107.42174271608933,0.03341288161642808,False,1.141579333001573,5,True,False,False,100,13,1e-06,4.715638652896814e-07,0.0,"[-107.41613235503334, -107.4161387315232, -107.41652306500372, -107.41955360451598, -107.4204306421246, -107.42095256282869, -107.42133568168865, -107.42163464289578, -107.42171855063742, -107.42173659223432, -107.42174110493215, -107.42174224452546, -107.42174271608933]","[0.17897549999906914, 0.0678635829972336, 0.07299504199909279, 0.07277249999606283, 0.08440133299882291, 0.07181033300003037, 0.07289104200026486, 0.08576895800069906, 0.07481920799909858, 0.07349358299688902, 0.07060333399567753, 0.06830533399624983, 0.06976433300587814]",N2_diss,HCT N/2 Comm,False
HCT_Nover2_Comm,block2_pauli,6,-107.42258131108613,0.03257428661962081,False,1.1006880000059027,6,True,False,False,100,11,1e-06,1.950570549524855e-08,0.0,"[-107.41613235669234, -107.4161395119207, -107.41646685834769, -107.41754933081091, -107.42101714307367, -107.421942998675, -107.42249414340534, -107.42257499835904, -107.42257976452015, -107.42258129158043, -107.42258131108613]","[0.19511320899619022, 0.07234320799761917, 0.09944570800143993, 0.08887187499931315, 0.0957312919999822, 0.08963800000492483, 0.08140145899960771, 0.07951750000211177, 0.07952574999944773, 0.07536412499757716, 0.07517491700127721]",N2_diss,HCT N/2 Comm,False
HCT_Nover2_Comm,block2_pauli,7,-107.4250960286039,0.03005956910185148,False,0.9687918749987148,7,True,False,False,100,9,1e-06,2.5053736862901133e-11,0.0,"[-107.41613219594524, -107.41615572128359, -107.41791311776666, -107.42097402729564, -107.42481806037674, -107.42496935494876, -107.42503908467828, -107.42509602857885, -107.4250960286039]","[0.21198583400109783, 0.08274387499841396, 0.09333554100157926, 0.0976082499983022, 0.08930941700236872, 0.08085466699412791, 0.08430954200593987, 0.08167337500344729, 0.07921704100590432]",N2_diss,HCT N/2 Comm,False
HCT_Nover2_Comm,block2_pauli,8,-107.4422020221716,0.012953575534154993,False,0.5436842080016504,8,True,False,False,100,4,1e-06,4.6625814320577774e-11,0.0,"[-107.41613195910446, -107.44189583474733, -107.44220202221823, -107.4422020221716]","[0.22242787499999395, 0.0865468750052969, 0.0868455840027309, 0.08267770800011931]",N2_diss,HCT N/2 Comm,False
HCT_Nover2_Comm,block2_pauli,9,-107.44271895782123,0.012436639884526812,False,0.6700538329969277,9,True,False,False,100,4,1e-06,1.0058442967419978e-10,0.0,"[-107.41688797650417, -107.4424531574863, -107.44271895792181, -107.44271895782123]","[0.2788223340030527, 0.11002754200308118, 0.11132275000272784, 0.10643624999647727]",N2_diss,HCT N/2 Comm,False
HCT_Nover2_Comm,block2_pauli,10,-107.44387630295661,0.011279294749144242,False,0.6993007920027594,10,True,False,False,100,4,1e-06,3.502975687297294e-11,0.0,"[-107.41824111688295, -107.44334802716921, -107.44387630292158, -107.44387630295661]","[0.2863673329993617, 0.12072325000190176, 0.11519416600640398, 0.11319033399922773]",N2_diss,HCT N/2 Comm,False
HCT_Nover2_Comm,block2_pauli,12,-107.44825340499432,0.006902192711436328,False,1.1674785419963882,12,True,False,False,100,7,1e-06,1.034490537676902e-08,0.0,"[-107.41727203367518, -107.44735834871848, -107.4481615657329, -107.44824992456132, -107.44825237625491, -107.44825339464941, -107.44825340499432]","[0.3222950839990517, 0.14964125000551576, 0.1367080000054557, 0.1264772080030525, 0.12401741700159619, 0.1222289159995853, 0.12219308400381124]",N2_diss,HCT N/2 Comm,False
HCT_Nover2_Comm,block2_pauli,14,-107.4514819518212,0.003673645884560983,False,1.3013262079984997,14,True,False,False,100,6,1e-06,9.023018492371193e-07,0.0,"[-107.41671456739968, -107.44882656663819, -107.45144077541602, -107.4514704314386, -107.45148104951934, -107.4514819518212]","[0.2984777090023272, 0.20553962499980116, 0.1780307500011986, 0.2223388749989681, 0.16634016700118082, 0.1632669579994399]",N2_diss,HCT N/2 Comm,False
HCT_Nover2_Comm,block2_pauli,16,-107.45232312073406,0.002832476971690312,False,1.4469850830064388,16,True,False,False,100,7,1e-06,7.630175247186344e-07,0.0,"[-107.4167322010405, -107.45000013494897, -107.45206929081606, -107.45218106011104, -107.45227151531162, -107.45232388375159, -107.45232312073406]","[0.3410318329988513, 0.20843562499794643, 0.1785838750001858, 0.15547174999665003, 0.1791442920002737, 0.15195699999458157, 0.16521433299931232]",N2_diss,HCT N/2 Comm,False
HCT_Nover2_Comm,block2_pauli,18,-107.4525758385322,0.002579759173556795,False,2.9588166660032584,18,True,False,False,100,10,1e-06,4.6137631670717383e-07,0.0,"[-107.4166446894956, -107.4516399320302, -107.45229095110292, -107.45243481603313, -107.4524527900439, -107.4524996818685, -107.45256428230417, -107.4525630473876, -107.45257629990851, -107.4525758385322]","[0.39695445799588924, 0.3687060840020422, 0.3102489160010009, 0.26799533300072653, 0.26026399999682326, 0.24332662500091828, 0.27841849999822443, 0.24893375000101514, 0.26765024999622256, 0.24711854199995287]",N2_diss,HCT N/2 Comm,False
HCT_Nover2_Comm,block2_pauli,20,-107.45310753811631,0.002048059589441209,False,3.007999458000995,20,True,False,False,100,10,1e-06,8.307463872370136e-08,0.0,"[-107.41664686426371, -107.45193620224354, -107.45232922760427, -107.4527342295559, -107.45299847512663, -107.45309351246013, -107.45310223749344, -107.45310494234076, -107.45310762119095, -107.45310753811631]","[0.4653438749955967, 0.3587066659965785, 0.31039412500103936, 0.2721416659987881, 0.29422216700186254, 0.2703436250012601, 0.2612992499998654, 0.23995574999571545, 0.23689983399526682, 0.22822862500470364]",N2_diss,HCT N/2 Comm,False
HCT_Nover2_Comm,block2_pauli,30,-107.45442713037943,0.0007284673263256991,True,5.081474375001562,30,True,False,False,100,7,1e-06,2.5956842364394106e-07,0.0,"[-107.41656359146276, -107.4533078319738, -107.4542631800853, -107.45438853830325, -107.45441881984165, -107.454426870811, -107.45442713037943]","[0.5712439159979112, 1.064571666996926, 0.8016920840018429, 0.6359978749969741, 0.7261513330013258, 0.5998950419962057, 0.6137999589991523]",N2_diss,HCT N/2 Comm,False
HCT_N_Comm,block2_pauli,1,-107.36407870117753,0.0910768965282216,False,0.42559008299576817,1,True,False,False,100,5,1e-06,5.562020248817134e-07,0.0,"[-107.39256316515328, -107.36340223648594, -107.36398904669515, -107.36407814497551, -107.36407870117753]","[0.09103033300198149, 0.0766103749992908, 0.07211762500082841, 0.07529095799691277, 0.06660666700190632]",N2_diss,HCT N Comm,False
HCT_N_Comm,block2_pauli,2,-107.4002007537824,0.0549548439233547,False,0.7017812909980421,2,True,False,False,100,9,1e-06,1.3229308137852058e-07,0.0,"[-107.39819648186517, -107.39576222713562, -107.39925566866026, -107.39999643144478, -107.40016734471094, -107.40019422071984, -107.40019644330607, -107.40020088607548, -107.4002007537824]","[0.14095716700103367, 0.08197604199813213, 0.06120454100164352, 0.057106749998638406, 0.05752554199716542, 0.06903716599481413, 0.07122362499649171, 0.0549165419943165, 0.05440537500544451]",N2_diss,HCT N Comm,False
HCT_N_Comm,block2_pauli,3,-107.42068337868051,0.034472219025246886,False,0.5462549170042621,3,True,False,False,100,6,1e-06,8.338011667774481e-07,0.0,"[-107.428650701192, -107.42767026928695, -107.41930537428217, -107.41930854008993, -107.42068421248167, -107.42068337868051]","[0.16120433299511205, 0.06603900000482099, 0.07065041599707911, 0.06806045799748972, 0.06714479099900927, 0.06560200000240002]",N2_diss,HCT N Comm,False
HCT_N_Comm,block2_pauli,4,-107.44071632680249,0.014439270903267243,False,0.8560107919984148,4,True,False,False,100,8,1e-06,4.350550000253861e-07,0.0,"[-107.4234926886655, -107.43421231695675, -107.44068859913466, -107.44113543367925, -107.4409961298791, -107.44100703053063, -107.44071589174749, -107.44071632680249]","[0.2188151669979561, 0.08112312499724794, 0.07252945800428279, 0.08179845799895702, 0.10916508399532177, 0.07829949999722885, 0.09515654199640267, 0.07501241700083483]",N2_diss,HCT N Comm,False
HCT_N_Comm,block2_pauli,5,-107.42663365849597,0.02852193920978152,False,1.6647954170039156,5,True,False,False,100,21,1e-06,9.89002558071661e-07,0.0,"[-107.42166894781246, -107.42599538823283, -107.42635423526428, -107.42643392861882, -107.42644498577786, -107.42648120410493, -107.42648543692701, -107.42652930881685, -107.42653460290711, -107.42656215584392, -107.42656664993328, -107.42658569136837, -107.42658913006508, -107.42660297100176, -107.42660552034963, -107.42661582630899, -107.42661768819016, -107.42662544784355, -107.42662680398686, -107.42663266949342, -107.42663365849597]","[0.14519645900145406, 0.07324995799717726, 0.07077174999722047, 0.0682926250010496, 0.07255970899859676, 0.07083391600463074, 0.0699255829968024, 0.07940333299484337, 0.07733908299996983, 0.07500312499905704, 0.07758291700156406, 0.07211050000478281, 0.07131908399605891, 0.06885945799876936, 0.06902062500012107, 0.06923754199669929, 0.06949829099903582, 0.07153358399955323, 0.07085891599854222, 0.07063633300276706, 0.08530095800233539]",N2_diss,HCT N Comm,False
HCT_N_Comm,block2_pauli,6,-107.42781746318498,0.02733813452077527,False,0.9889526670012856,6,True,False,False,100,11,1e-06,8.673647755585989e-08,0.0,"[-107.42240246687386, -107.42664140075775, -107.42688347082397, -107.42730004571061, -107.42756109456704, -107.42771541894504, -107.42775653154186, -107.42780184860032, -107.42780450422576, -107.42781754992146, -107.42781746318498]","[0.15812033300608164, 0.08089004100474995, 0.0809562080030446, 0.07738779200008139, 0.07739929099625442, 0.07482954200531822, 0.0750876249949215, 0.07566095900256187, 0.07899579199875006, 0.07600304199877428, 0.08594904199708253]",N2_diss,HCT N Comm,False
HCT_N_Comm,block2_pauli,7,-107.42839902598489,0.026756571720866873,False,0.7083527499999036,7,True,False,False,100,7,1e-06,1.147823951441751e-07,0.0,"[-107.42297366672231, -107.4277762172471, -107.42826409758673, -107.42839287600131, -107.42839522070305, -107.42839914076728, -107.42839902598489]","[0.16495845899771666, 0.089490583006409, 0.08678841700020712, 0.08174854100070661, 0.08258970800670795, 0.07901037500414532, 0.0812437080021482]",N2_diss,HCT N Comm,False
HCT_N_Comm,block2_pauli,8,-107.42967977471959,0.025475822986166463,False,0.6686798329974408,8,True,False,False,100,7,1e-06,1.5935441410874773e-08,0.0,"[-107.42724018617429, -107.42826969024568, -107.42933114720358, -107.42965893095072, -107.42966184619385, -107.42967979065503, -107.42967977471959]","[0.17270658300549258, 0.07743387499795062, 0.07736175000172807, 0.0726062500034459, 0.076010208002117, 0.07440554200002225, 0.07495308299985481]",N2_diss,HCT N Comm,False
HCT_N_Comm,block2_pauli,9,-107.42971970035033,0.025435897355421844,False,0.6258651669995743,9,True,False,False,100,5,1e-06,1.1725798287898215e-07,0.0,"[-107.42801027514906, -107.42922140923719, -107.42944316283243, -107.42971958309235, -107.42971970035033]","[0.19348220899701118, 0.10496133300330257, 0.10555754199594958, 0.09167704099672846, 0.08903179200569866]",N2_diss,HCT N Comm,False
HCT_N_Comm,block2_pauli,10,-107.42972625092683,0.025429346778921058,False,0.6285144159992342,10,True,False,False,100,5,1e-06,2.1202097855166357e-08,0.0,"[-107.42838763925945, -107.42962648790618, -107.42972490202717, -107.42972622972474, -107.42972625092683]","[0.19723379099741578, 0.10657891699520405, 0.10157195899955695, 0.09091429099498782, 0.08867416700377362]",N2_diss,HCT N Comm,False
HCT_N_Comm,block2_pauli,12,-107.45327874685029,0.0018768508554671826,False,2.766005707999284,12,True,False,False,100,21,1e-06,7.259063750097994e-08,0.0,"[-107.4363152603718, -107.44952635498863, -107.45079974009523, -107.4522688256573, -107.45262494442969, -107.45309084840454, -107.45311841569504, -107.45316710237847, -107.45317238403582, -107.45319007159257, -107.45319830853296, -107.453214488219, -107.45322674785862, -107.45324066707335, -107.45325354602343, -107.45326274550173, -107.45327054883757, -107.45327484659433, -107.45327726243116, -107.45327881944092, -107.45327874685029]","[0.24219229200389236, 0.12397862500074552, 0.12358004199631978, 0.12662570800603135, 0.1254156659997534, 0.11929887499718461, 0.11948445800226182, 0.12675641600071685, 0.12431291700340807, 0.12384758299594978, 0.12066387499362463, 0.1262289169972064, 0.1256292920006672, 0.12201324999477947, 0.12125379200006137, 0.12456166700576432, 0.12559870800032513, 0.12154354099766351, 0.12083866700413637, 0.12281820899806917, 0.12826204200246138]",N2_diss,HCT N Comm,False
HCT_N_Comm,block2_pauli,14,-107.45396808833061,0.0011875093751427812,True,3.1706043329977547,14,True,False,False,100,18,1e-06,8.977306151791709e-07,0.0,"[-107.4356953446623, -107.45109645353104, -107.45254771958903, -107.45373294508119, -107.45375985142093, -107.45390307688342, -107.45391196311047, -107.45392966797804, -107.45393545114678, -107.4539443416075, -107.4539489180444, -107.45395448977186, -107.45395780627382, -107.45396116944906, -107.45396357193971, -107.45396542792817, -107.4539671906, -107.45396808833061]","[0.268886208999902, 0.1750412910041632, 0.17604179099726025, 0.16128345800098032, 0.18172216699895216, 0.158532749999722, 0.17181333400367294, 0.16709545800404157, 0.17421187499712687, 0.1651059579962748, 0.1766238339987467, 0.15880054199806182, 0.16887529099767562, 0.15989558399451198, 0.166595957998652, 0.15815704200213077, 0.17187229100090917, 0.15860912499920232]",N2_diss,HCT N Comm,False
Pauli_BLISS+HCT_N_Comm,block2_pauli,1,-107.42138248687158,0.03377311083417567,False,0.6457107500027632,1,True,False,False,100,4,1e-06,1.3926637620897964e-12,0.0,"[-107.43358964511457, -107.41911581777771, -107.42138248687019, -107.42138248687158]","[0.24078520799957914, 0.09024050000152783, 0.08921483300218824, 0.08851200000208337]",N2_diss,Pauli BLISS+HCT N Comm,False
Pauli_BLISS+HCT_N_Comm,block2_pauli,2,-107.43069934430065,0.0244562534051056,False,0.9078039579981123,2,True,False,False,100,6,1e-06,6.531720941893582e-09,0.0,"[-107.4360070722417, -107.42897368730891, -107.43043253654619, -107.43066801489684, -107.43069935083237, -107.43069934430065]","[0.31945550000091316, 0.08751425000082236, 0.08252520899986848, 0.09497645800001919, 0.08990475000609877, 0.09382675000233576]",N2_diss,Pauli BLISS+HCT N Comm,False
Pauli_BLISS+HCT_N_Comm,block2_pauli,3,-107.4380667066275,0.017088891078259394,False,1.3807697919983184,3,True,False,False,100,8,1e-06,6.122162687915988e-07,0.0,"[-107.43646819561796, -107.43466623009178, -107.43814442399999, -107.43816902396745, -107.43812115425737, -107.43812237806347, -107.43806609441123, -107.4380667066275]","[0.47337420799885876, 0.10829150000063237, 0.09937129100580933, 0.10645562500576489, 0.11040029200376011, 0.10832037500222214, 0.10646937499404885, 0.13499466700159246]",N2_diss,Pauli BLISS+HCT N Comm,False
Pauli_BLISS+HCT_N_Comm,block2_pauli,4,-107.44045902918111,0.014696568524641407,False,1.11995712499629,4,True,False,False,100,4,1e-06,4.687171895056963e-08,0.0,"[-107.43571132707811, -107.43702643482627, -107.44045907605283, -107.44045902918111]","[0.5172092499997234, 0.1614860419940669, 0.15535333300067578, 0.1546423749969108]",N2_diss,Pauli BLISS+HCT N Comm,False
Pauli_BLISS+HCT_N_Comm,block2_pauli,5,-107.44161256805921,0.013543029646541527,False,2.3119680829986464,5,True,False,False,100,8,1e-06,8.916740625863895e-07,0.0,"[-107.44033389309814, -107.43957803164463, -107.44116750183355, -107.44147528633115, -107.44157736481824, -107.4415826982504, -107.44161167638515, -107.44161256805921]","[0.594578125004773, 0.22901241700310493, 0.22610787500161678, 0.22506462499586632, 0.22492354200221598, 0.22477070799504872, 0.23185291700065136, 0.23206433300219942]",N2_diss,Pauli BLISS+HCT N Comm,False
Pauli_BLISS+HCT_N_Comm,block2_pauli,6,-107.44356803085532,0.01158756685043727,False,2.1889535000009346,6,True,False,False,100,6,1e-06,8.167148735083174e-09,0.0,"[-107.44888254702445, -107.44241715955695, -107.44356831774041, -107.44356702196606, -107.44356803902247, -107.44356803085532]","[0.63147566599946, 0.2898505830016802, 0.291347833997861, 0.2771107500011567, 0.2974625409988221, 0.2846612499997718]",N2_diss,Pauli BLISS+HCT N Comm,False
Pauli_BLISS+HCT_N_Comm,block2_pauli,7,-107.4486769123541,0.006478685351652302,False,6.057224500000302,7,True,False,False,100,16,1e-06,3.062777693685348e-07,0.0,"[-107.45236599860311, -107.44798186221485, -107.4478700536867, -107.44785817379011, -107.44780893677233, -107.44783208538774, -107.44849192924033, -107.44855934630743, -107.44874122844274, -107.44875999192196, -107.44870276873573, -107.44869735244546, -107.44868152247498, -107.44868033521084, -107.44867721863187, -107.4486769123541]","[0.6818835000012768, 0.35859895899920957, 0.3415193749970058, 0.3274690410034964, 0.38120470799913164, 0.3415634169941768, 0.3658846660036943, 0.34101695800200105, 0.37090633300249465, 0.349586124997586, 0.34024616699753096, 0.3502424170001177, 0.3363956249959301, 0.3473603340025875, 0.33511704199918313, 0.356965292005043]",N2_diss,Pauli BLISS+HCT N Comm,False
Pauli_BLISS+HCT_N_Comm,block2_pauli,8,-107.45158236936315,0.0035732283426028744,False,2.45836304200202,8,True,False,False,100,6,1e-06,8.226039938108443e-08,0.0,"[-107.45389955309437, -107.45171366952916, -107.4515853689689, -107.4515865673628, -107.45158245162355, -107.45158236936315]","[0.7399943330019596, 0.3274742919966229, 0.3267469579950557, 0.3037457499958691, 0.33069974999671103, 0.3090345000018715]",N2_diss,Pauli BLISS+HCT N Comm,False
Pauli_BLISS+HCT_N_Comm,block2_pauli,9,-107.45304337476205,0.002112222943708275,False,4.075003666002885,9,True,False,False,100,7,1e-06,3.683087612671443e-07,0.0,"[-107.45448882990092, -107.45289913481861, -107.45302187073814, -107.45304485718296, -107.45303641059007, -107.45304374307081, -107.45304337476205]","[0.870917542000825, 0.5251489170041168, 0.515285290995962, 0.4886162080001668, 0.5212690410044161, 0.48430770900449716, 0.5295343749967287]",N2_diss,Pauli BLISS+HCT N Comm,False
Pauli_BLISS+HCT_N_Comm,block2_pauli,10,-107.45374099336581,0.001414604339942116,True,4.024572207999881,10,True,False,False,100,6,1e-06,2.087200243749976e-07,0.0,"[-107.45478056900517, -107.45382247299344, -107.45376454831211, -107.45376252175257, -107.45374120208584, -107.45374099336581]","[1.2255506250003236, 0.5361477080004988, 0.5543933750013821, 0.5225707920035347, 0.542522709001787, 0.5259137499961071]",N2_diss,Pauli BLISS+HCT N Comm,False
BS_Nover2_Comm,block2_pauli,1,-107.30314282003103,0.15201277767472732,False,0.3270642079951358,1,True,False,False,100,4,1e-06,1.4210854715202004e-14,0.0,"[-107.3032149640253, -107.30274283006463, -107.30314282003104, -107.30314282003103]","[0.08422808400064241, 0.07422304099600296, 0.061717042000964284, 0.06428808300552191]",N2_diss,BS N/2 Comm,False
BS_Nover2_Comm,block2_pauli,2,-107.32414207432373,0.13101352338202332,False,1.5938252080013626,2,True,False,False,100,21,1e-06,4.638119008859576e-07,0.0,"[-107.31507821394763, -107.19260451656793, -107.19383989970554, -107.2249336910044, -107.25357975134085, -107.3030011341796, -107.30377855599679, -107.3041112271867, -107.3046761945632, -107.30568973100954, -107.32710276767689, -107.32758909215713, -107.32371895354638, -107.32426157892274, -107.32409031200436, -107.32415427300313, -107.32413241856456, -107.32414187231262, -107.3241400378118, -107.32414161051183, -107.32414207432373]","[0.0924181669979589, 0.06940133400348714, 0.06352404200151796, 0.07681691700418014, 0.06360920800216263, 0.06858249999640975, 0.057883124994987156, 0.05830620799679309, 0.06548612500046147, 0.08044929199968465, 0.08992245899571571, 0.0747655000013765, 0.07032879199687159, 0.06238675000349758, 0.06184654199751094, 0.07043070800136775, 0.059535624997806735, 0.07274062500073342, 0.05680949999805307, 0.06873737500427524, 0.15930979200493312]",N2_diss,BS N/2 Comm,False
BS_Nover2_Comm,block2_pauli,3,-107.33952443483682,0.1156311628689366,False,0.5922404590019141,3,True,False,False,100,7,1e-06,9.987458327032073e-08,0.0,"[-107.3206502451802, -107.32736873397312, -107.33262290799527, -107.3357340654466, -107.3390843198246, -107.3395245347114, -107.33952443483682]","[0.10898212500615045, 0.0659139170020353, 0.0713020829934976, 0.10118816600152059, 0.0663975829957053, 0.06666887499886798, 0.0630163750029169]",N2_diss,BS N/2 Comm,False
BS_Nover2_Comm,block2_pauli,4,-107.37164098794429,0.08351460976146541,False,1.1310764160007238,4,True,False,False,100,16,1e-06,9.487147991649181e-07,0.0,"[-107.33318326747673, -107.33890092900943, -107.33973675880415, -107.35523196593954, -107.37050762405582, -107.37101964164768, -107.3712131332982, -107.37123726677672, -107.3710691457273, -107.37107181352172, -107.3712168954824, -107.37121855585458, -107.3715694041457, -107.37157149742663, -107.37164193665909, -107.37164098794429]","[0.09700095900188899, 0.06397879200085299, 0.06454633300018031, 0.06745391699951142, 0.06099183300102595, 0.060019917000317946, 0.06646579100197414, 0.07454858299752232, 0.08336845799931325, 0.07814154099469306, 0.06660216599993873, 0.0613536250020843, 0.06588745799672324, 0.06089962500118418, 0.060209249997569714, 0.060374499997124076]",N2_diss,BS N/2 Comm,False
BS_Nover2_Comm,block2_pauli,5,-107.42879401742243,0.026361580283321473,False,0.6473495000027469,5,True,False,False,100,8,1e-06,3.884942998411134e-07,0.0,"[-107.34013152823826, -107.41843867438254, -107.4284081403889, -107.42863492351474, -107.42878398174182, -107.4287903769818, -107.42879440591673, -107.42879401742243]","[0.12075850000110222, 0.06952137500047684, 0.06645849999767961, 0.06408429099974455, 0.06445612500101561, 0.07042729199747555, 0.0880779579965747, 0.06860595799662406]",N2_diss,BS N/2 Comm,False
BS_Nover2_Comm,block2_pauli,6,-107.4290868559255,0.026068741780250093,False,0.5670310420027818,6,True,False,False,100,7,1e-06,2.513282879590406e-07,0.0,"[-107.36859720840145, -107.40657679960566, -107.42870377375755, -107.42897024251715, -107.42905637072985, -107.42908660459722, -107.4290868559255]","[0.11605941699963296, 0.07221800000115763, 0.0704547920031473, 0.06885483400401426, 0.06991391700285021, 0.06687720899935812, 0.06900104099622695]",N2_diss,BS N/2 Comm,False
BS_Nover2_Comm,block2_pauli,7,-107.42938268970286,0.025772908002892336,False,0.6068974169975263,7,True,False,False,100,7,1e-06,4.3101437086079386e-07,0.0,"[-107.36817929548428, -107.39881086530781, -107.42909492734694, -107.42923643034499, -107.42934198844056, -107.42938225868849, -107.42938268970286]","[0.11281025000062073, 0.07914883400371764, 0.08173829199949978, 0.0802209169996786, 0.07396666699787602, 0.07287787499808474, 0.07169670800067252]",N2_diss,BS N/2 Comm,False
BS_Nover2_Comm,block2_pauli,8,-107.42959728695885,0.02555831074690218,False,0.49980274999688845,8,True,False,False,100,6,1e-06,4.41090421077206e-07,0.0,"[-107.37158955238078, -107.42890922254958, -107.42949519284541, -107.42955345561464, -107.42959684586843, -107.42959728695885]","[0.11646637500234647, 0.07205404099659063, 0.07319187500252156, 0.06883883299451554, 0.06885329199576518, 0.06712895900272997]",N2_diss,BS N/2 Comm,False
BS_Nover2_Comm,block2_pauli,9,-107.42974734447697,0.02540825322878959,False,0.7083864169981098,9,True,False,False,100,7,1e-06,1.5534598674094013e-07,0.0,"[-107.36291064837734, -107.41454924090354, -107.42871084066603, -107.42970252824237, -107.42974439136947, -107.42974718913098, -107.42974734447697]","[0.1541163330039126, 0.1004711249988759, 0.08929424999951152, 0.08930387500004144, 0.08257604199752677, 0.07891925000149058, 0.07992091600317508]",N2_diss,BS N/2 Comm,False
BS_Nover2_Comm,block2_pauli,10,-107.42974772533013,0.025407872375623697,False,1.1056872499975725,10,True,False,False,100,11,1e-06,3.4268823867478204e-07,0.0,"[-107.37119450842228, -107.39856452162564, -107.40978843630938, -107.42501639553068, -107.42916120231544, -107.42939201790139, -107.42950488047802, -107.42966207243406, -107.42974569876155, -107.42974738264189, -107.42974772533013]","[0.15742441700422205, 0.09865458300191676, 0.09461316699889721, 0.09952170799806481, 0.09653912499925354, 0.09100404199853074, 0.08806412499689031, 0.08837700000003679, 0.08609574999718461, 0.08664454099925933, 0.08255900000222027]",N2_diss,BS N/2 Comm,False
BS_Nover2_Comm,block2_pauli,12,-107.42973226707042,0.025423330635334196,False,0.6649112500017509,12,True,False,False,100,6,1e-06,1.6162898930360825e-07,0.0,"[-107.37220769830853, -107.42903787644403, -107.42969108166574, -107.42971235617522, -107.42973210544143, -107.42973226707042]","[0.1633729170061997, 0.1001760409999406, 0.09638620800251374, 0.09362795800552703, 0.09049566699832212, 0.08700583400059259]",N2_diss,BS N/2 Comm,False
BS_Nover2_Comm,block2_pauli,14,-107.42974780851142,0.02540778919433251,False,0.7123721660027513,14,True,False,False,100,5,1e-06,2.3697444362369424e-07,0.0,"[-107.39139534857186, -107.4291232846666, -107.42974314591333, -107.42974757153698, -107.42974780851142]","[0.19034799999644747, 0.152379999999539, 0.12589270799799124, 0.10851520800497383, 0.10231991699401988]",N2_diss,BS N/2 Comm,False
BS_Nover2_Comm,block2_pauli,16,-107.45435266146558,0.0008029362401771323,True,0.9115419590016245,16,True,False,False,100,6,1e-06,2.4130031306413002e-11,0.0,"[-107.38303529071884, -107.42922429339497, -107.43438880619686, -107.45127246325706, -107.45435266148971, -107.45435266146558]","[0.19909899999765912, 0.14602274999924703, 0.15199345900327899, 0.1246749580022879, 0.1332211249973625, 0.12260324999806471]",N2_diss,BS N/2 Comm,False
BS_N_Comm,block2_pauli,1,-107.42911150188422,0.026044095821532665,False,0.903711042003124,1,True,False,False,100,9,1e-06,3.3861510928545613e-07,0.0,"[-107.40957481788632, -107.40503650318097, -107.40716238694597, -107.42765329091925, -107.42765456802897, -107.42908639914103, -107.42908372259983, -107.42911184049933, -107.42911150188422]","[0.1283319579961244, 0.1522207919988432, 0.08443333299510414, 0.07808945899887476, 0.08547433400235604, 0.0838608329941053, 0.08437866700114682, 0.0732569159954437, 0.06648291599412914]",N2_diss,BS N Comm,False
BS_N_Comm,block2_pauli,2,-107.43866854903396,0.016487048671791626,False,1.323768125002971,2,True,False,False,100,17,1e-06,1.660302615391629e-07,0.0,"[-107.41262077885713, -107.41086926449401, -107.4116373433496, -107.41286595683545, -107.41531784851767, -107.42191423244068, -107.42800973457409, -107.43003403723249, -107.43055658216755, -107.43106634336407, -107.43253840729159, -107.43713892129878, -107.43802241522732, -107.43874949358872, -107.43866322505625, -107.43866871506422, -107.43866854903396]","[0.1299173330044141, 0.06880124999588588, 0.06620400000247173, 0.06430187500518514, 0.0654531250038417, 0.06608879199484363, 0.07512604100338649, 0.07000429099571193, 0.06663600000320002, 0.07348029199783923, 0.0986995420025778, 0.06705879099899903, 0.06341362500097603, 0.07869658299750881, 0.0689805410002009, 0.06797699999879114, 0.06850783299887553]",N2_diss,BS N Comm,False
BS_N_Comm,block2_pauli,3,-107.4243035914296,0.030852006276148813,False,0.4786847499999567,3,True,False,False,100,5,1e-06,1.2522190218078322e-07,0.0,"[-107.42502550109126, -107.42428086442226, -107.42430194163293, -107.4243034662077, -107.4243035914296]","[0.14169187500374392, 0.06798962500033667, 0.07214337500045076, 0.06802016599976923, 0.07626962500216905]",N2_diss,BS N Comm,False
BS_N_Comm,block2_pauli,4,-107.42848352131226,0.02667207639349556,False,0.5352587919987855,4,True,False,False,100,5,1e-06,6.114079553753982e-07,0.0,"[-107.42813335029619, -107.42835262198368, -107.42847851654885, -107.42848413272021, -107.42848352131226]","[0.16006337499857182, 0.08317458300007274, 0.084046333002334, 0.07794862499576993, 0.0753164170018863]",N2_diss,BS N Comm,False
BS_N_Comm,block2_pauli,5,-107.42908156806982,0.026074029635935858,False,0.566254541001399,5,True,False,False,100,5,1e-06,3.4597165665672946e-07,0.0,"[-107.42888359313099, -107.42899353584642, -107.42907444450856, -107.42908122209816, -107.42908156806982]","[0.15962354200019035, 0.08952304199920036, 0.09712012499949196, 0.08427224999468308, 0.08079670800361782]",N2_diss,BS N Comm,False
BS_N_Comm,block2_pauli,6,-107.42926371523765,0.025891882468101812,False,0.6694354999999632,6,True,False,False,100,6,1e-06,2.2087641582402284e-07,0.0,"[-107.42916180260154, -107.42917962820314, -107.42925765387577, -107.42926109971961, -107.42926349436124, -107.42926371523765]","[0.16293770899937954, 0.09528437499830034, 0.09040537499822676, 0.0897945830001845, 0.08797437499742955, 0.08766116599872475]",N2_diss,BS N Comm,False
BS_N_Comm,block2_pauli,7,-107.4295517858127,0.025603811893049055,False,0.6523968339970452,7,True,False,False,100,5,1e-06,1.0948470219318551e-07,0.0,"[-107.42946128676056, -107.4294819390621, -107.42951535539244, -107.429551676328, -107.4295517858127]","[0.16662066699791467, 0.10548766700230772, 0.11828249999962281, 0.10385662499902537, 0.10291587500250898]",N2_diss,BS N Comm,False
BS_N_Comm,block2_pauli,8,-107.42967502962364,0.025480568082116406,False,0.6661251670011552,8,True,False,False,100,5,1e-06,4.404256515044835e-09,0.0,"[-107.42962183900059, -107.42965597517984, -107.42967307378501, -107.42967502521938, -107.42967502962364]","[0.24822149999818066, 0.09383862499817042, 0.09334812499582767, 0.08799112500128103, 0.08817029200145043]",N2_diss,BS N Comm,False
BS_N_Comm,block2_pauli,9,-107.42972260314002,0.025432994565733225,False,0.38110250000318047,9,True,False,False,100,2,1e-06,7.19799174930813e-07,0.0,"[-107.4297233229392, -107.42972260314002]","[0.2143836250033928, 0.11691512499965029]",N2_diss,BS N Comm,False
BS_N_Comm,block2_pauli,10,-107.42974577128366,0.02540982642209144,False,0.6325121670015506,10,True,False,False,100,4,1e-06,1.0175857312333392e-07,0.0,"[-107.42972903589282, -107.42973834477246, -107.42974587304224, -107.42974577128366]","[0.22639999999955762, 0.12513162499817554, 0.11751004200050374, 0.11210283300169976]",N2_diss,BS N Comm,False
BS_N_Comm,block2_pauli,12,-107.42974687044548,0.025408727260270325,False,0.5418835000018589,12,True,False,False,100,3,1e-06,2.533699898776831e-07,0.0,"[-107.42973470398199, -107.4297466170755, -107.42974687044548]","[0.2468536669985042, 0.1269173749969923, 0.11742254200362368]",N2_diss,BS N Comm,False
BS_N_Comm,block2_pauli,14,-107.42974769518929,0.025407902516462855,False,0.6628393749997485,14,True,False,False,100,3,1e-06,3.9740892532336147e-07,0.0,"[-107.42973739359877, -107.42974729778037, -107.42974769518929]","[0.2833581660015625, 0.17536416700022528, 0.15243683400331065]",N2_diss,BS N Comm,False
BS_N_Comm,block2_pauli,16,-107.42974779285129,0.02540780485446703,False,0.6883245419958257,16,True,False,False,100,3,1e-06,8.372103366127703e-08,0.0,"[-107.42973920514878, -107.42974770913025, -107.42974779285129]","[0.3129625000001397, 0.16873954200127628, 0.15429320900148014]",N2_diss,BS N Comm,False
BS_N_Comm,block2_pauli,18,-107.45506275409821,9.284360754691079e-05,True,1.8823114580009133,18,True,False,False,100,6,1e-06,4.803268893738277e-12,0.0,"[-107.42974043092255, -107.43263743214179, -107.45470167481483, -107.45496913046028, -107.4550627540934, -107.45506275409821]","[0.38073520800389815, 0.36782074999791803, 0.2979273329983698, 0.2765907920038444, 0.2454450410004938, 0.2603379579959437]",N2_diss,BS N Comm,False
HCT_N_Comm_Fiedler,block2_pauli,1,-107.36408515851306,0.09107043919269131,False,0.47289091700076824,1,True,False,False,100,6,1e-06,1.006839056572062e-10,0.0,"[-107.37348975172414, -107.36343794076386, -107.36421335032173, -107.36408001488553, -107.36408515841238, -107.36408515851306]","[0.08322170800238382, 0.07405891599773895, 0.07493675000296207, 0.06907683300232748, 0.06862537500273902, 0.06490162500267616]",N2_diss,HCT N Comm,True
HCT_N_Comm_Fiedler,block2_pauli,2,-107.40435627585029,0.05079932185546454,False,0.2745222500016098,2,True,False,False,100,3,1e-06,5.093170329928398e-11,0.0,"[-107.39994228752806, -107.40435627579936, -107.40435627585029]","[0.09461908299999777, 0.07505166700138943, 0.061530500002845656]",N2_diss,HCT N Comm,True
HCT_N_Comm_Fiedler,block2_pauli,3,-107.42461420101203,0.030541396693720912,False,0.25758487499842886,3,True,False,False,100,3,1e-06,8.329966050268922e-07,0.0,"[-107.4246254619654, -107.42461336801543, -107.42461420101203]","[0.09191554199787788, 0.06729779200395569, 0.062056208997091744]",N2_diss,HCT N Comm,True
HCT_N_Comm_Fiedler,block2_pauli,4,-107.42586163826411,0.029293959441645256,False,0.2761152500024764,4,True,False,False,100,3,1e-06,8.15418843558291e-11,0.0,"[-107.42565639790817, -107.42586163834565, -107.42586163826411]","[0.09625495799991768, 0.07037879099516431, 0.07376441700034775]",N2_diss,HCT N Comm,True
HCT_N_Comm_Fiedler,block2_pauli,5,-107.42759665685784,0.027558940847910662,False,0.5766030000013416,5,True,False,False,100,6,1e-06,7.93897925177589e-08,0.0,"[-107.42739477721163, -107.427571483317, -107.42759394455766, -107.4275951502421, -107.42759657746805, -107.42759665685784]","[0.10541991700301878, 0.07771020799555117, 0.07545687499805354, 0.07469583299825899, 0.0728129999988596, 0.13120866700046463]",N2_diss,HCT N Comm,True
HCT_N_Comm_Fiedler,block2_pauli,6,-107.42941087856775,0.025744719138003802,False,0.3175991250027437,6,True,False,False,100,3,1e-06,1.6476423070344026e-07,0.0,"[-107.42940514760386, -107.42941071380352, -107.42941087856775]","[0.1032926249972661, 0.08183891700173263, 0.09125837500323541]",N2_diss,HCT N Comm,True
HCT_N_Comm_Fiedler,block2_pauli,7,-107.42969454366057,0.02546105404518073,False,0.44370945900300285,7,True,False,False,100,4,1e-06,8.576927115200306e-07,0.0,"[-107.42949646130478, -107.42961931974307, -107.42969540135329, -107.42969454366057]","[0.10702183299872559, 0.11695883400534512, 0.09488091700040968, 0.08815904200309888]",N2_diss,HCT N Comm,True
HCT_N_Comm_Fiedler,block2_pauli,8,-107.45160405102675,0.0035515466790059236,False,0.3662537920026807,8,True,False,False,100,3,1e-06,2.114575181622058e-11,0.0,"[-107.45292448657638, -107.4516040510479, -107.45160405102675]","[0.13376825000159442, 0.09018304199707927, 0.10654183299629949]",N2_diss,HCT N Comm,True
HCT_N_Comm_Fiedler,block2_pauli,9,-107.4531249455021,0.0020306522036577235,False,0.40817487499589333,9,True,False,False,100,3,1e-06,2.433608869978343e-10,0.0,"[-107.45292448657638, -107.45312494574546, -107.4531249455021]","[0.14587366699561244, 0.11128958300105296, 0.11481958399963332]",N2_diss,HCT N Comm,True
HCT_N_Comm_Fiedler,block2_pauli,10,-107.4546547924499,0.0005008052558537202,True,0.43655616699834354,10,True,False,False,100,3,1e-06,4.1168846109940205e-11,0.0,"[-107.45322436942058, -107.45465479249107, -107.4546547924499]","[0.15081170899793506, 0.12347975000011502, 0.12539250000554603]",N2_diss,HCT N Comm,True
BS_N_Comm_Fiedler,block2_pauli,1,-107.42901923634213,0.026136361363626293,False,0.5861954169959063,1,True,False,False,100,7,1e-06,3.943344921708558e-07,0.0,"[-107.43623298396543, -107.42615742765732, -107.42917180841343, -107.42903789570028, -107.42902161263714, -107.42901963067662, -107.42901923634213]","[0.09940737500437535, 0.07376566700258991, 0.06981558300321922, 0.07757216700701974, 0.06917066599999089, 0.0836026659962954, 0.07458933299494674]",N2_diss,BS N Comm,True
BS_N_Comm_Fiedler,block2_pauli,2,-107.43973411274422,0.015421484961535725,False,0.3639958330022637,2,True,False,False,100,4,1e-06,1.525427677506741e-07,0.0,"[-107.43796219624792, -107.43861339232737, -107.43973426528699, -107.43973411274422]","[0.10994008299894631, 0.06918412500090199, 0.06752000000415137, 0.07320095800241688]",N2_diss,BS N Comm,True
BS_N_Comm_Fiedler,block2_pauli,3,-107.44104470039846,0.014110897307290315,False,0.39996112499648007,3,True,False,False,100,4,1e-06,3.0916936566427466e-07,0.0,"[-107.4373303122639, -107.44031510290819, -107.4410443912291, -107.44104470039846]","[0.11726808400271693, 0.1068862089960021, 0.06638179199944716, 0.0688612079975428]",N2_diss,BS N Comm,True
BS_N_Comm_Fiedler,block2_pauli,4,-107.44779022597656,0.007365371729193271,False,0.5709156250013621,4,True,False,False,100,6,1e-06,2.0883823026451864e-07,0.0,"[-107.4463854118289, -107.44740872722507, -107.4477646221898, -107.44779819056629, -107.44779043481479, -107.44779022597656]","[0.1267418749994249, 0.08437216700258432, 0.08056562499405118, 0.08070666700223228, 0.07953091699891957, 0.0805395409988705]",N2_diss,BS N Comm,True
BS_N_Comm_Fiedler,block2_pauli,5,-107.45056666539571,0.004588932310042537,False,0.8230632910053828,5,True,False,False,100,7,1e-06,5.62587942454229e-07,0.0,"[-107.44917072047416, -107.45006064033177, -107.45040840229339, -107.45054585689834, -107.45054381828686, -107.45056722798365, -107.45056666539571]","[0.15155295799922897, 0.09968999999546213, 0.09165149999898858, 0.13977170900034253, 0.10235708300024271, 0.10332491699955426, 0.09567266699741594]",N2_diss,BS N Comm,True
BS_N_Comm_Fiedler,block2_pauli,6,-107.45314827968923,0.0020073180165240956,False,0.6373682499979623,6,True,False,False,100,5,1e-06,1.7007826613735233e-07,0.0,"[-107.45142114296031, -107.45277980196974, -107.45303685550013, -107.4531484497675, -107.45314827968923]","[0.13838191599643324, 0.11504245800460922, 0.1194010840044939, 0.11472716700518504, 0.11344737499894109]",N2_diss,BS N Comm,True
BS_N_Comm_Fiedler,block2_pauli,7,-107.45369311052026,0.001462487185492023,True,0.6535591249994468,7,True,False,False,100,5,1e-06,2.0144319989867654e-07,0.0,"[-107.45241346802392, -107.45357253696096, -107.4536154677929, -107.45369331196346, -107.45369311052026]","[0.13624533300026087, 0.13179104099981487, 0.11994674999732524, 0.1121009589987807, 0.11683145899587544]",N2_diss,BS N Comm,True
raw_fermionic_su2,,1,-107.17582171697968,0.279333880726071,False,0.05180850000033388,1,True,False,False,100,3,1e-06,0.0,0.0,"[-107.28567167139875, -107.17582171697968, -107.17582171697968]","[0.020550166998873465, 0.0102293749951059, 0.012689625000348315]",N2_diss,,False
raw_fermionic_su2,,2,-107.17582171686512,0.2793338808406389,False,0.052731666997715365,2,True,False,False,100,3,1e-06,4.263256414560601e-14,0.0,"[-107.28567167139875, -107.17582171686507, -107.17582171686512]","[0.018686041999899317, 0.011564332999114413, 0.009779125000932254]",N2_diss,,False
raw_fermionic_su2,,3,-107.29105851236226,0.16409708534349932,False,0.0658277909969911,3,True,False,False,100,4,1e-06,8.526512829121202e-14,0.0,"[-107.31023363384294, -107.27337354710633, -107.29105851236217, -107.29105851236226]","[0.020811791997402906, 0.01139633399725426, 0.010472957997990306, 0.014954624995880295]",N2_diss,,False
raw_fermionic_su2,,4,-107.31889567573045,0.13625992197530934,False,0.06830779199663084,4,True,False,False,100,4,1e-06,4.41303882325883e-10,0.0,"[-107.31828069998319, -107.31002752048393, -107.31889567617175, -107.31889567573045]","[0.019749667000724003, 0.01457637500425335, 0.010601791000226513, 0.014225833001546562]",N2_diss,,False
raw_fermionic_su2,,5,-107.3441444680398,0.11101112966595394,False,0.06991812499472871,5,True,False,False,100,4,1e-06,2.538058652135078e-11,0.0,"[-107.3439714228749, -107.31007138257655, -107.34414446801442, -107.3441444680398]","[0.01931854200665839, 0.01264649999939138, 0.01635691599949496, 0.014066249997995328]",N2_diss,,False
raw_fermionic_su2,,6,-107.36336321790147,0.09179237980428923,False,0.0748452499974519,6,True,False,False,100,4,1e-06,1.3655210295837605e-10,0.0,"[-107.37083096539263, -107.36036088497367, -107.36336321803802, -107.36336321790147]","[0.016075708001153544, 0.01273645800392842, 0.016458500002045184, 0.016417375001765322]",N2_diss,,False
raw_fermionic_su2,,7,-107.37131495610488,0.08384064160087235,False,0.08003987499978393,7,True,False,False,100,4,1e-06,8.432721188000869e-11,0.0,"[-107.37744945597116, -107.3603608850103, -107.37131495602056, -107.37131495610488]","[0.019668790999276098, 0.01799274999939371, 0.01658116700127721, 0.01455391600029543]",N2_diss,,False
raw_fermionic_su2,,8,-107.36359430090808,0.09156129679767844,False,0.0735553330014227,8,True,False,False,100,4,1e-06,1.850253283919301e-11,0.0,"[-107.37803804189387, -107.36061598839147, -107.36359430092658, -107.36359430090808]","[0.01559537499997532, 0.019043000000237953, 0.017002958004013635, 0.014298624999355525]",N2_diss,,False
raw_fermionic_su2,,9,-107.3902492350971,0.06490636260865301,False,0.08164175000274554,9,True,False,False,100,4,1e-06,9.336531547887716e-12,0.0,"[-107.37850407494008, -107.37152986232664, -107.39024923508777, -107.3902492350971]","[0.020500833001278806, 0.018350375001318753, 0.01734858300187625, 0.017275416001211852]",N2_diss,,False
raw_fermionic_su2,,10,-107.39364866480275,0.06150693290300069,False,0.08497779200115474,10,True,False,False,100,4,1e-06,6.0538241086760536e-12,0.0,"[-107.37852472738237, -107.37157676918312, -107.3936486647967, -107.39364866480275]","[0.017357374999846797, 0.015444208002008963, 0.026841457998671103, 0.015816250001080334]",N2_diss,,False
raw_fermionic_su2,,12,-107.41593048702369,0.03922511068206802,False,0.12676825000380632,12,True,False,False,100,6,1e-06,6.266986929404084e-12,0.0,"[-107.3786101469183, -107.37863187558021, -107.41060675818159, -107.40645329194777, -107.41593048702995, -107.41593048702369]","[0.02244316599535523, 0.023214083004859276, 0.015991915999620687, 0.015877707999607082, 0.01523079100297764, 0.021518292000109795]",N2_diss,,False
raw_fermionic_su2,,14,-107.41888286505775,0.03627273264800124,False,0.16119695799716283,14,True,False,False,100,6,1e-06,1.0373923942097463e-12,0.0,"[-107.37978562569495, -107.37980692642859, -107.40974779262393, -107.41685153318318, -107.41888286505672, -107.41888286505775]","[0.01725362500292249, 0.02150354200421134, 0.02030699999886565, 0.021863208996364847, 0.03624508299981244, 0.031219083997712005]",N2_diss,,False
raw_fermionic_su2,,16,-107.41892523709025,0.03623036061550522,False,0.11878299999807496,16,True,False,False,100,6,1e-06,1.2789769243681803e-12,0.0,"[-107.37980545330147, -107.38021057788059, -107.41194361173099, -107.4189242255822, -107.41892523708897, -107.41892523709025]","[0.01969545899919467, 0.018292375003511552, 0.020956290994945448, 0.019614125005318783, 0.015607708002789877, 0.016601167000771966]",N2_diss,,False
raw_fermionic_su2,,18,-107.41990066614758,0.035254931558171165,False,0.14073324999480974,18,True,False,False,100,6,1e-06,1.3059775483270641e-11,0.0,"[-107.37980662805562, -107.38023852316731, -107.41200945960112, -107.419636223735, -107.41990066613452, -107.41990066614758]","[0.020485582994297147, 0.01816641700133914, 0.03047229199728463, 0.02471995800442528, 0.019700707998708822, 0.019289833995571826]",N2_diss,,False
raw_fermionic_su2,,20,-107.42037499296941,0.03478060473634059,False,0.16640266699687345,20,True,False,False,100,6,1e-06,1.2065015653206501e-11,0.0,"[-107.3798068711776, -107.38028873862758, -107.41127544000612, -107.41985595677052, -107.42037499295735, -107.42037499296941]","[0.019183916003385093, 0.020474249999097083, 0.02780562499538064, 0.04138804199465085, 0.02383491599903209, 0.0259965410004952]",N2_diss,,False
raw_fermionic_su2,,30,-107.45480383909295,0.0003517586128083394,True,0.1667438329968718,30,True,False,False,100,5,1e-06,4.3215416667408135e-07,0.0,"[-107.37980712065063, -107.42425233620621, -107.45460125329096, -107.45480340693878, -107.45480383909295]","[0.01698233299975982, 0.02757512500102166, 0.03736008299893001, 0.03958566700021038, 0.03769004199421033]",N2_diss,,False
raw_qubit,block2_pauli,1,-195.96743429168015,0.08220363156840449,False,0.2735246250013006,1,True,False,False,100,3,1e-06,0.0,0.0,"[-196.04963792324895, -195.96743429168015, -195.96743429168015]","[0.07642920900252648, 0.05831704199954402, 0.058535832999041304]",F2_eqm,,False
raw_qubit,block2_pauli,2,-196.04276512708844,0.006872796160109829,False,0.2037123749978491,2,True,False,False,100,3,1e-06,3.4300410334253684e-07,0.0,"[-196.04963792324895, -196.04276547009255, -196.04276512708844]","[0.06719841599988285, 0.053101165998668876, 0.05741883300652262]",F2_eqm,,False
raw_qubit,block2_pauli,3,-196.0461251448543,0.0035127783942527913,False,0.21325845800311072,3,True,False,False,100,3,1e-06,3.105071755271638e-10,0.0,"[-196.04963792324895, -196.0461251445438, -196.0461251448543]","[0.06762637499923585, 0.06308124999486608, 0.055509625002741814]",F2_eqm,,False
raw_qubit,block2_pauli,4,-196.0477821156303,0.001855807618255767,False,0.2586904159979895,4,True,False,False,100,4,1e-06,4.2580751369314385e-07,0.0,"[-196.04963792324895, -196.04881707198373, -196.0477825414378, -196.0477821156303]","[0.05592337499547284, 0.06628170800104272, 0.0543344999969122, 0.060546458000317216]",F2_eqm,,False
raw_qubit,block2_pauli,5,-196.04925567778082,0.0003822454677333553,True,0.22126149999530753,5,True,False,False,100,4,1e-06,2.6852529799725744e-07,0.0,"[-196.04963792324895, -196.04924292756942, -196.04925594630612, -196.04925567778082]","[0.05255304199818056, 0.04900912499579135, 0.047577500001352746, 0.052344499999890104]",F2_eqm,,False
HCT_Nover2_Comm,block2_pauli,1,-195.96744233731027,0.08219558593827969,False,0.2516407090006396,1,True,False,False,100,3,1e-06,2.609749572002329e-08,0.0,"[-196.04963792324907, -195.96744231121278, -195.96744233731027]","[0.07771579200198175, 0.0792502499971306, 0.06782654199923854]",F2_eqm,HCT N/2 Comm,False
HCT_Nover2_Comm,block2_pauli,2,-196.04162192947558,0.008015993772971797,False,0.49839970800530864,2,True,False,False,100,6,1e-06,7.389644451905042e-12,0.0,"[-196.04963792324907, -196.03970081549585, -196.04026075074285, -196.04162083447147, -196.0416219294682, -196.04162192947558]","[0.0751812499947846, 0.07123945799685316, 0.06750062500213971, 0.07285204200161388, 0.0823262500052806, 0.09899604100064607]",F2_eqm,HCT N/2 Comm,False
HCT_Nover2_Comm,block2_pauli,3,-196.0460398133419,0.003598109906647551,False,0.34042158300144365,3,True,False,False,100,5,1e-06,1.3445571767078945e-08,0.0,"[-196.04963792324907, -196.04597220950785, -196.04603792893943, -196.04603979989633, -196.0460398133419]","[0.06571266700484557, 0.07050241699471371, 0.058505875000264496, 0.0584420829982264, 0.06026774999918416]",F2_eqm,HCT N/2 Comm,False
HCT_Nover2_Comm,block2_pauli,4,-196.04848934881744,0.0011485744311130475,True,0.26414862499950686,4,True,False,False,100,4,1e-06,8.301898901663662e-07,0.0,"[-196.04963792324907, -196.04847600768653, -196.04848851862755, -196.04848934881744]","[0.06132604199956404, 0.06009949999861419, 0.05754404100298416, 0.05915945900051156]",F2_eqm,HCT N/2 Comm,False
HCT_N_Comm,block2_pauli,1,-196.04595488002948,0.0036830432190697593,False,0.2919730409994372,1,True,False,False,100,4,1e-06,1.9269918993813917e-11,0.0,"[-196.049637923249, -196.0458681513592, -196.0459548800102, -196.04595488002948]","[0.06344179200095823, 0.06818104100238997, 0.07130220800172538, 0.06277020800189348]",F2_eqm,HCT N Comm,False
HCT_N_Comm,block2_pauli,2,-196.049193347271,0.0004445759775535407,True,0.2281414999961271,2,True,False,False,100,3,1e-06,6.8938049935241e-08,0.0,"[-196.04963792324907, -196.04919327833295, -196.049193347271]","[0.06775345799542265, 0.06532762499409728, 0.06697154200082878]",F2_eqm,HCT N Comm,False
Pauli_BLISS+HCT_N_Comm,block2_pauli,1,-192.56339853755333,3.486239385695228,False,0.6783736659999704,1,True,False,False,100,6,1e-06,2.2737367544323206e-13,0.0,"[-196.04963792324924, -192.4070208015094, -192.56329266450297, -192.5633256212524, -192.56339853755355, -192.56339853755333]","[0.16183620899391826, 0.09133699999802047, 0.09180099999503, 0.08313037500192877, 0.10140287499962142, 0.08831891600129893]",F2_eqm,Pauli BLISS+HCT N Comm,False
Pauli_BLISS+HCT_N_Comm,block2_pauli,2,-195.17864439181054,0.8709935314380175,False,0.9115600000004633,2,True,False,False,100,9,1e-06,1.6173856920431717e-08,0.0,"[-196.04963792324924, -195.74442719048272, -195.7429071494599, -195.7453745202295, -195.74681642168537, -195.17920642411045, -195.1785845185596, -195.1786444079844, -195.17864439181054]","[0.1859368329969584, 0.09619175000261748, 0.08793841599981533, 0.08343508299731184, 0.08371720799914328, 0.08159675000206335, 0.0763165839962312, 0.07543925000209128, 0.0807185829980881]",F2_eqm,Pauli BLISS+HCT N Comm,False
Pauli_BLISS+HCT_N_Comm,block2_pauli,3,-196.03751792071068,0.012120002537869823,False,12.3718254589985,3,False,True,True,100,100,1e-06,0.0006518715942149811,0.0,"[-196.04963792324924, -196.04101290935102, -196.04109222947824, -196.02969375553005, -196.02967196320867, -196.03600447595596, -196.03601772598319, -196.037215429247, -196.03721703182893, -196.03744167088513, -196.03744470740895, -196.0266478412604, -196.02663060968132, -196.03686373458814, -196.036884558356, -196.03751526336234, -196.0375172599537, -196.02656646718765, -196.02654896537916, -196.036842137654, -196.03686311455942, -196.03751833979408, -196.03752022539788, -196.02657500383413, -196.02655753672278, -196.03684558234872, -196.03686653876906, -196.03751785059677, -196.03751975334228, -196.02657353034522, -196.026556057322, -196.0368450073383, -196.0368659672145, -196.03751793243458, -196.03751983230765, -196.02657377544045, -196.0265563034036, -196.0368451035148, -196.03686606281502, -196.037517918751, -196.03751981910378, -196.02657373441934, -196.02655626221804, -196.03684508743413, -196.0368660468306, -196.03751792103935, -196.03751982131183, -196.02657374129723, -196.0265562691233, -196.03684509013118, -196.0368660495107, -196.03751792065447, -196.03751982094047, -196.02657374013774, -196.02655626795882, -196.03684508967507, -196.03686604905778, -196.03751792071859, -196.03751982100312, -196.02657374030332, -196.0265562681256, -196.03684508974095, -196.03686604912286, -196.03751792070932, -196.03751982099377, -196.0265737402595, -196.02655626808115, -196.03684508972322, -196.03686604910587, -196.03751792071432, -196.03751982099902, -196.0265737402775, -196.02655626809917, -196.03684508973106, -196.03686604911326, -196.03751792071162, -196.03751982099686, -196.0265737402696, -196.02655626809135, -196.036845089727, -196.03686604910962, -196.03751792071324, -196.03751982099794, -196.02657374028792, -196.02655626810937, -196.03684508973356, -196.03686604911587, -196.03751792071097, -196.03751982099564, -196.02657374027294, -196.02655626809496, -196.03684508972825, -196.03686604911087, -196.03751792071137, -196.03751982099604, -196.0265737402844, -196.0265562681057, -196.03684508973402, -196.03686604911647, -196.03751792071068]","[0.23550641600013478, 0.133558458997868, 0.11792562500340864, 0.1172824169989326, 0.11697866699978476, 0.11463233300310094, 0.12901304200204322, 0.12143374999868684, 0.12134616700495826, 0.11632633399858605, 0.11621308299800148, 0.12304883299657376, 0.12390495900035603, 0.12076608299685176, 0.1596287919965107, 0.17920554200100014, 0.11940395899728173, 0.11390274999575922, 0.11808787499467144, 0.11490291699738009, 0.1218262090042117, 0.12186524999560788, 0.12429487500048708, 0.12673858400376048, 0.12455000000045402, 0.12089204199583037, 0.16869166699325433, 0.12655829099821858, 0.11738991599850124, 0.12133641700347653, 0.13327570800174726, 0.11747470800037263, 0.12115554200136103, 0.12104329199792119, 0.1243559170034132, 0.11696933299390366, 0.12233662500511855, 0.11438099999941187, 0.12904070800141199, 0.12635458300064784, 0.12099020800087601, 0.11308704200200737, 0.11580595900159096, 0.11536420799529878, 0.14159700000163866, 0.12139770800422411, 0.12736025000049267, 0.11612558300112141, 0.11981758299953071, 0.11360154200519901, 0.11810574999981327, 0.12022620800416917, 0.11983854100253666, 0.11330954200093402, 0.11818229199707275, 0.11500708299718099, 0.12409887499961769, 0.1205556670029182, 0.11664429100346752, 0.11452120800095145, 0.11729299999569776, 0.11593470800289651, 0.1190041250010836, 0.11861687499913387, 0.11943704100121977, 0.11400566600059392, 0.11514187500142725, 0.11429541600227822, 0.11988399999972899, 0.13290654099546373, 0.1195146250029211, 0.15248691700253403, 0.11702720900211716, 0.11509166700125206, 0.11788241699832724, 0.12192645799950697, 0.11891499999910593, 0.11392458400223404, 0.1152021669986425, 0.1189433339968673, 0.12062158299522707, 0.12160866599879228, 0.11738408300152514, 0.11228804200072773, 0.11606266699527623, 0.11843254200357478, 0.11899033300142037, 0.11832658299681498, 0.11695995899935951, 0.11547762500413228, 0.11644408400024986, 0.11424766700656619, 0.11779450000176439, 0.11887516600108938, 0.11971116600034293, 0.11339354200026719, 0.11567175000527641, 0.11494308299734257, 0.12024612499953946, 0.11912645900156349]",F2_eqm,Pauli BLISS+HCT N Comm,False
Pauli_BLISS+HCT_N_Comm,block2_pauli,4,-196.04712081895576,0.0025171042927922826,False,0.8297890000030748,4,True,False,False,100,5,1e-06,2.8720751288346946e-07,0.0,"[-196.04963792324924, -196.04675598929552, -196.04712157728397, -196.04712053174825, -196.04712081895576]","[0.22863150000193855, 0.13739354199788067, 0.13963816700561438, 0.14461358400149038, 0.1327404999974533]",F2_eqm,Pauli BLISS+HCT N Comm,False
Pauli_BLISS+HCT_N_Comm,block2_pauli,5,-196.04743499568437,0.002202927564184165,False,1.6187092089967337,5,True,False,False,100,7,1e-06,1.855883624557464e-08,0.0,"[-196.04963792324924, -196.0472861169379, -196.04745777611794, -196.04743977064135, -196.0474415532001, -196.0474350142432, -196.04743499568437]","[0.28427558300609235, 0.22548537500551902, 0.216694999995525, 0.2184419999975944, 0.20837104199745227, 0.20397937500092667, 0.21356033400661545]",F2_eqm,Pauli BLISS+HCT N Comm,False
Pauli_BLISS+HCT_N_Comm,block2_pauli,6,-196.0488531750574,0.0007847481911653631,True,1.0866869160017814,6,True,False,False,100,4,1e-06,4.070371346642787e-07,0.0,"[-196.04963792324924, -196.0489569218882, -196.04885358209452, -196.0488531750574]","[0.2711527909996221, 0.2540469580053468, 0.26198520800244296, 0.2529645829999936]",F2_eqm,Pauli BLISS+HCT N Comm,False
BS_Nover2_Comm,block2_pauli,1,-195.96744233730777,0.0821955859407808,False,0.32377037499827566,1,True,False,False,100,4,1e-06,0.0,0.0,"[-196.04963792324892, -195.9674342916491, -195.96744233730777, -195.96744233730777]","[0.06658816699928138, 0.07115787499787984, 0.0793368750018999, 0.07966045800276333]",F2_eqm,BS N/2 Comm,False
BS_Nover2_Comm,block2_pauli,2,-196.0438124251409,0.005825498107640215,False,0.3219251249975059,2,True,False,False,100,4,1e-06,2.5011104298755527e-11,0.0,"[-196.04963792324892, -196.04736848192942, -196.0438124251159, -196.0438124251409]","[0.0762620829991647, 0.07668116700369865, 0.07308133300102782, 0.06899570899986429]",F2_eqm,BS N/2 Comm,False
BS_Nover2_Comm,block2_pauli,3,-196.048888301843,0.0007496214055606742,True,0.28850204199989093,3,True,False,False,100,4,1e-06,4.603501508881891e-07,0.0,"[-196.04963792324892, -196.04894495613115, -196.04888784149284, -196.048888301843]","[0.07485658399673412, 0.0673681660045986, 0.06034124999860069, 0.06036929199763108]",F2_eqm,BS N/2 Comm,False
BS_N_Comm,block2_pauli,1,-196.04596817314996,0.003669750098595159,False,0.5305065420034225,1,True,False,False,100,6,1e-06,4.5040823692943377e-07,0.0,"[-196.04963792324884, -196.04569888801365, -196.0459723034441, -196.045965909624, -196.0459686235582, -196.04596817314996]","[0.08569954200356733, 0.08662545800325461, 0.08970075000252109, 0.0831505410023965, 0.07898166700033471, 0.07413383400125895]",F2_eqm,BS N Comm,False
BS_N_Comm,block2_pauli,2,-196.04904941111175,0.0005885121368010005,True,0.3688092080046772,2,True,False,False,100,4,1e-06,1.887627831820282e-09,0.0,"[-196.04963792324884, -196.048948295188, -196.04904940922412, -196.04904941111175]","[0.09820095799659612, 0.08766554100293433, 0.06935958299436606, 0.07363337500282796]",F2_eqm,BS N Comm,False
HCT_N_Comm_Fiedler,block2_pauli,1,-196.04596205135448,0.0036758718940745894,False,0.24338045799959218,1,True,False,False,100,3,1e-06,3.852562713291263e-09,0.0,"[-196.049637923249, -196.04596205520704, -196.04596205135448]","[0.07207933400059119, 0.07337254199956078, 0.06261270799586782]",F2_eqm,HCT N Comm,True
HCT_N_Comm_Fiedler,block2_pauli,2,-196.04901624424582,0.0006216790027337993,True,0.47430966699903365,2,True,False,False,100,5,1e-06,1.0742323297563416e-07,0.0,"[-196.049637923249, -196.0490213742247, -196.04901454372333, -196.0490161368226, -196.04901624424582]","[0.10422958299750462, 0.07897512500494486, 0.09392224999464815, 0.09450079200178152, 0.0685139170018374]",F2_eqm,HCT N Comm,True
BS_N_Comm_Fiedler,block2_pauli,1,-196.04687297658134,0.002764946667213053,False,0.4413175829977263,1,True,False,False,100,6,1e-06,1.9973560938524315e-07,0.0,"[-196.049637923249, -196.0468829606633, -196.0468713617334, -196.04688014912213, -196.04687277684573, -196.04687297658134]","[0.05603841599804582, 0.07828137499745935, 0.06904216599650681, 0.0746092090048478, 0.06812708399957046, 0.07015670799592044]",F2_eqm,BS N Comm,True
BS_N_Comm_Fiedler,block2_pauli,2,-196.04959887119742,3.905205113596821e-05,True,0.2397185410009115,2,True,False,False,100,3,1e-06,6.461735893026344e-07,0.0,"[-196.049637923249, -196.04959822502383, -196.04959887119742]","[0.07832416600285796, 0.07123887500347337, 0.06514533400331857]",F2_eqm,BS N Comm,True
raw_fermionic_su2,,1,-195.96967857808266,0.07995934516588932,False,0.039623875003599096,1,True,False,False,100,3,1e-06,0.0,0.0,"[-196.04963792324847, -195.96967857808266, -195.96967857808266]","[0.016675958002451807, 0.008805666999251116, 0.009546916000545025]",F2_eqm,,False
raw_fermionic_su2,,2,-196.046187776701,0.003450146547550048,False,0.04178670900000725,2,True,False,False,100,3,1e-06,2.87322450276406e-08,0.0,"[-196.04963792324847, -196.04618774796876, -196.046187776701]","[0.01587412500521168, 0.010569541998847853, 0.010131583003385458]",F2_eqm,,False
raw_fermionic_su2,,3,-196.04893980226117,0.0006981209873799799,True,0.052162832995236386,3,True,False,False,100,4,1e-06,3.7232155136734946e-09,0.0,"[-196.04963792324858, -196.04895019699435, -196.04893979853796, -196.04893980226117]","[0.013096916998620145, 0.010348750001867302, 0.013307749999512453, 0.010741792000771966]",F2_eqm,,False
raw_qubit,block2_pauli,1,-195.73109815321564,0.25303986735542594,False,0.23496208299911814,1,True,False,False,100,3,1e-06,0.0,0.0,"[-195.98413802057024, -195.73109815321564, -195.73109815321564]","[0.06962120900425361, 0.076071082999988, 0.06013291699491674]",F2_corr,,False
raw_qubit,block2_pauli,2,-195.98138650749206,0.002751513079005008,False,0.20258304200251587,2,True,False,False,100,3,1e-06,0.0,0.0,"[-195.98413802057024, -195.98138650749206, -195.98138650749206]","[0.0672932919987943, 0.05381404199579265, 0.05747466700267978]",F2_corr,,False
raw_qubit,block2_pauli,3,-195.98218545013464,0.0019525704364298235,False,0.22509633300069254,3,True,False,False,100,3,1e-06,2.842170943040401e-14,0.0,"[-195.98413802057024, -195.9821854501346, -195.98218545013464]","[0.07257787500566337, 0.06795508399954997, 0.06146291700133588]",F2_corr,,False
raw_qubit,block2_pauli,4,-195.98286255930586,0.0012754612652088326,True,0.2851337500032969,4,True,False,False,100,4,1e-06,1.4210854715202004e-13,0.0,"[-195.98413802057024, -195.98301792547784, -195.98286255930572, -195.98286255930586]","[0.07945029099937528, 0.06289074999949662, 0.057731417000468355, 0.05298187500011409]",F2_corr,,False
HCT_Nover2_Comm,block2_pauli,1,-195.98139481843447,0.0027432021365996206,False,0.26095683300081873,1,True,False,False,100,3,1e-06,9.663072546572948e-07,0.0,"[-195.9841380205703, -195.9813938521272, -195.98139481843447]","[0.06975895800133003, 0.08109304199751932, 0.07193820799875539]",F2_corr,HCT N/2 Comm,False
HCT_Nover2_Comm,block2_pauli,2,-195.98219539855262,0.0019426220184470822,False,0.323449666997476,2,True,False,False,100,3,1e-06,2.6677247433326556e-07,0.0,"[-195.98413802057033, -195.98219513178014, -195.98219539855262]","[0.08870962499349844, 0.1169217499991646, 0.08527270799822873]",F2_corr,HCT N/2 Comm,False
HCT_Nover2_Comm,block2_pauli,3,-195.9817462444655,0.0023917761055542996,False,0.3171558750036638,3,True,False,False,100,3,1e-06,4.329780267653405e-08,0.0,"[-195.98413802057036, -195.9817462011677, -195.9817462444655]","[0.10159504100010963, 0.08649945800425485, 0.08980541600612924]",F2_corr,HCT N/2 Comm,False
HCT_Nover2_Comm,block2_pauli,4,-195.98252582099644,0.0016121995746232187,False,0.2649741669956711,4,True,False,False,100,3,1e-06,6.566060051227396e-08,0.0,"[-195.98413802057036, -195.98252575533584, -195.98252582099644]","[0.08859525000298163, 0.07462329100235365, 0.07161304100009147]",F2_corr,HCT N/2 Comm,False
HCT_Nover2_Comm,block2_pauli,5,-195.98318594644496,0.0009520741261042076,True,0.27366362499742536,5,True,False,False,100,3,1e-06,2.3376856006507296e-09,0.0,"[-195.98413802057036, -195.98318594410728, -195.98318594644496]","[0.08251029199891491, 0.09129358300560853, 0.06963841700053308]",F2_corr,HCT N/2 Comm,False
HCT_N_Comm,block2_pauli,1,-195.98230981389804,0.001828206673025079,False,0.4427864169992972,1,True,False,False,100,5,1e-06,4.6114647034301015e-07,0.0,"[-195.98413802057044, -195.98215335658807, -195.98228967113224, -195.98230935275157, -195.98230981389804]","[0.08625970900175162, 0.09893204199761385, 0.07859175000339746, 0.06748583300213795, 0.06895658299617935]",F2_corr,HCT N Comm,False
HCT_N_Comm,block2_pauli,2,-195.98361672520466,0.0005212953664113229,True,0.3291844589984976,2,True,False,False,100,4,1e-06,4.661946206852008e-07,0.0,"[-195.98413802057044, -195.98355073449642, -195.98361719139928, -195.98361672520466]","[0.07887820799805922, 0.07208745800016914, 0.06697033400268992, 0.08013620900601381]",F2_corr,HCT N Comm,False
Pauli_BLISS+HCT_N_Comm,block2_pauli,1,-195.34099885962195,0.6431391609491186,False,0.7393063339986838,1,True,False,False,100,9,1e-06,1.5760815585963428e-07,0.0,"[-195.98413802057036, -194.79939453886922, -194.79982821712292, -195.33104081922278, -195.3310559812435, -195.3408640618212, -195.34086663383607, -195.3409987020138, -195.34099885962195]","[0.10760604099777993, 0.07404766700346954, 0.07038575000478886, 0.07290837499749614, 0.07204041600198252, 0.07590075000189245, 0.07146579199616099, 0.08299891700153239, 0.07080204199883156]",F2_corr,Pauli BLISS+HCT N Comm,False
Pauli_BLISS+HCT_N_Comm,block2_pauli,2,-195.34120916245072,0.6429288581203423,False,0.44857141700049397,2,True,False,False,100,5,1e-06,8.614121327354951e-07,0.0,"[-195.98413802057036, -195.97732550175414, -195.97732657289686, -195.3412083010386, -195.34120916245072]","[0.12425616600376088, 0.07424845900095534, 0.07135383400600404, 0.06690279099711915, 0.07102024999767309]",F2_corr,Pauli BLISS+HCT N Comm,False
Pauli_BLISS+HCT_N_Comm,block2_pauli,3,-195.97876014451907,0.00537787605199469,False,0.9327631249980186,3,True,False,False,100,9,1e-06,1.0743019629444461e-07,0.0,"[-195.9841380205704, -195.97881883769566, -195.97888542064322, -195.97882870092437, -195.97883976083244, -195.97876920824956, -195.9787703148424, -195.97876003708888, -195.97876014451907]","[0.1532851669981028, 0.09284950000437675, 0.08863600000040606, 0.090446249996603, 0.09723616600240348, 0.0954882500009262, 0.08771983299811836, 0.09606150000035996, 0.08821916599845281]",F2_corr,Pauli BLISS+HCT N Comm,False
Pauli_BLISS+HCT_N_Comm,block2_pauli,4,-195.98321503052142,0.0009229900496450227,True,1.3053071659960551,4,True,False,False,100,11,1e-06,4.1558507746231044e-08,0.0,"[-195.9841380205704, -195.9828401110315, -195.98306081285915, -195.9830866848455, -195.98314545597208, -195.98290773362837, -195.98290330648797, -195.98320713659166, -195.98321342679475, -195.9832149889629, -195.98321503052142]","[0.1632058329996653, 0.1301199160006945, 0.11484637499961536, 0.11790954200114356, 0.1060817500037956, 0.11246770800062222, 0.09794675000011921, 0.10817983300512424, 0.10083991700230399, 0.10320345799846109, 0.10810408299585106]",F2_corr,Pauli BLISS+HCT N Comm,False
BS_Nover2_Comm,block2_pauli,1,-195.7352204472685,0.24891757330257747,False,0.3736426670002402,1,True,False,False,100,4,1e-06,0.0,0.0,"[-195.98413802057024, -195.73267217566757, -195.7352204472685, -195.7352204472685]","[0.06603645800350932, 0.07083062500169035, 0.07743970800220268, 0.11896574999991572]",F2_corr,BS N/2 Comm,False
BS_Nover2_Comm,block2_pauli,2,-195.98316060240504,0.0009774181660304748,True,0.322792874998413,2,True,False,False,100,4,1e-06,1.4210854715202004e-13,0.0,"[-195.98413802057024, -195.98295215618398, -195.98316060240518, -195.98316060240504]","[0.07465458400110947, 0.06503487500594929, 0.07658012500178302, 0.07247983299748739]",F2_corr,BS N/2 Comm,False
BS_N_Comm,block2_pauli,1,-195.9825110943907,0.0016269261803643076,False,0.41576483300013933,1,True,False,False,100,4,1e-06,0.0,0.0,"[-195.98413802057033, -195.98218965754248, -195.9825110943907, -195.9825110943907]","[0.10309970800153678, 0.08426512499863748, 0.0948669580029673, 0.08537641699513188]",F2_corr,BS N Comm,False
BS_N_Comm,block2_pauli,2,-195.98407460577278,6.34147982907507e-05,True,0.3981898749989341,2,True,False,False,100,4,1e-06,2.5551116777933203e-11,0.0,"[-195.98413802057033, -195.98408073822105, -195.98407460574722, -195.98407460577278]","[0.10551862500142306, 0.0870223329984583, 0.07987354200304253, 0.07800787499581929]",F2_corr,BS N Comm,False
HCT_N_Comm_Fiedler,block2_pauli,1,-195.98232513408908,0.0018128864819857426,False,0.3050952080011484,1,True,False,False,100,4,1e-06,1.0573160125204595e-09,0.0,"[-195.9841380205706, -195.98218100466192, -195.98232513303176, -195.98232513408908]","[0.057684792001964524, 0.06838204200175824, 0.0718066249974072, 0.0830582080016029]",F2_corr,HCT N Comm,True
HCT_N_Comm_Fiedler,block2_pauli,2,-195.98347251814795,0.0006655024231179141,True,0.41673658399668057,2,True,False,False,100,5,1e-06,8.581650945416186e-10,0.0,"[-195.9841380205706, -195.98348370172835, -195.98348524599908, -195.9834725190061, -195.98347251814795]","[0.06503729099495104, 0.07739270799356746, 0.10083316700183786, 0.0684617920051096, 0.07792983300168999]",F2_corr,HCT N Comm,True
BS_N_Comm_Fiedler,block2_pauli,1,-195.98232728579364,0.0018107347774218852,False,0.45263025000167545,1,True,False,False,100,5,1e-06,2.294939349667402e-09,0.0,"[-195.9841380205703, -195.98221281863644, -195.98232961277512, -195.9823272834987, -195.98232728579364]","[0.09178079199773492, 0.08663658399746055, 0.07419837499764981, 0.0833639169941307, 0.08060666600067634]",F2_corr,BS N Comm,True
BS_N_Comm_Fiedler,block2_pauli,2,-195.98406335577636,7.46647947096335e-05,True,0.5399352090025786,2,True,False,False,100,6,1e-06,3.716910441653454e-07,0.0,"[-195.9841380205703, -195.9832644983132, -195.98388543237013, -195.98406133013972, -195.9840629840853, -195.98406335577636]","[0.0943968749998021, 0.10257445799652487, 0.08486983399780001, 0.07214208399818745, 0.07854320899787126, 0.06958004199987045]",F2_corr,BS N Comm,True
raw_fermionic_su2,,1,-195.98138650749266,0.002751513078408152,False,0.04689841700019315,1,True,False,False,100,3,1e-06,0.0,0.0,"[-195.98413802057087, -195.98138650749266, -195.98138650749266]","[0.014770583002245985, 0.018051083003228996, 0.008687292000104208]",F2_corr,,False
raw_fermionic_su2,,2,-195.98205969626315,0.002078324307916546,False,0.07982975000049919,2,True,False,False,100,5,1e-06,7.230083554077282e-07,0.0,"[-195.98413802057087, -195.98286255632087, -195.9820576394502, -195.9820589732548, -195.98205969626315]","[0.01664758299739333, 0.014084041002206504, 0.018787082997732796, 0.010916792001808062, 0.014597958004742395]",F2_corr,,False
raw_fermionic_su2,,3,-195.98350859364945,0.0006294269216198245,True,0.0819715420002467,3,True,False,False,100,5,1e-06,4.591377944507258e-07,0.0,"[-195.98413802057087, -195.98359923493322, -195.98350708077544, -195.98350813451165, -195.98350859364945]","[0.012065582996001467, 0.011804750000010245, 0.010514374997001141, 0.025302582995209377, 0.017855749996670056]",F2_corr,,False
raw_qubit,block2_pauli,1,-195.56990299076622,0.4033294963687979,False,0.22868916699371766,1,True,False,False,100,3,1e-06,0.0,0.0,"[-195.97301152181797, -195.56990299076622, -195.56990299076622]","[0.07773591599834617, 0.06311874999664724, 0.06018508299894165]",F2_diss,,False
raw_qubit,block2_pauli,2,-195.97291651176903,0.0003159753659929265,True,0.2168266670050798,2,True,False,False,100,3,1e-06,1.1368683772161603e-13,0.0,"[-195.97301152181797, -195.97291651176914, -195.97291651176903]","[0.06320570899697486, 0.05747620799957076, 0.06936291699821595]",F2_diss,,False
HCT_Nover2_Comm,block2_pauli,1,-195.97291651176897,0.00031597536604976995,True,0.27571379199798685,1,True,False,False,100,3,1e-06,2.842170943040401e-14,0.0,"[-195.97301152181797, -195.972916511769, -195.97291651176897]","[0.07998191699880408, 0.07604754199564923, 0.0796764170008828]",F2_diss,HCT N/2 Comm,False
HCT_N_Comm,block2_pauli,1,-195.972916511769,0.00031597536602134824,True,0.25769283400586573,1,True,False,False,100,3,1e-06,1.9042545318370685e-12,0.0,"[-195.97301152181802, -195.9729165117671, -195.972916511769]","[0.07888595899567008, 0.06564487499417737, 0.07387758299591951]",F2_diss,HCT N Comm,False
Pauli_BLISS+HCT_N_Comm,block2_pauli,1,-195.5614921303644,0.41174035677062193,False,0.3105542500052252,1,True,False,False,100,3,1e-06,8.797286454864661e-09,0.0,"[-195.9730115218181, -195.5614921215671, -195.5614921303644]","[0.10827712500031339, 0.0862308329960797, 0.07485641699895496]",F2_diss,Pauli BLISS+HCT N Comm,False
Pauli_BLISS+HCT_N_Comm,block2_pauli,2,-195.97294290815336,0.00028957898166481755,True,7.784005333996902,2,False,True,True,100,100,1e-06,1.0260684746299376e-06,0.0,"[-195.9730115218181, -195.9728893742714, -195.97294393424164, -195.97294290811521, -195.97294393422283, -195.9729429080731, -195.9729439341847, -195.97294290816194, -195.97294393418568, -195.97294290816316, -195.97294393425193, -195.97294290809856, -195.9729439342127, -195.9729429081587, -195.97294393425778, -195.97294290815745, -195.9729439342414, -195.9729429081286, -195.97294393423476, -195.97294290808134, -195.9729439341943, -195.97294290815762, -195.97294393425398, -195.97294290814995, -195.9729439342147, -195.9729429081696, -195.97294393426364, -195.9729429081185, -195.9729439342219, -195.97294290806923, -195.97294393410087, -195.9729429080803, -195.9729439342405, -195.9729429081383, -195.97294393424488, -195.97294290815253, -195.97294393425423, -195.9729429081461, -195.9729439342439, -195.97294290814426, -195.9729439341603, -195.9729429080482, -195.97294393424502, -195.97294290813738, -195.9729439342161, -195.97294290814364, -195.972943934228, -195.972942908111, -195.9729439341732, -195.9729429081825, -195.97294393426148, -195.97294290814068, -195.97294393425034, -195.97294290815745, -195.97294393426063, -195.9729429081178, -195.97294393417923, -195.9729429080562, -195.97294393416047, -195.9729429081311, -195.9729439342551, -195.97294290815125, -195.97294393425227, -195.9729429081499, -195.97294393425605, -195.97294290814736, -195.9729439342467, -195.97294290814648, -195.97294393414086, -195.9729429080519, -195.97294393423456, -195.97294290813315, -195.97294393423903, -195.9729429080852, -195.97294393413915, -195.9729429081708, -195.97294393424767, -195.97294290808918, -195.9729439341786, -195.97294290813204, -195.97294393425474, -195.97294290815694, -195.9729439342521, -195.97294290812312, -195.97294393421316, -195.97294290807253, -195.97294393420478, -195.97294290808088, -195.97294393418275, -195.97294290815273, -195.97294393424747, -195.9729429080994, -195.97294393420646, -195.9729429081556, -195.9729439342017, -195.97294290810152, -195.97294393426, -195.97294290813244, -195.97294393422183, -195.97294290815336]","[0.10140612500254065, 0.09140387499792268, 0.08726429200032726, 0.08926095900096698, 0.09116016600455623, 0.10967979200358968, 0.08046754199313, 0.08660987499752082, 0.08368558300571749, 0.07385554200300248, 0.06823770800110651, 0.07392454100045143, 0.08160487499844749, 0.06759916699957103, 0.08648387500579702, 0.07163354100339347, 0.06798041599540738, 0.0678594159981003, 0.06866574999730801, 0.066279749997193, 0.068396708004002, 0.06621320799604291, 0.06852379199699499, 0.0679992500008666, 0.07086929100478301, 0.06889137499820208, 0.06962999999814201, 0.06702575000235811, 0.0734506250009872, 0.07123837499966612, 0.07045562499843072, 0.07039312500273809, 0.07032820900349179, 0.06769691599765792, 0.08329224999761209, 0.07492591699701734, 0.07097433300077682, 0.08177045799675398, 0.07505308300460456, 0.06766125000285683, 0.07685341700562276, 0.07060920799995074, 0.07725483299873304, 0.07413429200096289, 0.07106983399717137, 0.06808916699810652, 0.0696140829968499, 0.06704599999648053, 0.07004741700075101, 0.06740208299743244, 0.087236583000049, 0.06885283299925504, 0.07102941699849907, 0.08304625000164378, 0.08418883299600566, 0.08069650000106776, 0.07616087500355206, 0.06972195799608016, 0.07072704199526925, 0.07090600000083214, 0.07040654199954588, 0.06838466599583626, 0.06881408399931388, 0.06659045800188323, 0.06889545900048688, 0.06934295799874235, 0.07024741700297454, 0.06678529200144112, 0.0688353340010508, 0.07157158300105948, 0.0748335419993964, 0.0680056670025806, 0.0689687909980421, 0.06722274999629008, 0.0719874999995227, 0.09592491699731909, 0.08161512500373647, 0.07365366700105369, 0.06969687499804422, 0.13109495800017612, 0.1523594169993885, 0.0775107500012382, 0.08273254199593794, 0.0680297920043813, 0.08283116700476967, 0.0693524169982993, 0.06973541600018507, 0.06674120800016681, 0.06838304099801462, 0.07484658300381852, 0.0866867920049117, 0.06978691699623596, 0.10324170799867716, 0.1341653330018744, 0.0796963750035502, 0.07659208300174214, 0.06995950000418816, 0.07294225000077859, 0.0846870419991319, 0.06920150000223657]",F2_diss,Pauli BLISS+HCT N Comm,False
BS_Nover2_Comm,block2_pauli,1,-195.5699185969665,0.40331389016853336,False,0.334347666001122,1,True,False,False,100,4,1e-06,0.0,0.0,"[-195.973011521818, -195.5698921009428, -195.5699185969665, -195.5699185969665]","[0.07426470799691742, 0.07968391699978383, 0.0790886659960961, 0.06900345900066895]",F2_diss,BS N/2 Comm,False
BS_Nover2_Comm,block2_pauli,2,-195.972892923404,0.0003395637310177335,True,0.2896182909971685,2,True,False,False,100,3,1e-06,2.0732076677631994e-07,0.0,"[-195.973011521818, -195.97289271608324, -195.972892923404]","[0.09220654199452838, 0.08581116599816596, 0.0742018340024515]",F2_diss,BS N/2 Comm,False
BS_N_Comm,block2_pauli,1,-195.97268971185179,0.0005427752832360966,True,0.5666290840017609,1,True,False,False,100,6,1e-06,5.684341886080802e-14,0.0,"[-195.97301152181785, -195.88362705826177, -195.97218252980906, -195.97265174545123, -195.97268971185184, -195.97268971185179]","[0.0982440410007257, 0.08448833299917169, 0.08744424999895273, 0.08533470900147222, 0.09334912499616621, 0.07519041700288653]",F2_diss,BS N Comm,False
HCT_N_Comm_Fiedler,block2_pauli,1,-195.97291651360007,0.0003159735349527182,True,0.2888503329959349,1,True,False,False,100,3,1e-06,1.8311823168914998e-09,0.0,"[-195.97301152181808, -195.9729165117689, -195.97291651360007]","[0.09512254199944437, 0.0748827919960604, 0.0877425829967251]",F2_diss,HCT N Comm,True
BS_N_Comm_Fiedler,block2_pauli,1,-195.97291651451303,0.00031597262199056786,True,0.5139414579971344,1,True,False,False,100,5,1e-06,1.1932172583328793e-08,0.0,"[-195.97301152181802, -195.96842565199108, -195.97288681015047, -195.97291650258086, -195.97291651451303]","[0.10993358399719, 0.08974999999918509, 0.08702308400097536, 0.09291591699729906, 0.08818591699673561]",F2_diss,BS N Comm,True
raw_fermionic_su2,,1,-195.9725703153132,0.0006621718218298156,True,0.04427758300153073,1,True,False,False,100,3,1e-06,0.0,0.0,"[-195.9730115218191, -195.9725703153132, -195.9725703153132]","[0.01150654200318968, 0.014368500000273343, 0.009588708999217488]",F2_diss,,False
