system,benchmark,dataset_tag,fiedler,n_qubits,dmrg_bd,dmrg_energy
H4chain_eqm,Seniority,SEN N/2 Comm,False,8,4,(-2.180257317983139+1.6832913918788547e-16j)
H4chain_eqm,HCT N/2,HCT N/2 Comm,False,8,3,(-2.1800571543620846+4.3861510800676425e-16j)
H4chain_eqm,HCT N,HCT N Comm,False,8,3,(-2.1802057545164693+2.962971411683428e-16j)
H4chain_eqm,HCT+BLISS N,Pauli BLISS+HCT N Comm,False,8,3,(-2.1802057545164635+2.9513550497104616e-16j)
H4chain_eqm,BS N/2,BS N/2 Comm,False,8,3,(-2.180057154362091+2.2719832519025533e-16j)
H4chain_eqm,BS N,BS N Comm,False,8,3,(-2.180247930406452-5.978448024149615e-16j)
H4chain_eqm,BS N + Fiedler,BS N Comm,True,8,3,(-2.1801520233424108-3.2367133638887373e-16j)
