frame,bond_dim,energy,abs_energy_error,within_dmrg_tolerance,dmrg_seconds,max_result_mps_bond,sweep_converged,reached_max_sweeps,sweep_limit_reached_without_convergence,sweeps_requested,sweeps_completed,sweep_energy_tolerance,last_sweep_energy_change,final_sweep_noise,sweep_energies,per_sweep_seconds,dataset_tag,fiedler,backend,system
raw_fermionic_su2,1,-195.98138650749266,0.002751513078408152,False,0.11205833299754886,1,True,False,False,100,7,1e-06,0.0,0.0,"[-195.98413802057087, -195.98138650749266, -195.98138650749266, -195.98138650749266, -195.98138650749266, -195.98138650749266, -195.98138650749266]","[0.018126540999219287, 0.028803334003896452, 0.009532750002108514, 0.01147645900346106, 0.016379458000301383, 0.012201124998682644, 0.009067541999684181]",,False,block2_su2,F2_corr
raw_fermionic_su2,2,-195.98206125836867,0.0020767622023925014,False,0.11495591599668842,2,True,False,False,100,7,1e-06,5.105592606469145e-07,0.0,"[-195.98413802057087, -195.9828614765392, -195.98205751472608, -195.9820589734316, -195.98205963449183, -195.9820607478094, -195.98206125836867]","[0.012374457997793797, 0.03595770899846684, 0.011417583998991176, 0.019365459003893193, 0.010818417002155911, 0.011078791001637, 0.009472458994423505]",,False,block2_su2,F2_corr
raw_fermionic_su2,3,-195.98350971287283,0.0006283076982356306,True,0.10606108399952063,3,True,False,False,100,7,1e-06,5.214326392888324e-07,0.0,"[-195.98413802057087, -195.98359843255503, -195.98350466808674, -195.98350791772455, -195.98350791772455, -195.9835091914402, -195.98350971287283]","[0.013933457994426135, 0.015086208004504442, 0.010188041000219528, 0.01463349999539787, 0.01918587500404101, 0.019823833004920743, 0.00901141700160224]",,False,block2_su2,F2_corr
raw_qubit,1,-195.73109815321564,0.25303986735542594,False,0.4851222910001525,1,True,False,False,100,7,1e-06,0.0,0.0,"[-195.98413802057024, -195.73109815321564, -195.73109815321564, -195.73109815321564, -195.73109815321564, -195.73109815321564, -195.73109815321564]","[0.07276895799441263, 0.0711363340014941, 0.06139508299384033, 0.06465366600605194, 0.0628858330019284, 0.06758379199891351, 0.056310291998670436]",,False,block2_pauli,F2_corr
raw_qubit,2,-195.98138650749206,0.002751513079005008,False,0.45930841699737357,2,True,False,False,100,7,1e-06,0.0,0.0,"[-195.98413802057024, -195.98138650749206, -195.98138650749206, -195.98138650749206, -195.98138650749206, -195.98138650749206, -195.98138650749206]","[0.08138483299990185, 0.07016000000294298, 0.054973666003206745, 0.06793833400297444, 0.05543429100362118, 0.05106629200599855, 0.047041290999914054]",,False,block2_pauli,F2_corr
raw_qubit,3,-195.9821854501347,0.0019525704363729801,False,0.4259628750005504,3,True,False,False,100,7,1e-06,2.842170943040401e-14,0.0,"[-195.98413802057024, -195.9821854501346, -195.98218545013464, -195.98218545013464, -195.98218545013464, -195.98218545013466, -195.9821854501347]","[0.06475116700312356, 0.058098292000067886, 0.05892462500196416, 0.06244708300073398, 0.04828750000160653, 0.055278666004596744, 0.05353599999943981]",,False,block2_pauli,F2_corr
raw_qubit,4,-195.98286255930566,0.0012754612654077846,True,0.4075366250035586,4,True,False,False,100,7,1e-06,1.1368683772161603e-13,0.0,"[-195.98413802057024, -195.98301792547784, -195.98286255930572, -195.98286255930586, -195.9828625593058, -195.98286255930577, -195.98286255930566]","[0.06221279199962737, 0.05300683299719822, 0.060459332999016624, 0.05173170800117077, 0.056827041997166816, 0.05278987500059884, 0.0467619580012979]",,False,block2_pauli,F2_corr
seniority_Nover2,1,-195.98138650749206,0.002751513079005008,False,0.4634145419986453,1,True,False,False,100,7,1e-06,0.0,0.0,"[-195.9841380205703, -195.98138650749206, -195.98138650749206, -195.98138650749206, -195.98138650749206, -195.98138650749206, -195.98138650749206]","[0.0721679159978521, 0.0602710829989519, 0.05992479199630907, 0.06544437500269851, 0.05801029100257438, 0.061198250004963484, 0.057070458999078255]",Seniority N/2,False,block2_pauli,F2_corr
seniority_Nover2,2,-195.98316829984446,0.0009697207266015084,True,0.45288308399904054,2,True,False,False,100,7,1e-06,8.526512829121202e-14,0.0,"[-195.9841380205703, -195.98316840649028, -195.98316840835867, -195.9831683011637, -195.98316830116357, -195.98316829984438, -195.98316829984446]","[0.0626744580004015, 0.06206262499472359, 0.058081458999367896, 0.07068170799902873, 0.0596300000033807, 0.06538929200178245, 0.049442208000982646]",Seniority N/2,False,block2_pauli,F2_corr
HCT_Nover2_Comm,1,-195.98139506080074,0.0027429597703303443,False,0.6031728750022012,1,True,False,False,100,7,1e-06,2.842170943040401e-14,0.0,"[-195.9841380205703, -195.9813938521272, -195.98139481843447, -195.9813950607151, -195.98139506080076, -195.98139506080076, -195.98139506080074]","[0.06624762499995995, 0.13269512499391567, 0.07179475000157254, 0.07836587500059977, 0.07716204100142932, 0.07570416600356111, 0.07012516699614935]",HCT N/2 Comm,False,block2_pauli,F2_corr
HCT_Nover2_Comm,2,-195.98219539905878,0.001942621512284859,False,0.5393553749963758,2,True,False,False,100,7,1e-06,8.526512829121202e-14,0.0,"[-195.98413802057033, -195.98219513178014, -195.98219539855262, -195.98219539905853, -195.98219539905887, -195.98219539905887, -195.98219539905878]","[0.09209612500126241, 0.07713833299931139, 0.06568333299946971, 0.07192562500131316, 0.06573683299939148, 0.06566029199893819, 0.0626581249962328]",HCT N/2 Comm,False,block2_pauli,F2_corr
HCT_Nover2_Comm,3,-195.98174623899035,0.0023917815807124043,False,0.5182510829981766,3,True,False,False,100,7,1e-06,1.6484591469634324e-12,0.0,"[-195.98413802057036, -195.9817462011677, -195.9817462444655, -195.9817462396454, -195.9817462396502, -195.9817462389887, -195.98174623899035]","[0.08307541700196452, 0.06821029099955922, 0.06453550000151154, 0.07172366700251587, 0.06809229200007394, 0.06797062500118045, 0.061546083001303487]",HCT N/2 Comm,False,block2_pauli,F2_corr
HCT_Nover2_Comm,4,-195.9825258210243,0.0016121995467699435,False,0.5259409159989445,4,True,False,False,100,7,1e-06,0.0,0.0,"[-195.98413802057036, -195.98252575533584, -195.98252582099644, -195.98252582102384, -195.98252582102444, -195.9825258210243, -195.9825258210243]","[0.08140570799878333, 0.0736572910027462, 0.06724154199764598, 0.06778083300014259, 0.06773529100610176, 0.07001816599949962, 0.06525608400261262]",HCT N/2 Comm,False,block2_pauli,F2_corr
HCT_Nover2_Comm,5,-195.98318594644257,0.0009520741284916312,True,0.5554181250045076,5,True,False,False,100,7,1e-06,5.684341886080802e-14,0.0,"[-195.98413802057036, -195.98318594410728, -195.98318594644496, -195.98318594644286, -195.98318594644337, -195.98318594644252, -195.98318594644257]","[0.08264266700280132, 0.07257554199895822, 0.07271362499886891, 0.07285550000233343, 0.07256999999663094, 0.07333933399786474, 0.07512112500262447]",HCT N/2 Comm,False,block2_pauli,F2_corr
HCT_N_Comm,1,-195.9823097814264,0.001828239144657573,False,0.566887000000861,1,True,False,False,100,7,1e-06,1.1929728316317778e-09,0.0,"[-195.98413802057044, -195.98215335658807, -195.98228967113224, -195.98230935275157, -195.98230981389804, -195.98230978023344, -195.9823097814264]","[0.07506891699449625, 0.07860695900308201, 0.08031362499605166, 0.07544687499466818, 0.07754974999988917, 0.07740624999860302, 0.06542795800487511]",HCT N Comm,False,block2_pauli,F2_corr
HCT_N_Comm,2,-195.98361433114366,0.0005236894274105452,True,0.5101105829962762,2,True,False,False,100,7,1e-06,3.610156511513196e-07,0.0,"[-195.98413802057044, -195.98355073449642, -195.98361719139928, -195.98361672520466, -195.98361478438397, -195.9836146921593, -195.98361433114366]","[0.07929583299846854, 0.07623495799634838, 0.06536108400177909, 0.06655291600327473, 0.06491895799990743, 0.0636048340020352, 0.057322541004396044]",HCT N Comm,False,block2_pauli,F2_corr
Pauli_BLISS+HCT_N_Comm,1,-195.34099885962195,0.6431391609491186,False,0.7817365829978371,1,True,False,False,100,9,1e-06,1.5760815585963428e-07,0.0,"[-195.98413802057036, -194.79939453886922, -194.79982821712292, -195.33104081922278, -195.3310559812435, -195.3408640618212, -195.34086663383607, -195.3409987020138, -195.34099885962195]","[0.11793058300099801, 0.08239700000558514, 0.09071620800386881, 0.0757082080017426, 0.07833387499704259, 0.08018854200054193, 0.07905604099505581, 0.07375245799630648, 0.062036207993514836]",Pauli BLISS+HCT N Comm,False,block2_pauli,F2_corr
Pauli_BLISS+HCT_N_Comm,2,-195.34121004603423,0.6429279745368319,False,0.5655317919954541,2,True,False,False,100,7,1e-06,9.47381977312034e-08,0.0,"[-195.98413802057036, -195.97732550175414, -195.97732657289686, -195.3412083010386, -195.34120916245072, -195.34120995129604, -195.34121004603423]","[0.11680562500259839, 0.07177783299994189, 0.0668593750015134, 0.06842295800015563, 0.06714991700573592, 0.07015237500309013, 0.06473862499842653]",Pauli BLISS+HCT N Comm,False,block2_pauli,F2_corr
Pauli_BLISS+HCT_N_Comm,3,-195.97876014451907,0.00537787605199469,False,0.966922291998344,3,True,False,False,100,9,1e-06,1.0743019629444461e-07,0.0,"[-195.9841380205704, -195.97881883769566, -195.97888542064322, -195.97882870092437, -195.97883976083244, -195.97876920824956, -195.9787703148424, -195.97876003708888, -195.97876014451907]","[0.1500251670004218, 0.10298750000220025, 0.09405195800354704, 0.10061191700515337, 0.09057504199881805, 0.10053687500476371, 0.08910691700293683, 0.1025753750000149, 0.09602699999959441]",Pauli BLISS+HCT N Comm,False,block2_pauli,F2_corr
Pauli_BLISS+HCT_N_Comm,4,-195.98321503052142,0.0009229900496450227,True,1.3831255830009468,4,True,False,False,100,11,1e-06,4.1558507746231044e-08,0.0,"[-195.9841380205704, -195.9828401110315, -195.98306081285915, -195.9830866848455, -195.98314545597208, -195.98290773362837, -195.98290330648797, -195.98320713659166, -195.98321342679475, -195.9832149889629, -195.98321503052142]","[0.17797387500468176, 0.14027537500078324, 0.12945775000116555, 0.12961154100048589, 0.12410458399972413, 0.12655716700101038, 0.10101449999638135, 0.11625674999959301, 0.09510725000291131, 0.10934791700128699, 0.09114466599567095]",Pauli BLISS+HCT N Comm,False,block2_pauli,F2_corr
BS_Nover2_Comm,1,-195.73522044726863,0.24891757330243536,False,0.5821068750010454,1,True,False,False,100,7,1e-06,5.684341886080802e-14,0.0,"[-195.98413802057024, -195.73267217566757, -195.7352204472685, -195.7352204472685, -195.73522044726863, -195.7352204472687, -195.73522044726863]","[0.11515912499453407, 0.0707492090004962, 0.07093470799736679, 0.07422687499638414, 0.07233241699577775, 0.07703708299959544, 0.07198920900555095]",BS N/2 Comm,False,block2_pauli,F2_corr
BS_Nover2_Comm,2,-195.98316100332403,0.0009770172470382477,True,0.47371087499777786,2,True,False,False,100,7,1e-06,1.449939759368135e-07,0.0,"[-195.98413802057024, -195.98295215618398, -195.98316060240518, -195.98316060240504, -195.98316085832977, -195.98316085833005, -195.98316100332403]","[0.07361729100375669, 0.06563762499717996, 0.062325083003088366, 0.06296887499775039, 0.06077487499715062, 0.05837637500371784, 0.053542749999905936]",BS N/2 Comm,False,block2_pauli,F2_corr
BS_N_Comm,1,-195.982511406248,0.0016266143230723173,False,0.7011670829961076,1,True,False,False,100,7,1e-06,1.1660006293823244e-09,0.0,"[-195.98413802057033, -195.98218965754248, -195.9825110943907, -195.9825110943907, -195.98251140508208, -195.982511405082, -195.982511406248]","[0.09962541700224392, 0.10232941700087395, 0.0864052079996327, 0.09579133299848763, 0.1010632089964929, 0.09483262499998091, 0.08058091600105399]",BS N Comm,False,block2_pauli,F2_corr
BS_N_Comm,2,-195.98406920247038,6.88181006864852e-05,True,0.7180694169946946,2,True,False,False,100,8,1e-06,3.4049207897624e-11,0.0,"[-195.98413802057033, -195.98408073822105, -195.98407460574722, -195.98407460577278, -195.98407110830954, -195.98407110834063, -195.98406920243633, -195.98406920247038]","[0.0995444169966504, 0.08298266600468196, 0.08314283299841918, 0.0857313750020694, 0.08123370799876284, 0.08255150000331923, 0.07628645799559308, 0.07666929200058803]",BS N Comm,False,block2_pauli,F2_corr
HCT_N_Comm_Fiedler,1,-195.98232515272534,0.0018128678457287606,False,0.5294526659999974,1,True,False,False,100,7,1e-06,2.6631141736288555e-11,0.0,"[-195.9841380205706, -195.98218100466192, -195.98232513303176, -195.98232513408908, -195.98232515269927, -195.9823251526987, -195.98232515272534]","[0.06597250000049826, 0.08643570800632006, 0.07000954199611442, 0.07200933300191537, 0.06788220899761654, 0.06317887499608332, 0.07621550000476418]",HCT N Comm,True,block2_pauli,F2_corr
HCT_N_Comm_Fiedler,2,-195.98347223485823,0.0006657857128402611,True,0.4922138330002781,2,True,False,False,100,7,1e-06,1.468549726268975e-10,0.0,"[-195.9841380205706, -195.98348370172835, -195.98348524599908, -195.9834725190061, -195.98347251814795, -195.98347223471137, -195.98347223485823]","[0.07330204099707771, 0.07574983299855376, 0.07091166700411122, 0.06192133299919078, 0.06043599999975413, 0.06100624999817228, 0.052957708001486026]",HCT N Comm,True,block2_pauli,F2_corr
BS_N_Comm_Fiedler,1,-195.98232727332572,0.0018107472453436912,False,0.6561310830002185,1,True,False,False,100,7,1e-06,2.3305801732931286e-12,0.0,"[-195.9841380205703, -195.98221281863644, -195.98232961277512, -195.9823272834987, -195.98232728579364, -195.98232727332805, -195.98232727332572]","[0.0941978749979171, 0.0903483750007581, 0.08396799999900395, 0.10036833300546277, 0.08736333400156582, 0.08143304099939996, 0.07946537499810802]",BS N Comm,True,block2_pauli,F2_corr
BS_N_Comm_Fiedler,2,-195.98406335057223,7.466999883831704e-05,True,0.5746975830043084,2,True,False,False,100,7,1e-06,5.204128683544695e-09,0.0,"[-195.9841380205703, -195.9832644983132, -195.98388543237013, -195.98406133013972, -195.9840629840853, -195.98406335577636, -195.98406335057223]","[0.09145799999532755, 0.07906758400349645, 0.07320504200470168, 0.07686412500333972, 0.07296708300418686, 0.07540050000534393, 0.06922937499621185]",BS N Comm,True,block2_pauli,F2_corr
raw_fermionic_su2,1,-195.9725703153132,0.0006621718218298156,True,0.08807945900480263,1,True,False,False,100,7,1e-06,0.0,0.0,"[-195.9730115218191, -195.9725703153132, -195.9725703153132, -195.9725703153132, -195.9725703153132, -195.9725703153132, -195.9725703153132]","[0.011748416996852029, 0.015342167003836948, 0.009451749996514991, 0.014376457998878323, 0.00996462499460904, 0.010786624996399041, 0.011861416998726781]",,False,block2_su2,F2_diss
raw_qubit,1,-195.56990299076622,0.4033294963687979,False,0.4979580409999471,1,True,False,False,100,7,1e-06,0.0,0.0,"[-195.97301152181797, -195.56990299076622, -195.56990299076622, -195.56990299076622, -195.56990299076622, -195.56990299076622, -195.56990299076622]","[0.07256179099931614, 0.06604220799636096, 0.08427450000453973, 0.064976416004356, 0.06133504099852871, 0.07063975000346545, 0.05338991600001464]",,False,block2_pauli,F2_diss
raw_qubit,2,-195.97291651176903,0.0003159753659929265,True,0.5388049999965006,2,True,False,False,100,7,1e-06,0.0,0.0,"[-195.97301152181797, -195.97291651176914, -195.97291651176903, -195.97291651176903, -195.97291651176903, -195.97291651176903, -195.97291651176903]","[0.0673840419985936, 0.06639545800135238, 0.10124583300057566, 0.07490050000342308, 0.06302325000433484, 0.07551541599968914, 0.05927845900441753]",,False,block2_pauli,F2_diss
seniority_Nover2,1,-195.9725703153103,0.00066217182472883,True,0.49869604199921014,1,True,False,False,100,7,1e-06,1.2158807294326834e-10,0.0,"[-195.97301152181797, -195.9725703153124, -195.9725703153124, -195.97257031530182, -195.9725703151887, -195.9725703151887, -195.9725703153103]","[0.07460770900070202, 0.06263558300270233, 0.0659466249999241, 0.08973825000430224, 0.05720604200178059, 0.06268979200103786, 0.05791900000622263]",Seniority N/2,False,block2_pauli,F2_diss
HCT_Nover2_Comm,1,-195.97291651176883,0.0003159753661918785,True,0.6346277499978896,1,True,False,False,100,7,1e-06,1.7053025658242404e-13,0.0,"[-195.97301152181797, -195.972916511769, -195.97291651176897, -195.97291651176852, -195.97291651176897, -195.972916511769, -195.97291651176883]","[0.1008066249996773, 0.0861282920013764, 0.07702245799737284, 0.08003258300595917, 0.09300445900589693, 0.0799100830045063, 0.07274816599965561]",HCT N/2 Comm,False,block2_pauli,F2_diss
HCT_N_Comm,1,-195.97291651204443,0.00031597509058656215,True,0.5752059160004137,1,True,False,False,100,7,1e-06,0.0,0.0,"[-195.97301152181802, -195.9729165117671, -195.972916511769, -195.97291651204443, -195.97291651204443, -195.97291651204443, -195.97291651204443]","[0.08175287500489503, 0.07631908299663337, 0.070760833004897, 0.08126774999982445, 0.07445608299894957, 0.07870475000527222, 0.07209433399839327]",HCT N Comm,False,block2_pauli,F2_diss
Pauli_BLISS+HCT_N_Comm,1,-195.5614916460848,0.4117408410502321,False,0.666137082997011,1,True,False,False,100,7,1e-06,4.831690603168681e-13,0.0,"[-195.9730115218181, -195.5614921215671, -195.5614921303644, -195.56150005878953, -195.56150005902694, -195.5614916460843, -195.5614916460848]","[0.10362762500153622, 0.08963687500363449, 0.08773975000076462, 0.08583879199431976, 0.08244408299651695, 0.08885633300087648, 0.08696991699980572]",Pauli BLISS+HCT N Comm,False,block2_pauli,F2_diss
Pauli_BLISS+HCT_N_Comm,2,-195.97294290815336,0.00028957898166481755,True,7.58085199999914,2,False,True,True,100,100,1e-06,1.0260684746299376e-06,0.0,"[-195.9730115218181, -195.9728893742714, -195.97294393424164, -195.97294290811521, -195.97294393422283, -195.9729429080731, -195.9729439341847, -195.97294290816194, -195.97294393418568, -195.97294290816316, -195.97294393425193, -195.97294290809856, -195.9729439342127, -195.9729429081587, -195.97294393425778, -195.97294290815745, -195.9729439342414, -195.9729429081286, -195.97294393423476, -195.97294290808134, -195.9729439341943, -195.97294290815762, -195.97294393425398, -195.97294290814995, -195.9729439342147, -195.9729429081696, -195.97294393426364, -195.9729429081185, -195.9729439342219, -195.97294290806923, -195.97294393410087, -195.9729429080803, -195.9729439342405, -195.9729429081383, -195.97294393424488, -195.97294290815253, -195.97294393425423, -195.9729429081461, -195.9729439342439, -195.97294290814426, -195.9729439341603, -195.9729429080482, -195.97294393424502, -195.97294290813738, -195.9729439342161, -195.97294290814364, -195.972943934228, -195.972942908111, -195.9729439341732, -195.9729429081825, -195.97294393426148, -195.97294290814068, -195.97294393425034, -195.97294290815745, -195.97294393426063, -195.9729429081178, -195.97294393417923, -195.9729429080562, -195.97294393416047, -195.9729429081311, -195.9729439342551, -195.97294290815125, -195.97294393425227, -195.9729429081499, -195.97294393425605, -195.97294290814736, -195.9729439342467, -195.97294290814648, -195.97294393414086, -195.9729429080519, -195.97294393423456, -195.97294290813315, -195.97294393423903, -195.9729429080852, -195.97294393413915, -195.9729429081708, -195.97294393424767, -195.97294290808918, -195.9729439341786, -195.97294290813204, -195.97294393425474, -195.97294290815694, -195.9729439342521, -195.97294290812312, -195.97294393421316, -195.97294290807253, -195.97294393420478, -195.97294290808088, -195.97294393418275, -195.97294290815273, -195.97294393424747, -195.9729429080994, -195.97294393420646, -195.9729429081556, -195.9729439342017, -195.97294290810152, -195.97294393426, -195.97294290813244, -195.97294393422183, -195.97294290815336]","[0.0952592910034582, 0.08009666699945228, 0.08015525000519119, 0.07327937499940163, 0.07414929199876497, 0.07204591700428864, 0.06919029200071236, 0.08255487499991432, 0.07424704200093402, 0.06739912500052014, 0.08689395799592603, 0.07086454200180015, 0.07952516699879197, 0.08478749999630963, 0.07253070799924899, 0.06737945799977751, 0.07010470800014446, 0.067943166999612, 0.0809387909976067, 0.08207270900311414, 0.08323812500020722, 0.09670908300176961, 0.07592054099950474, 0.08365462499932619, 0.08963737500016578, 0.08629029199801153, 0.07714449999912176, 0.08424745900265407, 0.0758088329966995, 0.08536766700126464, 0.07298845800687559, 0.06865254199510673, 0.07018850000167731, 0.06729595799697563, 0.06943508299445966, 0.0687779590007267, 0.06922683300217614, 0.07351595900399843, 0.0732561250042636, 0.06859666699892841, 0.0691328339962638, 0.06976704199769301, 0.06960845799767412, 0.06657116599672008, 0.06801141599862603, 0.06675183400511742, 0.09967895800218685, 0.07356454199907603, 0.08641195800009882, 0.09028216599836014, 0.07585283299704315, 0.08452504200249678, 0.07616679100465262, 0.07256266599870287, 0.0692147500012652, 0.06804945800104178, 0.0693593329997384, 0.07664229200599948, 0.07205795899790246, 0.06801733400061494, 0.09250291700300295, 0.07200583400117466, 0.07307608400151366, 0.06752579099702416, 0.07452470800490119, 0.07207049999851733, 0.0694266249993234, 0.06620162499893922, 0.06861824999941746, 0.06910266600607429, 0.06831916700321017, 0.06830233299842803, 0.06993120800325414, 0.0684776670022984, 0.07346687499375548, 0.06765229200391332, 0.07004187499842374, 0.06698316600522958, 0.0744337079959223, 0.07170500000211177, 0.0714804999952321, 0.06782133300293935, 0.06899404199793935, 0.06684904099529376, 0.07882516700192355, 0.07601583299401682, 0.07377245799580123, 0.07890816700091818, 0.07653095799469156, 0.06890125000063563, 0.07140129199979128, 0.07796720800251933, 0.08015904100466287, 0.07362966700020479, 0.07557470799656585, 0.07118333400285337, 0.08279608299926622, 0.06882545900589321, 0.06920200000604382, 0.08002583299821708]",Pauli BLISS+HCT N Comm,False,block2_pauli,F2_diss
BS_Nover2_Comm,1,-195.5699185969665,0.40331389016853336,False,0.5829147089971229,1,True,False,False,100,7,1e-06,0.0,0.0,"[-195.973011521818, -195.5698921009428, -195.5699185969665, -195.5699185969665, -195.5699185969665, -195.5699185969665, -195.5699185969665]","[0.08229958399897441, 0.0783141669962788, 0.07513408399972832, 0.08202591699955519, 0.07141037500696257, 0.08011691600404447, 0.07976883299852489]",BS N/2 Comm,False,block2_pauli,F2_diss
BS_Nover2_Comm,2,-195.97289285860148,0.0003396285335384164,True,0.5431179160004831,2,True,False,False,100,7,1e-06,2.5062263375730254e-10,0.0,"[-195.973011521818, -195.97289271608324, -195.972892923404, -195.97289285836393, -195.97289285910796, -195.9728928588521, -195.97289285860148]","[0.09163854199869093, 0.06818583399581257, 0.07287149999319809, 0.07246808299532859, 0.0677762499981327, 0.07003224999789381, 0.056810500005667564]",BS N/2 Comm,False,block2_pauli,F2_diss
BS_N_Comm,1,-195.972689761312,0.0005427258230099596,True,0.6799998330025119,1,True,False,False,100,7,1e-06,4.9460226136943675e-08,0.0,"[-195.97301152181785, -195.88362705826177, -195.97218252980906, -195.97265174545123, -195.97268971185184, -195.97268971185179, -195.972689761312]","[0.10190745900035836, 0.08964874999946915, 0.09551858299528249, 0.08690837500034831, 0.08820612500130665, 0.08819833400048083, 0.08469708399934461]",BS N Comm,False,block2_pauli,F2_diss
HCT_N_Comm_Fiedler,1,-195.97291651360007,0.0003159735349527182,True,0.5600624590006191,1,True,False,False,100,7,1e-06,0.0,0.0,"[-195.97301152181808, -195.9729165117689, -195.97291651360007, -195.97291651360007, -195.97291651360007, -195.97291651360007, -195.97291651360007]","[0.06904724999913014, 0.08365891600260511, 0.07337929100322071, 0.08085658300115028, 0.0780892499969923, 0.06996145800076192, 0.07469970900274348]",HCT N Comm,True,block2_pauli,F2_diss
BS_N_Comm_Fiedler,1,-195.97291651451303,0.00031597262199056786,True,0.9763529170013499,1,True,False,False,100,7,1e-06,0.0,0.0,"[-195.97301152181802, -195.96842565199108, -195.97288681015047, -195.97291650258086, -195.97291651451303, -195.97291651451303, -195.97291651451303]","[0.2624865000034333, 0.10448616700159619, 0.12298262499825796, 0.1212606670014793, 0.10190016599517548, 0.12413858300715219, 0.08622241600096459]",BS N Comm,True,block2_pauli,F2_diss
raw_fermionic_su2,1,-195.96967857808266,0.07995934516588932,False,0.1476635420040111,1,True,False,False,100,7,1e-06,0.0,0.0,"[-196.04963792324847, -195.96967857808266, -195.96967857808266, -195.96967857808266, -195.96967857808266, -195.96967857808266, -195.96967857808266]","[0.016955208004219458, 0.024013125002966262, 0.016630625003017485, 0.019579500003601424, 0.026025332997960504, 0.015021791004983243, 0.02102970799751347]",,False,block2_su2,F2_eqm
raw_fermionic_su2,2,-196.04618777476122,0.0034501484873317168,False,0.13258133299677866,2,True,False,False,100,7,1e-06,2.7384032819099957e-09,0.0,"[-196.04963792324847, -196.0461876713035, -196.04618777165257, -196.04618777140522, -196.04618777195176, -196.04618777202282, -196.04618777476122]","[0.016093666999950074, 0.02118216700182529, 0.023315042002650443, 0.0139698330021929, 0.013979916002426762, 0.02031412500218721, 0.01818237499537645]",,False,block2_su2,F2_eqm
raw_fermionic_su2,3,-196.0489398029541,0.0006981202944587039,True,0.15469816700351657,3,True,False,False,100,7,1e-06,1.1192753390787402e-08,0.0,"[-196.04963792324858, -196.0489501529307, -196.04895015293027, -196.04895021485348, -196.048939810929, -196.04893981414685, -196.0489398029541]","[0.023774708999553695, 0.021185083001910243, 0.018768458998238202, 0.021077834004245233, 0.022821999998996034, 0.01536741699965205, 0.014495499999611638]",,False,block2_su2,F2_eqm
raw_qubit,1,-195.96743429168015,0.08220363156840449,False,0.42455899999913527,1,True,False,False,100,7,1e-06,0.0,0.0,"[-196.04963792324895, -195.96743429168015, -195.96743429168015, -195.96743429168015, -195.96743429168015, -195.96743429168015, -195.96743429168015]","[0.062322290999873076, 0.057042042004468385, 0.06374770800175611, 0.056155957994633354, 0.052538625001034234, 0.05205779199604876, 0.059628584000165574]",,False,block2_pauli,F2_eqm
raw_qubit,2,-196.04276512708844,0.006872796160109829,False,0.41807279200293124,2,True,False,False,100,7,1e-06,5.684341886080802e-14,0.0,"[-196.04963792324895, -196.04276547009255, -196.04276512708844, -196.04276512708847, -196.0427651270884, -196.0427651270884, -196.04276512708844]","[0.0594431660065311, 0.05804254199756542, 0.05348566699831281, 0.05569695900339866, 0.05466195799817797, 0.05561712499911664, 0.05588174999866169]",,False,block2_pauli,F2_eqm
raw_qubit,3,-196.0461251448544,0.003512778394167526,False,0.43617512499622535,3,True,False,False,100,7,1e-06,0.0,0.0,"[-196.04963792324895, -196.0461251445438, -196.0461251448543, -196.0461251448544, -196.04612514485433, -196.0461251448544, -196.0461251448544]","[0.058502917003352195, 0.058374583000841085, 0.06472987500455929, 0.058143166002992075, 0.060389792000933085, 0.060501125000882894, 0.05050020800263155]",,False,block2_pauli,F2_eqm
raw_qubit,4,-196.0477821157017,0.001855807546860433,False,0.38621691699518124,4,True,False,False,100,7,1e-06,1.1368683772161603e-13,0.0,"[-196.04963792324895, -196.04881707198373, -196.0477825414378, -196.0477821156303, -196.04778211563024, -196.04778211570158, -196.0477821157017]","[0.054083333001472056, 0.05413220800255658, 0.05353504199592862, 0.05308529100148007, 0.0523848340017139, 0.05075533299532253, 0.04616445899591781]",,False,block2_pauli,F2_eqm
raw_qubit,5,-196.0492556768262,0.0003822464223617317,True,0.3884152499958873,5,True,False,False,100,7,1e-06,4.263256414560601e-13,0.0,"[-196.04963792324895, -196.04924292756942, -196.04925594630612, -196.04925567778082, -196.0492556777485, -196.04925567682662, -196.0492556768262]","[0.053433916000358295, 0.05311920799431391, 0.05181741699925624, 0.05237770800158614, 0.052047459001187235, 0.05559983300190652, 0.04871008400368737]",,False,block2_pauli,F2_eqm
seniority_Nover2,1,-195.96967857808295,0.0799593451656051,False,0.5052617920009652,1,True,False,False,100,7,1e-06,0.0,0.0,"[-196.049637923249, -195.96967857808295, -195.96967857808295, -195.96967857808295, -195.96967857808295, -195.96967857808295, -195.96967857808295]","[0.06045704099960858, 0.07201220800197916, 0.07681075000436977, 0.06680545800190885, 0.06241500000032829, 0.06675549999636132, 0.07621970799664268]",Seniority N/2,False,block2_pauli,F2_eqm
seniority_Nover2,2,-196.04655936582793,0.003078557420622019,False,0.465089249999437,2,True,False,False,100,7,1e-06,2.842170943040401e-14,0.0,"[-196.049637923249, -196.04655933830725, -196.0465593422635, -196.04655936582708, -196.04655936582702, -196.04655936582796, -196.04655936582793]","[0.06420208299823571, 0.0589970830042148, 0.06750170799932675, 0.0642809999990277, 0.058447458999580704, 0.06407374999980675, 0.06078525000339141]",Seniority N/2,False,block2_pauli,F2_eqm
seniority_Nover2,3,-196.0495990158954,3.890735314371341e-05,True,0.39864745900558773,3,True,False,False,100,7,1e-06,1.8189894035458565e-12,0.0,"[-196.049637923249, -196.04959903344326, -196.04959903043712, -196.0495990138112, -196.0495990138033, -196.04959901589723, -196.0495990158954]","[0.055750833002093714, 0.060131250000267755, 0.05371645799459657, 0.05519374999857973, 0.051102583995088935, 0.050894958003482316, 0.04755304100399371]",Seniority N/2,False,block2_pauli,F2_eqm
HCT_Nover2_Comm,1,-195.96744233731027,0.08219558593827969,False,0.4956526249952731,1,True,False,False,100,7,1e-06,5.684341886080802e-14,0.0,"[-196.04963792324907, -195.96744231121278, -195.96744233731027, -195.96744233731022, -195.96744233731027, -195.96744233731022, -195.96744233731027]","[0.06051895899872761, 0.0747480829959386, 0.06566895900323289, 0.06805316600366496, 0.0669670830029645, 0.07269833300233586, 0.06142849999741884]",HCT N/2 Comm,False,block2_pauli,F2_eqm
HCT_Nover2_Comm,2,-196.04162192947553,0.00801599377302864,False,0.49236170800577383,2,True,False,False,100,7,1e-06,5.684341886080802e-14,0.0,"[-196.04963792324907, -196.03970081549585, -196.04026075074285, -196.04162083447147, -196.0416219294682, -196.04162192947558, -196.04162192947553]","[0.07183133399666985, 0.07846054100082256, 0.06589033299678704, 0.06801225000526756, 0.05882945800112793, 0.06194270800187951, 0.056306083002709784]",HCT N/2 Comm,False,block2_pauli,F2_eqm
HCT_Nover2_Comm,3,-196.04603981842718,0.003598104821378456,False,0.46390870900359005,3,True,False,False,100,7,1e-06,7.321432349272072e-11,0.0,"[-196.04963792324907, -196.04597220950785, -196.04603792893943, -196.04603979989633, -196.0460398133419, -196.04603981835396, -196.04603981842718]","[0.06787708399497205, 0.05808104199968511, 0.06808299999829615, 0.060894541995367035, 0.060964208001678344, 0.06670233300246764, 0.055365834006806836]",HCT N/2 Comm,False,block2_pauli,F2_eqm
HCT_Nover2_Comm,4,-196.04848936661563,0.0011485566329270114,True,0.46637616700172657,4,True,False,False,100,7,1e-06,7.16511294740485e-11,0.0,"[-196.04963792324907, -196.04847600768653, -196.04848851862755, -196.04848934881744, -196.0484893518985, -196.04848936668728, -196.04848936661563]","[0.06828083399886964, 0.06522695900639519, 0.06059270799596561, 0.06198183299420634, 0.06186699999670964, 0.06237975000112783, 0.05741608300013468]",HCT N/2 Comm,False,block2_pauli,F2_eqm
HCT_N_Comm,1,-196.04595550896244,0.003682414286117819,False,0.49037212500115857,1,True,False,False,100,7,1e-06,7.373841981461737e-09,0.0,"[-196.049637923249, -196.0458681513592, -196.0459548800102, -196.04595488002948, -196.0459555015912, -196.0459555015886, -196.04595550896244]","[0.0653394999972079, 0.07275608299823944, 0.06161916699784342, 0.06893641599890543, 0.06155025000043679, 0.06895741699554492, 0.06594424999639159]",HCT N Comm,False,block2_pauli,F2_eqm
HCT_N_Comm,2,-196.04919341271932,0.0004445105292347762,True,0.46281287500460166,2,True,False,False,100,7,1e-06,1.2022383089060895e-10,0.0,"[-196.04963792324907, -196.04919327833295, -196.049193347271, -196.04919341138844, -196.04919341108865, -196.04919341283954, -196.04919341271932]","[0.06726545799756423, 0.07203862499591196, 0.07183299999451265, 0.05910766599845374, 0.056343166004808154, 0.057690582994837314, 0.05326137500378536]",HCT N Comm,False,block2_pauli,F2_eqm
Pauli_BLISS+HCT_N_Comm,1,-192.5695346351647,3.4801032880838534,False,0.7908531670036609,1,True,False,False,100,8,1e-06,1.069736299541546e-09,0.0,"[-196.04963792324924, -192.4070208015094, -192.56329266450297, -192.5633256212524, -192.56339853755355, -192.56339853755333, -192.56953463409496, -192.5695346351647]","[0.1514842079996015, 0.08675762499478878, 0.09119991600164212, 0.08649320800032001, 0.08177012499800185, 0.08327537500008475, 0.08056800000485964, 0.08088079200388165]",Pauli BLISS+HCT N Comm,False,block2_pauli,F2_eqm
Pauli_BLISS+HCT_N_Comm,2,-195.17864439181054,0.8709935314380175,False,0.9186065829999279,2,True,False,False,100,9,1e-06,1.6173856920431717e-08,0.0,"[-196.04963792324924, -195.74442719048272, -195.7429071494599, -195.7453745202295, -195.74681642168537, -195.17920642411045, -195.1785845185596, -195.1786444079844, -195.17864439181054]","[0.18376154099678388, 0.09309154200309422, 0.09168879200296942, 0.09016649999830406, 0.09447637500124983, 0.09010220799973467, 0.07553004199871793, 0.07486912500462495, 0.07471370900020702]",Pauli BLISS+HCT N Comm,False,block2_pauli,F2_eqm
Pauli_BLISS+HCT_N_Comm,3,-196.03751792071068,0.012120002537869823,False,12.44566870899871,3,False,True,True,100,100,1e-06,0.0006518715942149811,0.0,"[-196.04963792324924, -196.04101290935102, -196.04109222947824, -196.02969375553005, -196.02967196320867, -196.03600447595596, -196.03601772598319, -196.037215429247, -196.03721703182893, -196.03744167088513, -196.03744470740895, -196.0266478412604, -196.02663060968132, -196.03686373458814, -196.036884558356, -196.03751526336234, -196.0375172599537, -196.02656646718765, -196.02654896537916, -196.036842137654, -196.03686311455942, -196.03751833979408, -196.03752022539788, -196.02657500383413, -196.02655753672278, -196.03684558234872, -196.03686653876906, -196.03751785059677, -196.03751975334228, -196.02657353034522, -196.026556057322, -196.0368450073383, -196.0368659672145, -196.03751793243458, -196.03751983230765, -196.02657377544045, -196.0265563034036, -196.0368451035148, -196.03686606281502, -196.037517918751, -196.03751981910378, -196.02657373441934, -196.02655626221804, -196.03684508743413, -196.0368660468306, -196.03751792103935, -196.03751982131183, -196.02657374129723, -196.0265562691233, -196.03684509013118, -196.0368660495107, -196.03751792065447, -196.03751982094047, -196.02657374013774, -196.02655626795882, -196.03684508967507, -196.03686604905778, -196.03751792071859, -196.03751982100312, -196.02657374030332, -196.0265562681256, -196.03684508974095, -196.03686604912286, -196.03751792070932, -196.03751982099377, -196.0265737402595, -196.02655626808115, -196.03684508972322, -196.03686604910587, -196.03751792071432, -196.03751982099902, -196.0265737402775, -196.02655626809917, -196.03684508973106, -196.03686604911326, -196.03751792071162, -196.03751982099686, -196.0265737402696, -196.02655626809135, -196.036845089727, -196.03686604910962, -196.03751792071324, -196.03751982099794, -196.02657374028792, -196.02655626810937, -196.03684508973356, -196.03686604911587, -196.03751792071097, -196.03751982099564, -196.02657374027294, -196.02655626809496, -196.03684508972825, -196.03686604911087, -196.03751792071137, -196.03751982099604, -196.0265737402844, -196.0265562681057, -196.03684508973402, -196.03686604911647, -196.03751792071068]","[0.21030083399818977, 0.12474845899851061, 0.12222241699782899, 0.1254631249976228, 0.14284195900108898, 0.1266287089965772, 0.13000833299884107, 0.11960066699975869, 0.11817025000345893, 0.11413575000187848, 0.11780158300098265, 0.11561120799888158, 0.12930691699875752, 0.12142716599919368, 0.1256622500004596, 0.14373437500034925, 0.11475879199861083, 0.11344683400238864, 0.11318999999639345, 0.11473208400275325, 0.1280724169992027, 0.11861674999818206, 0.11707949999981793, 0.11684899999818299, 0.11568441700364929, 0.12467233300412772, 0.12156891699851258, 0.15772458299761638, 0.1635506250022445, 0.13607658299588365, 0.11305570900003659, 0.12101845899451291, 0.120367208000971, 0.14203933299722848, 0.11811275000218302, 0.12060670800565276, 0.12856120800279314, 0.1147724170004949, 0.12407425000128569, 0.11873524999828078, 0.12100566600565799, 0.11711220799770672, 0.11293329200270819, 0.11431479200109607, 0.1300316670021857, 0.12702866600011475, 0.13737875000515487, 0.1183830419977312, 0.12454854200041154, 0.1120939169995836, 0.12045112500345567, 0.11708154100051615, 0.12007625000114786, 0.1173257080008625, 0.12027795799804153, 0.12233216599997832, 0.13159349999477854, 0.12499879200186115, 0.11915924999630079, 0.1174433339983807, 0.11404787500214297, 0.13023716700263321, 0.12227737499779323, 0.11826458299765363, 0.11652154199691722, 0.11145695799496025, 0.13194429199938895, 0.12168437500076834, 0.12255937499867287, 0.12856379200093215, 0.11922345800121548, 0.11238683300325647, 0.11650562500290107, 0.11263954100286355, 0.11618820799776586, 0.1195850000003702, 0.14569449999544304, 0.12385899999935646, 0.12771308299852535, 0.1176628749963129, 0.12040499999420717, 0.11741837499721441, 0.11531787500280188, 0.1110202079944429, 0.11549620799632976, 0.11645195799792418, 0.12134516699734377, 0.128113625003607, 0.12592825000319863, 0.13214241699461127, 0.12511679200542858, 0.11204233299940825, 0.12370483399718069, 0.12263104099838529, 0.12522850000095787, 0.11268045900214929, 0.11367987499397714, 0.11228304199903505, 0.1336338330002036, 0.12193833399942378]",Pauli BLISS+HCT N Comm,False,block2_pauli,F2_eqm
Pauli_BLISS+HCT_N_Comm,4,-196.0471209165085,0.00251700674004951,False,1.1452656669935095,4,True,False,False,100,7,1e-06,9.502969078312162e-09,0.0,"[-196.04963792324924, -196.04675598929552, -196.04712157728397, -196.04712053174825, -196.04712081895576, -196.04712090700554, -196.0471209165085]","[0.22360079200007021, 0.15078266699856613, 0.14535154099576175, 0.15388237499428215, 0.13728183299826924, 0.1526570830028504, 0.13450770900089992]",Pauli BLISS+HCT N Comm,False,block2_pauli,F2_eqm
Pauli_BLISS+HCT_N_Comm,5,-196.04743499568437,0.002202927564184165,False,1.6915661660023034,5,True,False,False,100,7,1e-06,1.855883624557464e-08,0.0,"[-196.04963792324924, -196.0472861169379, -196.04745777611794, -196.04743977064135, -196.0474415532001, -196.0474350142432, -196.04743499568437]","[0.31049883399828104, 0.2303163750038948, 0.23632241599989356, 0.22465091699996265, 0.22241275000124006, 0.21285641699796543, 0.20724375000281725]",Pauli BLISS+HCT N Comm,False,block2_pauli,F2_eqm
Pauli_BLISS+HCT_N_Comm,6,-196.04885363908147,0.0007842841670822054,True,1.909530833007011,6,True,False,False,100,7,1e-06,3.765023848245619e-10,0.0,"[-196.04963792324924, -196.0489569218882, -196.04885358209452, -196.0488531750574, -196.0488531769784, -196.04885363870497, -196.04885363908147]","[0.27474070899916114, 0.26665645799948834, 0.26569716700032586, 0.25817137499689125, 0.26969062499847496, 0.2663014999998268, 0.26205491599830566]",Pauli BLISS+HCT N Comm,False,block2_pauli,F2_eqm
BS_Nover2_Comm,1,-195.9674423373085,0.08219558594004184,False,0.5630369999998948,1,True,False,False,100,7,1e-06,2.842170943040401e-14,0.0,"[-196.04963792324892, -195.9674342916491, -195.96744233730777, -195.96744233730777, -195.9674423373085, -195.96744233730848, -195.9674423373085]","[0.07717720800428651, 0.09218708299886202, 0.07255808400077512, 0.07022904200130142, 0.07916641599877039, 0.07926245899579953, 0.06583225000213133]",BS N/2 Comm,False,block2_pauli,F2_eqm
BS_Nover2_Comm,2,-196.04381202024223,0.005825903006325461,False,0.4650558329958585,2,True,False,False,100,7,1e-06,1.1368683772161603e-13,0.0,"[-196.04963792324892, -196.04736848192942, -196.0438124251159, -196.0438124251409, -196.04381202024206, -196.04381202024211, -196.04381202024223]","[0.08933250000700355, 0.06303079200006323, 0.059131791997060645, 0.059875665996514726, 0.057605083005910274, 0.05513824999798089, 0.050885958000435494]",BS N/2 Comm,False,block2_pauli,F2_eqm
BS_Nover2_Comm,3,-196.04888726530828,0.0007506579402729585,True,0.4549720829963917,3,True,False,False,100,7,1e-06,3.3582409741939045e-08,0.0,"[-196.04963792324892, -196.04894495613115, -196.04888784149284, -196.048888301843, -196.048887338757, -196.0488872988907, -196.04888726530828]","[0.056686041003558785, 0.06900016600411618, 0.060334583002259023, 0.057523124996805564, 0.06544258299982175, 0.06473429100151407, 0.05625583400251344]",BS N/2 Comm,False,block2_pauli,F2_eqm
BS_N_Comm,1,-196.04596822128798,0.0036697019605753667,False,0.6034605000022566,1,True,False,False,100,7,1e-06,4.813801979253185e-08,0.0,"[-196.04963792324884, -196.04569888801365, -196.0459723034441, -196.045965909624, -196.0459686235582, -196.04596817314996, -196.04596822128798]","[0.08268141699954867, 0.08263708400045289, 0.08211300000402844, 0.08667370799958007, 0.07987170800333843, 0.0763112499989802, 0.08103549999941606]",BS N Comm,False,block2_pauli,F2_eqm
BS_N_Comm,2,-196.04905544189467,0.0005824813538879425,True,0.5895633340041968,2,True,False,False,100,7,1e-06,2.9086575636938505e-07,0.0,"[-196.04963792324884, -196.048948295188, -196.04904940922412, -196.04904941111175, -196.04905515121956, -196.0490551510289, -196.04905544189467]","[0.08650925000256393, 0.08395158399798675, 0.09835837500577327, 0.07745329099998344, 0.07224691699957475, 0.07233245800307486, 0.06280487500043819]",BS N Comm,False,block2_pauli,F2_eqm
HCT_N_Comm_Fiedler,1,-196.04596084212594,0.0036770811226176647,False,0.5337874580000062,1,True,False,False,100,7,1e-06,8.242295734817162e-13,0.0,"[-196.049637923249, -196.04596205520704, -196.04596205135448, -196.0459608508716, -196.04596085087394, -196.0459608421251, -196.04596084212594]","[0.07145274999493267, 0.07798900000489084, 0.07421829200029606, 0.07055687499814667, 0.08013650000066264, 0.06765462499606656, 0.06644033400516491]",HCT N Comm,True,block2_pauli,F2_eqm
HCT_N_Comm_Fiedler,2,-196.04901627634848,0.0006216469000719371,True,0.4877563749978435,2,True,False,False,100,7,1e-06,2.8609292712644674e-10,0.0,"[-196.049637923249, -196.0490213742247, -196.04901454372333, -196.0490161368226, -196.04901624424582, -196.04901627663457, -196.04901627634848]","[0.07180516699736472, 0.07908891699480591, 0.06466524999996182, 0.06376716700469842, 0.06214616700162878, 0.060997874999884516, 0.054868791994522326]",HCT N Comm,True,block2_pauli,F2_eqm
BS_N_Comm_Fiedler,1,-196.0468723552406,0.0027655680079590184,False,0.5265949999957229,1,True,False,False,100,7,1e-06,6.213407459654263e-07,0.0,"[-196.049637923249, -196.0468829606633, -196.0468713617334, -196.04688014912213, -196.04687277684573, -196.04687297658134, -196.0468723552406]","[0.07069062500522705, 0.07609854199836263, 0.07653366700105835, 0.06854116700560553, 0.06659550000040326, 0.07858104100159835, 0.0647944579977775]",BS N Comm,True,block2_pauli,F2_eqm
BS_N_Comm_Fiedler,2,-196.04959982014896,3.8103099598174595e-05,True,0.5006577499952982,2,True,False,False,100,7,1e-06,1.5129614894249244e-08,0.0,"[-196.049637923249, -196.04959822502383, -196.04959887119742, -196.0495996093129, -196.04959969926023, -196.04959980501934, -196.04959982014896]","[0.07670045799750369, 0.07381079199694796, 0.06876300000294577, 0.0629249580015312, 0.06731908300571376, 0.0618179160010186, 0.05895500000042375]",BS N Comm,True,block2_pauli,F2_eqm
raw_fermionic_su2,1,-74.48095573176263,0.2728351366406656,False,0.06590125000366243,1,True,False,False,100,7,1e-06,0.0,0.0,"[-74.6872716677062, -74.48095573176263, -74.48095573176263, -74.48095573176263, -74.48095573176263, -74.48095573176263, -74.48095573176263]","[0.00862920800136635, 0.010983082996972371, 0.01679399999557063, 0.005876875002286397, 0.006315708000329323, 0.007064625002385583, 0.005901500000618398]",,False,block2_su2,H2O_corr
raw_fermionic_su2,2,-74.59781673254064,0.15597413586266384,False,0.06742162499722326,2,True,False,False,100,8,1e-06,3.950617610826157e-12,0.0,"[-74.6872716677062, -74.59662484798324, -74.50667817110168, -74.59663093594837, -74.59782159034084, -74.59782159034644, -74.59781673253669, -74.59781673254064]","[0.009074834000784904, 0.005649082995660137, 0.010797124996315688, 0.006370249997416977, 0.007535167002060916, 0.010972666001180187, 0.006661458995949943, 0.005869874999916647]",,False,block2_su2,H2O_corr
raw_fermionic_su2,3,-74.74977422757408,0.004016640829220819,False,0.07210787499934668,3,True,False,False,100,8,1e-06,1.9895196601282805e-13,0.0,"[-74.75065400719626, -74.75065400712387, -74.74979409411351, -74.74979409411355, -74.7498054695667, -74.74980546956732, -74.74977422757388, -74.74977422757408]","[0.009342666999145877, 0.01213162500062026, 0.008166083003743552, 0.007256042001245078, 0.007182415996794589, 0.007108291996701155, 0.010570291997282766, 0.006351208001433406]",,False,block2_su2,H2O_corr
raw_fermionic_su2,4,-74.7512045173861,0.0025863510172001725,False,0.08583954099594848,4,True,False,False,100,8,1e-06,7.531752999057062e-13,0.0,"[-74.75219541466268, -74.75219541464882, -74.75120587329629, -74.7512058732956, -74.75120585346315, -74.75120585346235, -74.75120451738685, -74.7512045173861]","[0.0094020000033197, 0.007620083000801969, 0.019002542001544498, 0.00698250000277767, 0.009528916001727339, 0.011893999995663762, 0.006541959002788644, 0.0067645419985638]",,False,block2_su2,H2O_corr
raw_fermionic_su2,5,-74.75306680958369,0.0007240588196140152,True,0.07394487500278046,5,True,False,False,100,7,1e-06,3.1527846999779285e-08,0.0,"[-74.75259791108856, -74.75259791111083, -74.75306646484863, -74.75306646467706, -74.75306684128371, -74.75306684111153, -74.75306680958369]","[0.00954125000134809, 0.008057209000980947, 0.012390749994665384, 0.007963332995132077, 0.01211587500438327, 0.011895792005816475, 0.007865542000217829]",,False,block2_su2,H2O_corr
raw_qubit,1,-74.35280978448664,0.4009810839166619,False,0.25145133399928454,1,True,False,False,100,7,1e-06,0.0,0.0,"[-74.68727166770617, -74.35280978448664, -74.35280978448664, -74.35280978448664, -74.35280978448664, -74.35280978448664, -74.35280978448664]","[0.04679629200109048, 0.03127187499922002, 0.03198095799598377, 0.03406350000295788, 0.0328318330066395, 0.029658249994099606, 0.026882874997681938]",,False,block2_pauli,H2O_corr
raw_qubit,2,-74.48135219457018,0.2724386738331219,False,0.2761023750063032,2,True,False,False,100,7,1e-06,1.0863487887036172e-09,0.0,"[-74.6872716677062, -74.48415726606495, -74.48135219074229, -74.4813521907423, -74.48135219348386, -74.48135219348383, -74.48135219457018]","[0.05849508299434092, 0.03771604099893011, 0.02755224999418715, 0.036253417005355004, 0.02904612500424264, 0.035692209006811026, 0.027702625004167203]",,False,block2_pauli,H2O_corr
raw_qubit,3,-74.72182910740348,0.0319617609998204,False,0.3015484169955016,3,True,False,False,100,7,1e-06,1.581668129801983e-11,0.0,"[-74.7208106446758, -74.72129962567968, -74.721299626231, -74.72182910123541, -74.7218291067544, -74.72182910738766, -74.72182910740348]","[0.06114320800406858, 0.03695124999649124, 0.03803279199928511, 0.038531792000867426, 0.031746207998367026, 0.037284208003256936, 0.03254424999613548]",,False,block2_pauli,H2O_corr
raw_qubit,4,-74.72181969940863,0.031971168994672894,False,0.9443629580055131,4,True,False,False,100,22,1e-06,8.521973597908072e-07,0.0,"[-74.72081064480105, -74.7211833135626, -74.72118336713072, -74.7212055680676, -74.72124831122873, -74.72169344975251, -74.72177638132473, -74.72177903435119, -74.72178454808228, -74.72176674032235, -74.72177751003396, -74.72175796749866, -74.72177475183747, -74.72129591049237, -74.72130142375975, -74.72176533108997, -74.72178947275158, -74.72174705211164, -74.72177750513698, -74.7218235055395, -74.72182055160599, -74.72181969940863]","[0.07115875000454253, 0.03846374999557156, 0.047106625002925284, 0.03764324999792734, 0.04252216599707026, 0.041506583998852875, 0.04020524999941699, 0.039460790998418815, 0.05003495900018606, 0.041363541000464465, 0.04428508399723796, 0.04047254099714337, 0.04153358400071738, 0.04925112499768147, 0.040904500005126465, 0.03836008299549576, 0.038457083006505854, 0.03506416600430384, 0.032952499997918494, 0.035545958002330735, 0.03568345800158568, 0.03469329200015636]",,False,block2_pauli,H2O_corr
raw_qubit,5,-74.72183109139202,0.03195977701128072,False,0.37166687499848194,5,True,False,False,100,7,1e-06,4.734276615181443e-08,0.0,"[-74.72081064479524, -74.72129700067646, -74.72140957835212, -74.72182477877358, -74.72182853541759, -74.72183104404925, -74.72183109139202]","[0.06127299999934621, 0.0492010840025614, 0.05879133300186368, 0.05762858300295193, 0.046452832997601945, 0.048511999993934296, 0.0317787079984555]",,False,block2_pauli,H2O_corr
raw_qubit,6,-74.72183113043964,0.03195973796366047,False,0.2975192500016419,6,True,False,False,100,7,1e-06,2.9132252166164108e-12,0.0,"[-74.72081064479126, -74.72129962602439, -74.72182743903836, -74.72183109597039, -74.72183113044451, -74.72183113044255, -74.72183113043964]","[0.0676912920025643, 0.04290187499282183, 0.03711733300588094, 0.03625774999818532, 0.03325787499488797, 0.03249558399693342, 0.02887270800420083]",,False,block2_pauli,H2O_corr
raw_qubit,7,-74.72183113038676,0.03195973801653906,False,0.3245840829986264,7,True,False,False,100,7,1e-06,5.314859663485549e-12,0.0,"[-74.72081064470694, -74.721299626154, -74.72182742418636, -74.72182951255692, -74.72183113035626, -74.72183113038145, -74.72183113038676]","[0.06045475000428269, 0.044141375001345295, 0.0511617500014836, 0.037671041005523875, 0.038824333998491056, 0.040835583000443876, 0.033200416997715365]",,False,block2_pauli,H2O_corr
raw_qubit,8,-74.72183113033924,0.03195973806406016,False,0.35878312500426546,8,True,False,False,100,7,1e-06,4.175149115326349e-11,0.0,"[-74.72081064477084, -74.72129962620778, -74.72182744215266, -74.7218308541288, -74.72183113030411, -74.72183113029749, -74.72183113033924]","[0.0651879170036409, 0.0464101670004311, 0.05995470799825853, 0.044748540996806696, 0.04515441699913936, 0.03977333300281316, 0.03891904200281715]",,False,block2_pauli,H2O_corr
raw_qubit,9,-74.74096632643277,0.012824541970530845,False,0.5198687920055818,9,True,False,False,100,7,1e-06,4.066714609507471e-08,0.0,"[-74.73978279740444, -74.74043030919448, -74.74079724540115, -74.74090648670739, -74.74096084921192, -74.74096628576562, -74.74096632643277]","[0.1078170000037062, 0.06477870800154051, 0.07023487499827752, 0.06550295800116146, 0.06947337499877904, 0.060656875000859145, 0.06319583400181727]",,False,block2_pauli,H2O_corr
raw_qubit,10,-74.7218311616536,0.03195970674970283,False,0.5161047500005225,10,True,False,False,100,7,1e-06,2.6858515411731787e-12,0.0,"[-74.72182492476254, -74.72183112485024, -74.72183113048374, -74.72183113048376, -74.72183116165643, -74.72183116165628, -74.7218311616536]","[0.10960808300296776, 0.05406895899795927, 0.051770833000773564, 0.045613333000801504, 0.09234041599847842, 0.0918607499988866, 0.051768500001344364]",,False,block2_pauli,H2O_corr
raw_qubit,12,-74.74119242683349,0.01259844156980705,False,0.5413207499950659,12,True,False,False,100,7,1e-06,7.095621867847512e-10,0.0,"[-74.74018862632829, -74.7408777650638, -74.74093459157673, -74.74118665489978, -74.7411923728299, -74.74119242612393, -74.74119242683349]","[0.11622937500214903, 0.07879383300314657, 0.07076450000022305, 0.07738512500509387, 0.06450266599858878, 0.0627634999982547, 0.051360334000492]",,False,block2_pauli,H2O_corr
raw_qubit,14,-74.74119273687018,0.012598131533124501,False,0.6778898749980726,14,True,False,False,100,7,1e-06,0.0,0.0,"[-74.74019015637126, -74.74101194323192, -74.74101211269004, -74.7411927315624, -74.74119273685508, -74.74119273687018, -74.74119273687018]","[0.1459381669992581, 0.11405220800224924, 0.08676737499627052, 0.10839858300460037, 0.07480083399423165, 0.06385920799948508, 0.06444458299665712]",,False,block2_pauli,H2O_corr
raw_qubit,16,-74.74119272715798,0.012598141245319994,False,0.6721690409976873,16,True,False,False,100,7,1e-06,1.4210854715202004e-14,0.0,"[-74.74019021067885, -74.74119246446392, -74.7411927269555, -74.741192727158, -74.74119272715801, -74.74119272715797, -74.74119272715798]","[0.1738065000026836, 0.11045074999856297, 0.08151187500334345, 0.0640322079998441, 0.08557254199695308, 0.07588091700017685, 0.06241045799833955]",,False,block2_pauli,H2O_corr
raw_qubit,18,-74.7411927374777,0.012598130925596251,False,0.7769290419964818,18,True,False,False,100,7,1e-06,4.263256414560601e-14,0.0,"[-74.74019021127789, -74.7411924722388, -74.74119273694295, -74.74119273745913, -74.74119273747768, -74.74119273747766, -74.7411927374777]","[0.17802341700007673, 0.11225470799399773, 0.1468936249948456, 0.08653304199833656, 0.08231295800214866, 0.08015062499907799, 0.07126358300592983]",,False,block2_pauli,H2O_corr
raw_qubit,20,-74.74119273752153,0.012598130881769976,False,0.8590702079964103,20,True,False,False,100,7,1e-06,4.263256414560601e-14,0.0,"[-74.74019021127789, -74.74119249453528, -74.7411927365498, -74.74119273751023, -74.74119273752159, -74.74119273752157, -74.74119273752153]","[0.18980637499771547, 0.12233945800107904, 0.17495779100136133, 0.09179558300093049, 0.0893419170024572, 0.08583604099840159, 0.0862800419999985]",,False,block2_pauli,H2O_corr
raw_qubit,30,-74.74119273748377,0.012598130919528217,False,1.3135828750018845,30,True,False,False,100,7,1e-06,9.00968188943807e-12,0.0,"[-74.74019021127789, -74.74119253519112, -74.74119273196797, -74.74119273336774, -74.74119273746643, -74.74119273747476, -74.74119273748377]","[0.1749773749979795, 0.1813527089980198, 0.21907654099777574, 0.19369508300587768, 0.17949508399760816, 0.1916158749954775, 0.15413216599699808]",,False,block2_pauli,H2O_corr
raw_qubit,40,-74.7411927375047,0.012598130898595628,False,1.57442766699387,40,True,False,False,100,7,1e-06,1.4210854715202004e-14,0.0,"[-74.74019021127789, -74.741192535207, -74.74119272716143, -74.74119272891983, -74.74119273750472, -74.74119273750472, -74.7411927375047]","[0.18060054200032027, 0.20853349999379134, 0.22064295900054276, 0.20747062499867752, 0.2739399170022807, 0.24346320800395915, 0.22030533300130628]",,False,block2_pauli,H2O_corr
raw_qubit,50,-74.74119273750622,0.012598130897075066,False,1.6624609999998938,50,True,False,False,100,7,1e-06,2.842170943040401e-14,0.0,"[-74.74019021127789, -74.741192535207, -74.74119272716143, -74.74119272897661, -74.74119273750617, -74.7411927375062, -74.74119273750622]","[0.17622641700290842, 0.19734195800265297, 0.2107156250058324, 0.24053041700244648, 0.27571304199955193, 0.30587512500642333, 0.23602162500174018]",,False,block2_pauli,H2O_corr
raw_qubit,60,-74.7411927375062,0.012598130897103488,False,1.657544167006563,60,True,False,False,100,7,1e-06,0.0,0.0,"[-74.74019021127789, -74.741192535207, -74.74119272716143, -74.74119272897661, -74.74119273750617, -74.7411927375062, -74.7411927375062]","[0.17727300000115065, 0.2207000420021359, 0.20786695800052257, 0.2443585829969379, 0.27305750000232365, 0.2702352080013952, 0.24552541699813446]",,False,block2_pauli,H2O_corr
raw_qubit,70,-74.7411927375062,0.012598130897103488,False,1.7213903329975437,70,True,False,False,100,7,1e-06,0.0,0.0,"[-74.74019021127789, -74.741192535207, -74.74119272716143, -74.74119272897661, -74.74119273750617, -74.7411927375062, -74.7411927375062]","[0.17916137500287732, 0.22219970900187036, 0.21613300000171876, 0.27928158400027314, 0.2963259160023881, 0.2708452080041752, 0.23758479200478178]",,False,block2_pauli,H2O_corr
raw_qubit,80,-74.7411927375062,0.012598130897103488,False,1.7241498330040486,80,True,False,False,100,7,1e-06,0.0,0.0,"[-74.74019021127789, -74.741192535207, -74.74119272716143, -74.74119272897661, -74.74119273750617, -74.7411927375062, -74.7411927375062]","[0.17438724999374244, 0.23437625000224216, 0.21590704200207256, 0.2614554579995456, 0.29840354200132424, 0.2690199170028791, 0.2517861250016722]",,False,block2_pauli,H2O_corr
raw_qubit,90,-74.7411927375062,0.012598130897103488,False,1.7891383329988457,90,True,False,False,100,7,1e-06,0.0,0.0,"[-74.74019021127789, -74.741192535207, -74.74119272716143, -74.74119272897661, -74.74119273750617, -74.7411927375062, -74.7411927375062]","[0.17660820900346152, 0.2588859590032371, 0.19245920800312888, 0.3077837500022724, 0.2981319159953273, 0.27072804199997336, 0.2642143330012914]",,False,block2_pauli,H2O_corr
raw_qubit,100,-74.7411927375062,0.012598130897103488,False,1.793230625000433,100,True,False,False,100,7,1e-06,0.0,0.0,"[-74.74019021127789, -74.741192535207, -74.74119272716143, -74.74119272897661, -74.74119273750617, -74.7411927375062, -74.7411927375062]","[0.17672820800362388, 0.25701283299713396, 0.2232012499953271, 0.2840062089962885, 0.3001944170027855, 0.29889079200074775, 0.23333637500036275]",,False,block2_pauli,H2O_corr
seniority_Nover2,1,-74.48094107637495,0.272849792028353,False,0.3444642080066842,1,True,False,False,100,7,1e-06,1.4210854715202004e-14,0.0,"[-74.6872716677062, -74.48094107637495, -74.48094107637495, -74.48094107637495, -74.48094107637495, -74.48094107637493, -74.48094107637495]","[0.10816604099818505, 0.02640741699724458, 0.03528962499694899, 0.03180662500381004, 0.031731916998978704, 0.02891191699745832, 0.030330375004268717]",Seniority N/2,False,block2_pauli,H2O_corr
seniority_Nover2,2,-74.72081064478998,0.03298022361332187,False,0.3815689159964677,2,True,False,False,100,7,1e-06,1.4210854715202004e-14,0.0,"[-74.75012167592416, -74.60537543931625, -74.72081064478999, -74.72081064479, -74.72081064479, -74.72081064478999, -74.72081064478998]","[0.1790943750020233, 0.02796070800104644, 0.027407875000790227, 0.0260481669974979, 0.03136349999840604, 0.0266944999966654, 0.024756958002399188]",Seniority N/2,False,block2_pauli,H2O_corr
seniority_Nover2,3,-74.72182908354279,0.031961784860513376,False,0.5707422089981264,3,True,False,False,100,10,1e-06,2.3695153572589334e-07,0.0,"[-74.7509502406982, -74.69620564631921, -74.7207392519159, -74.72094052586125, -74.72126524299613, -74.72126465429454, -74.7212659267193, -74.72181931047555, -74.72182884659125, -74.72182908354279]","[0.25173491700115846, 0.03523129200038966, 0.03489333399920724, 0.03227858299942454, 0.029723500003456138, 0.0289321669988567, 0.02813600000081351, 0.03155174999847077, 0.02823004099627724, 0.02623445800418267]",Seniority N/2,False,block2_pauli,H2O_corr
seniority_Nover2,4,-74.752190026361,0.0016008420422934933,False,0.6013225409988081,4,True,False,False,100,8,1e-06,1.2192913345643319e-11,0.0,"[-74.75227782878159, -74.7520483485225, -74.75223200180584, -74.75223200181162, -74.75220557878689, -74.75220557879717, -74.75219002634881, -74.752190026361]","[0.2974526670004707, 0.03944566600694088, 0.03665670900227269, 0.03452845799620263, 0.03436733399576042, 0.03517062500031898, 0.03218699999706587, 0.03211145800014492]",Seniority N/2,False,block2_pauli,H2O_corr
seniority_Nover2,5,-74.75321544516052,0.0005754232427790384,True,0.6806734579949989,5,True,False,False,100,8,1e-06,9.892175967252115e-11,0.0,"[-74.7529741158259, -74.75274821129847, -74.75301415952075, -74.7530141594783, -74.75305200887689, -74.75305200883622, -74.7532154450616, -74.75321544516052]","[0.3250006250018487, 0.044192374996782746, 0.046023875001992565, 0.05204012500325916, 0.04875687499588821, 0.04702470800111769, 0.04322004099958576, 0.04716370800451841]",Seniority N/2,False,block2_pauli,H2O_corr
HCT_Nover2_Comm,1,-74.46793619543269,0.28585467297061484,False,0.5073757079953793,1,True,False,False,100,8,1e-06,1.4210854715202004e-14,0.0,"[-74.69415064722904, -74.4988714485931, -74.47363444047527, -74.47363444047528, -74.51153049173197, -74.51153049173197, -74.46793619543267, -74.46793619543269]","[0.11808454200217966, 0.032112166001752485, 0.043186458002310246, 0.04886212500423426, 0.04932612500124378, 0.04294733300048392, 0.03912541699537542, 0.04305262499838136]",HCT N/2 Comm,False,block2_pauli,H2O_corr
HCT_Nover2_Comm,2,-74.72183116156106,0.03195970684224392,False,0.5057807910052361,2,True,False,False,100,7,1e-06,1.4210854715202004e-14,0.0,"[-74.72077637789026, -74.72183110244058, -74.72183113602175, -74.72183116151137, -74.72183116156104, -74.72183116156104, -74.72183116156106]","[0.24011383300239686, 0.03530858399608405, 0.028619958997296635, 0.029859542002668604, 0.029327667005418334, 0.028808542003389448, 0.02846000000135973]",HCT N/2 Comm,False,block2_pauli,H2O_corr
HCT_Nover2_Comm,3,-74.7218311615961,0.03195970680719995,False,0.6252876670041587,3,True,False,False,100,7,1e-06,0.0,0.0,"[-74.7207765578515, -74.72182943213777, -74.72183114901708, -74.72183116155028, -74.72183116159604, -74.7218311615961, -74.7218311615961]","[0.3548646670024027, 0.03923133300122572, 0.03513816700433381, 0.0323419170017587, 0.030141666997224092, 0.030607291002525017, 0.04135616600251524]",HCT N/2 Comm,False,block2_pauli,H2O_corr
HCT_Nover2_Comm,4,-74.72183116082839,0.031959707574912954,False,0.47709012500126846,4,True,False,False,100,7,1e-06,4.786286922353611e-09,0.0,"[-74.72178904539031, -74.72183100142738, -74.72183113346992, -74.72183113629522, -74.7218311422915, -74.7218311560421, -74.72183116082839]","[0.18783583400363568, 0.04733833300269907, 0.043948667000222486, 0.039308625004196074, 0.032972749999316875, 0.03423499999917112, 0.030664707999676466]",HCT N/2 Comm,False,block2_pauli,H2O_corr
HCT_Nover2_Comm,5,-74.75302903564139,0.0007618327619098864,True,0.6705952499978594,5,True,False,False,100,7,1e-06,8.419820574090409e-08,0.0,"[-74.74953083955741, -74.75289229204245, -74.7530356956951, -74.75303050502943, -74.75303010383672, -74.7530291198396, -74.75302903564139]","[0.27853950000280747, 0.05676987500191899, 0.05533645800460363, 0.0572074169976986, 0.05424079099611845, 0.054843500001879875, 0.05066912500478793]",HCT N/2 Comm,False,block2_pauli,H2O_corr
HCT_N_Comm,1,-74.51600548431814,0.23778538408515715,False,0.31959400000050664,1,True,False,False,100,7,1e-06,4.5572845408514695e-07,0.0,"[-74.70164300009445, -74.47072724683727, -74.51290972480959, -74.51613672973271, -74.51617798435943, -74.51600502858969, -74.51600548431814]","[0.06625495799380587, 0.037887040998612065, 0.039806041997508146, 0.03973250000126427, 0.0317757500015432, 0.038161458003742155, 0.040789124999719206]",HCT N Comm,False,block2_pauli,H2O_corr
HCT_N_Comm,2,-74.72183113582803,0.03195973257527385,False,0.35789512500195997,2,True,False,False,100,7,1e-06,2.165975843126944e-09,0.0,"[-74.72147566367178, -74.72177132121823, -74.72182887458611, -74.72183092437913, -74.7218311150938, -74.72183113366205, -74.72183113582803]","[0.11387837499933084, 0.04287687499891035, 0.038305707996187266, 0.03705124999396503, 0.032552083997870795, 0.03164279199700104, 0.03424620800069533]",HCT N Comm,False,block2_pauli,H2O_corr
HCT_N_Comm,3,-74.74769637801452,0.006094490388775853,False,0.6887065420014551,3,True,False,False,100,13,1e-06,8.235139148382586e-07,0.0,"[-74.73655520242536, -74.73408898980438, -74.74917620702357, -74.74728242522343, -74.74753363524938, -74.74776794139164, -74.74787082638139, -74.74772307164241, -74.74773223847109, -74.74770453063462, -74.74770633282623, -74.74769555450061, -74.74769637801452]","[0.16299779099790612, 0.0465635000000475, 0.042509416001848876, 0.046416958000918385, 0.03875799999514129, 0.04119491700112121, 0.03551583400258096, 0.04973545899702003, 0.03777987499779556, 0.03905937499803258, 0.03617649999796413, 0.03596975000255043, 0.0353195420029806]",HCT N Comm,False,block2_pauli,H2O_corr
HCT_N_Comm,4,-74.75314588758916,0.0006449808141439917,True,0.5754596660044626,4,True,False,False,100,8,1e-06,3.8124881029943936e-10,0.0,"[-74.74193383949144, -74.75238765101331, -74.75293450398993, -74.75293450409816, -74.7530209428164, -74.75302094304058, -74.7531458872079, -74.75314588758916]","[0.1921802500000922, 0.06040574999497039, 0.04625462499825517, 0.051456957997288555, 0.04767625000386033, 0.053664833001676016, 0.04211899999791058, 0.049062250000133645]",HCT N Comm,False,block2_pauli,H2O_corr
Pauli_BLISS+HCT_N_Comm,1,-74.73810113712082,0.015689731282478192,False,0.5392041670056642,1,True,False,False,100,8,1e-06,0.0,0.0,"[-74.7490739221177, -74.72270329658912, -74.73809399651351, -74.73809399664025, -74.73809896277552, -74.7380989627755, -74.73810113712082, -74.73810113712082]","[0.1775053340024897, 0.03850383400276769, 0.03635954199853586, 0.04795716700027697, 0.03909637499600649, 0.04151416700187838, 0.0324999160002335, 0.0336596660054056]",Pauli BLISS+HCT N Comm,False,block2_pauli,H2O_corr
Pauli_BLISS+HCT_N_Comm,2,-74.74720205202459,0.006588816378709339,False,0.6395459999985178,2,True,False,False,100,8,1e-06,1.2605028132384177e-10,0.0,"[-74.75066238557058, -74.74689470815039, -74.74712641178351, -74.74712641183325, -74.74719244133681, -74.74719244127607, -74.74720205215064, -74.74720205202459]","[0.26185295799950836, 0.041648457998235244, 0.048967290997097734, 0.04652537500078324, 0.04703237499779789, 0.045770625001750886, 0.04133274999912828, 0.05116658400220331]",Pauli BLISS+HCT N Comm,False,block2_pauli,H2O_corr
Pauli_BLISS+HCT_N_Comm,3,-74.75152646219367,0.0022644062096333073,False,0.6970829589990899,3,True,False,False,100,7,1e-06,1.4652013646809792e-07,0.0,"[-74.75183648115917, -74.75137446959023, -74.75151669546769, -74.75151460391709, -74.75152597690897, -74.75152631567353, -74.75152646219367]","[0.30832612499943934, 0.056950999998662155, 0.05020004199468531, 0.05139025000244146, 0.05436175000068033, 0.05117900000186637, 0.045660417003091425]",Pauli BLISS+HCT N Comm,False,block2_pauli,H2O_corr
Pauli_BLISS+HCT_N_Comm,4,-74.75291678887196,0.0008740795313428862,True,0.8475994590044138,4,True,False,False,100,7,1e-06,7.557783021638897e-08,0.0,"[-74.7530635874364, -74.75306143918873, -74.75291806529407, -74.75291817918885, -74.75291686463976, -74.75291686444979, -74.75291678887196]","[0.3509101669988013, 0.07705741699464852, 0.07361954200314358, 0.07451104099891381, 0.07533558399882168, 0.07398737499897834, 0.06669879100081744]",Pauli BLISS+HCT N Comm,False,block2_pauli,H2O_corr
BS_Nover2_Comm,1,-74.7218288550079,0.03196201339540039,False,0.3002812080012518,1,True,False,False,100,7,1e-06,0.0,0.0,"[-74.72181075297148, -74.72182824763817, -74.72182883444603, -74.72182885433456, -74.7218288550079, -74.7218288550079, -74.7218288550079]","[0.0645608330014511, 0.03209745899948757, 0.035531916000763886, 0.03351529199426295, 0.03538625000510365, 0.03153270899929339, 0.039431083998351824]",BS N/2 Comm,False,block2_pauli,H2O_corr
BS_Nover2_Comm,2,-74.72183115532196,0.03195971308133494,False,0.2907265419999021,2,True,False,False,100,7,1e-06,0.0,0.0,"[-74.72181197291337, -74.72182985549584, -74.72183114186953, -74.72183115527366, -74.72183115532191, -74.72183115532196, -74.72183115532196]","[0.07058258400502382, 0.0331825410030433, 0.044215125002665445, 0.03021825000178069, 0.02827045899903169, 0.02948583300167229, 0.02621750000253087]",BS N/2 Comm,False,block2_pauli,H2O_corr
BS_Nover2_Comm,3,-74.7218311615776,0.03195970682570248,False,0.26536283300083596,3,True,False,False,100,7,1e-06,1.4210854715202004e-14,0.0,"[-74.72182842086808, -74.72183113291791, -74.72183116058969, -74.7218311615776, -74.72183116157763, -74.72183116157761, -74.7218311615776]","[0.058625790996302385, 0.033612500003073364, 0.030876083998009562, 0.031274833003408276, 0.029421207997074816, 0.030893750001268927, 0.02577233299962245]",BS N/2 Comm,False,block2_pauli,H2O_corr
BS_Nover2_Comm,4,-74.72183116160497,0.03195970679833238,False,0.2951421250036219,4,True,False,False,100,7,1e-06,1.7408297026122455e-11,0.0,"[-74.72182861946251, -74.72183112571624, -74.72183115501574, -74.72183115541296, -74.72183116055844, -74.72183116158756, -74.72183116160497]","[0.059115249998285435, 0.035899624999728985, 0.03008787499857135, 0.03592279100121232, 0.03507908299798146, 0.03613216599478619, 0.039752083001076244]",BS N/2 Comm,False,block2_pauli,H2O_corr
BS_Nover2_Comm,5,-74.72183116161087,0.03195970679243487,False,0.323773957999947,5,True,False,False,100,7,1e-06,4.263256414560601e-14,0.0,"[-74.72182514356076, -74.72183113604852, -74.7218311601817, -74.72183116161044, -74.72183116161071, -74.72183116161082, -74.72183116161087]","[0.06075070799852256, 0.04120770800363971, 0.034665166997001506, 0.044119250000221655, 0.04855350000434555, 0.04002304099412868, 0.028411457999027334]",BS N/2 Comm,False,block2_pauli,H2O_corr
BS_Nover2_Comm,6,-74.72183116161109,0.0319597067922075,False,0.340052208994166,6,True,False,False,100,7,1e-06,2.842170943040401e-14,0.0,"[-74.72183007110529, -74.72183113605769, -74.72183116116966, -74.72183116161204, -74.72183116161114, -74.72183116161112, -74.72183116161109]","[0.07304124999791384, 0.04623558299499564, 0.051469749996613245, 0.041005916995345615, 0.033197917000507005, 0.04109791700466303, 0.030619707998994272]",BS N/2 Comm,False,block2_pauli,H2O_corr
BS_Nover2_Comm,7,-74.721831161614,0.03195970678929427,False,0.34235291599907214,7,True,False,False,100,7,1e-06,0.0,0.0,"[-74.72183007111063, -74.72183113606923, -74.72183115964597, -74.72183116161476, -74.72183116161402, -74.721831161614, -74.721831161614]","[0.0829435419946094, 0.04137841599731473, 0.03615041699958965, 0.045278874997165985, 0.043675167005858384, 0.03727083400008269, 0.03251929199905135]",BS N/2 Comm,False,block2_pauli,H2O_corr
BS_Nover2_Comm,8,-74.72183116161202,0.03195970679128379,False,0.3421828339996864,8,True,False,False,100,7,1e-06,2.842170943040401e-14,0.0,"[-74.72182980363463, -74.72183113889656, -74.72183115598042, -74.7218311616131, -74.72183116161204, -74.72183116161204, -74.72183116161202]","[0.07223387499834644, 0.05102337500284193, 0.0419629169991822, 0.039336084002570715, 0.04060779199789977, 0.03677583399985451, 0.0360888330033049]",BS N/2 Comm,False,block2_pauli,H2O_corr
BS_Nover2_Comm,9,-74.72183116161446,0.031959706788839526,False,0.3740700839989586,9,True,False,False,100,7,1e-06,0.0,0.0,"[-74.7218302017282, -74.72183113906124, -74.72183115772899, -74.72183116161509, -74.72183116161446, -74.72183116161446, -74.72183116161446]","[0.07788475000415929, 0.051718750000873115, 0.04996416700305417, 0.045083500001055654, 0.044925084002898075, 0.040036000005784445, 0.040071708004688844]",BS N/2 Comm,False,block2_pauli,H2O_corr
BS_Nover2_Comm,10,-74.72183116161594,0.0319597067873616,False,0.3570940839999821,10,True,False,False,100,7,1e-06,1.4210854715202004e-14,0.0,"[-74.72183020185311, -74.72183113906704, -74.72183116152155, -74.72183116161594, -74.72183116161591, -74.72183116161592, -74.72183116161594]","[0.0774446249997709, 0.04733379199751653, 0.04523820799659006, 0.043199624997214414, 0.04106316700199386, 0.041895125003065914, 0.037796499993419275]",BS N/2 Comm,False,block2_pauli,H2O_corr
BS_Nover2_Comm,12,-74.72183116161267,0.031959706790630094,False,0.3796345829978236,12,True,False,False,100,7,1e-06,2.842170943040401e-14,0.0,"[-74.72183020185332, -74.72183113912256, -74.72183116156137, -74.72183116161267, -74.7218311616127, -74.7218311616127, -74.72183116161267]","[0.08191345800150884, 0.04680983300204389, 0.04918116699991515, 0.04512216600414831, 0.048902417001954746, 0.0421527089929441, 0.04132154199760407]",BS N/2 Comm,False,block2_pauli,H2O_corr
BS_Nover2_Comm,14,-74.7218311616137,0.03195970678960691,False,0.43677604199911,14,True,False,False,100,7,1e-06,2.842170943040401e-14,0.0,"[-74.7218302018533, -74.72183113913118, -74.72183116157677, -74.72183116161366, -74.72183116161372, -74.72183116161372, -74.7218311616137]","[0.08358695799688576, 0.05355658299959032, 0.050164625004981644, 0.04658154099888634, 0.049573416996281594, 0.07728012499865144, 0.049513790996570606]",BS N/2 Comm,False,block2_pauli,H2O_corr
BS_Nover2_Comm,16,-74.72183116161392,0.03195970678937954,False,0.39458554199518403,16,True,False,False,100,7,1e-06,0.0,0.0,"[-74.7218302018533, -74.7218311391312, -74.7218311615764, -74.72183116161392, -74.72183116161389, -74.72183116161392, -74.72183116161392]","[0.08218674999807263, 0.05136475000472274, 0.05082741699879989, 0.0478311249971739, 0.04825558399898, 0.04699799999798415, 0.043775124999228865]",BS N/2 Comm,False,block2_pauli,H2O_corr
BS_Nover2_Comm,18,-74.72183116161395,0.03195970678935112,False,0.4130025830017985,18,True,False,False,100,7,1e-06,0.0,0.0,"[-74.7218302018533, -74.7218311391312, -74.7218311615764, -74.72183116161392, -74.72183116161389, -74.72183116161395, -74.72183116161395]","[0.08071354199637426, 0.050510957997175865, 0.05736925000383053, 0.054916458997468, 0.053382792000775225, 0.0459236669994425, 0.04549287500412902]",BS N/2 Comm,False,block2_pauli,H2O_corr
BS_Nover2_Comm,20,-74.72183116161395,0.03195970678935112,False,0.4053864169982262,20,True,False,False,100,7,1e-06,0.0,0.0,"[-74.7218302018533, -74.7218311391312, -74.7218311615764, -74.72183116161392, -74.72183116161389, -74.72183116161395, -74.72183116161395]","[0.08320562500011874, 0.051856750003935304, 0.050925124996865634, 0.05104008300259011, 0.05119508300413145, 0.04667141699610511, 0.04600066700368188]",BS N/2 Comm,False,block2_pauli,H2O_corr
BS_Nover2_Comm,30,-74.72183116161395,0.03195970678935112,False,0.4068637079981272,30,True,False,False,100,7,1e-06,0.0,0.0,"[-74.7218302018533, -74.7218311391312, -74.7218311615764, -74.72183116161392, -74.72183116161389, -74.72183116161395, -74.72183116161395]","[0.08204549999936717, 0.05126387500058627, 0.050966875001904555, 0.051816375002090354, 0.05056016599701252, 0.04960545899666613, 0.04642666700237896]",BS N/2 Comm,False,block2_pauli,H2O_corr
BS_Nover2_Comm,40,-74.72183116161395,0.03195970678935112,False,0.40781708299618913,40,True,False,False,100,7,1e-06,0.0,0.0,"[-74.7218302018533, -74.7218311391312, -74.7218311615764, -74.72183116161392, -74.72183116161389, -74.72183116161395, -74.72183116161395]","[0.0806436249986291, 0.05180020799889462, 0.05190008399949875, 0.0523473749999539, 0.051908041001297534, 0.04752975000155857, 0.048603874995023943]",BS N/2 Comm,False,block2_pauli,H2O_corr
BS_Nover2_Comm,50,-74.72183116161395,0.03195970678935112,False,0.4194712089956738,50,True,False,False,100,7,1e-06,0.0,0.0,"[-74.7218302018533, -74.7218311391312, -74.7218311615764, -74.72183116161392, -74.72183116161389, -74.72183116161395, -74.72183116161395]","[0.09418941599869868, 0.05205804199795239, 0.0542654169985326, 0.05092929199599894, 0.050644875002035405, 0.04712604200176429, 0.047005291999084875]",BS N/2 Comm,False,block2_pauli,H2O_corr
BS_Nover2_Comm,60,-74.72183116161395,0.03195970678935112,False,0.4033382499983418,60,True,False,False,100,7,1e-06,0.0,0.0,"[-74.7218302018533, -74.7218311391312, -74.7218311615764, -74.72183116161392, -74.72183116161389, -74.72183116161395, -74.72183116161395]","[0.08189774999482324, 0.05170308299420867, 0.05162579199532047, 0.05048654200072633, 0.05059766599879367, 0.046835624998493586, 0.046625875002064276]",BS N/2 Comm,False,block2_pauli,H2O_corr
BS_Nover2_Comm,70,-74.72183116161395,0.03195970678935112,False,0.4020764170054463,70,True,False,False,100,7,1e-06,0.0,0.0,"[-74.7218302018533, -74.7218311391312, -74.7218311615764, -74.72183116161392, -74.72183116161389, -74.72183116161395, -74.72183116161395]","[0.0822976249983185, 0.051339874997211155, 0.050563666998641565, 0.051332249997358304, 0.05035245799808763, 0.04747574999782955, 0.04426512499776436]",BS N/2 Comm,False,block2_pauli,H2O_corr
BS_Nover2_Comm,80,-74.72183116161395,0.03195970678935112,False,0.40198666699870955,80,True,False,False,100,7,1e-06,0.0,0.0,"[-74.7218302018533, -74.7218311391312, -74.7218311615764, -74.72183116161392, -74.72183116161389, -74.72183116161395, -74.72183116161395]","[0.08109116699779406, 0.05030304200045066, 0.05078612499346491, 0.05284012499760138, 0.05169491600099718, 0.047034916999109555, 0.04521262500202283]",BS N/2 Comm,False,block2_pauli,H2O_corr
BS_Nover2_Comm,90,-74.72183116161395,0.03195970678935112,False,0.401318625001295,90,True,False,False,100,7,1e-06,0.0,0.0,"[-74.7218302018533, -74.7218311391312, -74.7218311615764, -74.72183116161392, -74.72183116161389, -74.72183116161395, -74.72183116161395]","[0.08085525000205962, 0.05199395899398951, 0.05068100000062259, 0.05126258399832295, 0.050720667000859976, 0.0473012500006007, 0.04497720800281968]",BS N/2 Comm,False,block2_pauli,H2O_corr
BS_Nover2_Comm,100,-74.72183116161395,0.03195970678935112,False,0.3956188750016736,100,True,False,False,100,7,1e-06,0.0,0.0,"[-74.7218302018533, -74.7218311391312, -74.7218311615764, -74.72183116161392, -74.72183116161389, -74.72183116161395, -74.72183116161395]","[0.07803558299929136, 0.050975750003999565, 0.05085983400203986, 0.051238207997812424, 0.05072649999783607, 0.04689462499663932, 0.045155375002650544]",BS N/2 Comm,False,block2_pauli,H2O_corr
BS_N_Comm,1,-74.73063236262365,0.023158505779647953,False,0.36726679199637147,1,True,False,False,100,7,1e-06,6.197423374487698e-08,0.0,"[-74.75154130064422, -74.73026854679317, -74.73062212121096, -74.7306295509666, -74.73063230065057, -74.73063230064942, -74.73063236262365]","[0.08788920799997868, 0.037784000000101514, 0.042519916998571716, 0.04575462500361027, 0.03671708299953025, 0.050054416999046225, 0.034375167000689544]",BS N Comm,False,block2_pauli,H2O_corr
BS_N_Comm,2,-74.74232292738807,0.011467941015226302,False,0.3980677500003367,2,True,False,False,100,8,1e-06,1.992361831071321e-11,0.0,"[-74.75317467936222, -74.7258165853278, -74.74134714434416, -74.74134714422155, -74.74237767634482, -74.74237767637925, -74.742322927408, -74.74232292738807]","[0.09099104200140573, 0.047602624996216036, 0.04387308299919823, 0.03795554100361187, 0.03604424999502953, 0.03769283399742562, 0.034934458999487106, 0.03397216699522687]",BS N Comm,False,block2_pauli,H2O_corr
BS_N_Comm,3,-74.74740986892402,0.006380999479276284,False,0.42917370900249807,3,True,False,False,100,8,1e-06,3.318234575999668e-11,0.0,"[-74.75327651971622, -74.74858798009208, -74.74741443010792, -74.74741443040553, -74.74741308041543, -74.7474130805488, -74.74740986889084, -74.74740986892402]","[0.08990908299892908, 0.04448666700045578, 0.043768375006038696, 0.04611116599699017, 0.04364487499697134, 0.04239850000158185, 0.037417833002109546, 0.04757516699464759]",BS N Comm,False,block2_pauli,H2O_corr
BS_N_Comm,4,-74.75278671588484,0.001004152518461865,True,0.4956640839955071,4,True,False,False,100,7,1e-06,8.394613359996583e-08,0.0,"[-74.75345364164683, -74.75278178367024, -74.75278120171373, -74.75278594169285, -74.75278634861894, -74.7527866319387, -74.75278671588484]","[0.10785212500195485, 0.06343891700089443, 0.05241733299772022, 0.0635386659996584, 0.049377874995116144, 0.06459999999788124, 0.05873124999925494]",BS N Comm,False,block2_pauli,H2O_corr
HCT_N_Comm_Fiedler,1,-74.72182907953871,0.03196178886459222,False,0.3718326669986709,1,True,False,False,100,7,1e-06,0.0,0.0,"[-74.72172712983803, -74.72172463596054, -74.72182907634004, -74.7218290795382, -74.72182907953871, -74.72182907953871, -74.72182907953871]","[0.11283445799926994, 0.041817750003247056, 0.03495158399891807, 0.041835541000182275, 0.04087124999932712, 0.03892920899670571, 0.03103874999942491]",HCT N Comm,True,block2_pauli,H2O_corr
HCT_N_Comm_Fiedler,2,-74.7418436369135,0.011947231489799037,False,0.7680940409991308,2,True,False,False,100,12,1e-06,8.173562093816145e-07,0.0,"[-74.75352881107466, -74.74699083946405, -74.74269312070824, -74.74267706029241, -74.74212670488143, -74.74211489552127, -74.74194016337626, -74.74193498923843, -74.7418708939652, -74.74186881899534, -74.74184445426971, -74.7418436369135]","[0.20796754100592807, 0.05277675000252202, 0.1141507089996594, 0.04327416599699063, 0.0404705000037211, 0.04245562500000233, 0.03768033300002571, 0.042920499996398576, 0.0438117920057266, 0.0350385420024395, 0.033302208001259714, 0.04431845799990697]",HCT N Comm,True,block2_pauli,H2O_corr
HCT_N_Comm_Fiedler,3,-74.74797978358063,0.005811084822667567,False,0.5985552909987746,3,True,False,False,100,7,1e-06,1.4455446262218175e-07,0.0,"[-74.75355478041806, -74.75014596679762, -74.75019854035847, -74.7485821718746, -74.74858184671672, -74.74797963902617, -74.74797978358063]","[0.2576365420027287, 0.05783129100018414, 0.04990666700177826, 0.05339441599790007, 0.049033540999516845, 0.05039891699561849, 0.05230070900142891]",HCT N Comm,True,block2_pauli,H2O_corr
HCT_N_Comm_Fiedler,4,-74.75341479637751,0.0003760720257872663,True,0.7510893340004259,4,True,False,False,100,7,1e-06,2.770093487924896e-09,0.0,"[-74.75363364283376, -74.7534023813196, -74.75341467350324, -74.75341466952092, -74.75341479926298, -74.7534147991476, -74.75341479637751]","[0.3184893329962506, 0.07029108300048392, 0.0639442500032601, 0.07676245799666503, 0.06282337500306312, 0.06649362499592826, 0.06391741699917475]",HCT N Comm,True,block2_pauli,H2O_corr
BS_N_Comm_Fiedler,1,-74.73144337153761,0.022347496865691596,False,0.47390091700071935,1,True,False,False,100,7,1e-06,2.593927916905159e-07,0.0,"[-74.75155132947759, -74.72842395736137, -74.7313614091352, -74.73136140925257, -74.73144311214547, -74.73144311214482, -74.73144337153761]","[0.1938470840032096, 0.039540374993521255, 0.04716049999842653, 0.043104042000777554, 0.03793383399897721, 0.04315137500088895, 0.034089834000042174]",BS N Comm,True,block2_pauli,H2O_corr
BS_N_Comm_Fiedler,2,-74.75053852104244,0.0032523473608563336,False,0.6317133749980712,2,True,False,False,100,8,1e-06,3.3306326940873987e-07,0.0,"[-74.75254798852512, -74.75003107215694, -74.75046123959342, -74.75046906607504, -74.75050839351564, -74.75050887737179, -74.75053818797917, -74.75053852104244]","[0.29689604099985445, 0.041290333996585105, 0.03972537499794271, 0.05240483300440246, 0.041306042003270704, 0.040949583002657164, 0.03804083300201455, 0.03820049999922048]",BS N Comm,True,block2_pauli,H2O_corr
BS_N_Comm_Fiedler,3,-74.75193249772286,0.0018583706804378153,False,0.8077681249997113,3,True,False,False,100,7,1e-06,1.8355436282035953e-07,0.0,"[-74.75335262774874, -74.75209681805046, -74.75193929182304, -74.7519424096252, -74.75193209085353, -74.7519323141685, -74.75193249772286]","[0.39999991699733073, 0.05257724999682978, 0.06705008300195914, 0.07736908299557399, 0.057808166995528154, 0.056792624993249774, 0.05583920900244266]",BS N Comm,True,block2_pauli,H2O_corr
BS_N_Comm_Fiedler,4,-74.75303516880874,0.0007556995945634526,True,0.9911723749974044,4,True,False,False,100,7,1e-06,4.567645248698682e-07,0.0,"[-74.75367763363099, -74.75295912443812, -74.7530311128045, -74.75303110923124, -74.75303471405765, -74.75303471204421, -74.75303516880874]","[0.5135660830055713, 0.08542070799740031, 0.06965129099990008, 0.07228220900287852, 0.0675865410012193, 0.07811320800101385, 0.06690804199752165]",BS N Comm,True,block2_pauli,H2O_corr
raw_fermionic_su2,1,-74.73113565570132,0.0066041616591689944,False,0.06351462499878835,1,True,False,False,100,7,1e-06,0.0,0.0,"[-74.73773022812907, -74.73113565570132, -74.73113565570132, -74.73113565570132, -74.73113565570132, -74.73113565570132, -74.73113565570132]","[0.007845125001040287, 0.0063084159992286, 0.010433333001856226, 0.005673957995895762, 0.006030916003510356, 0.009299541998188943, 0.010335749997466337]",,False,block2_su2,H2O_diss
raw_fermionic_su2,2,-74.7373880421062,0.0003517752542876451,True,0.062222375003329944,2,True,False,False,100,7,1e-06,6.745750624759239e-10,0.0,"[-74.73773022812907, -74.73738805184517, -74.7373880414147, -74.73738804141234, -74.73738804143399, -74.73738804143163, -74.7373880421062]","[0.009854333999101073, 0.0071165829940582626, 0.0068757499975617975, 0.010994374999427237, 0.006165165999846067, 0.006831625003542285, 0.010056416998850182]",,False,block2_su2,H2O_diss
raw_qubit,1,-74.73308083271489,0.004658984645601549,False,0.2874473330011824,1,True,False,False,100,7,1e-06,0.0,0.0,"[-74.73773022812927, -74.73308083271489, -74.73308083271489, -74.73308083271489, -74.73308083271489, -74.73308083271489, -74.73308083271489]","[0.0381275839972659, 0.035006832993531134, 0.04151362500124378, 0.053201041999273, 0.028367167004034854, 0.03957333399739582, 0.0314337920062826]",,False,block2_pauli,H2O_diss
raw_qubit,2,-74.7355099531805,0.0022298641799949337,False,0.23966345899680164,2,True,False,False,100,7,1e-06,1.4210854715202004e-14,0.0,"[-74.73773022812927, -74.73550995318048, -74.73550995318048, -74.73550995318048, -74.73550995318048, -74.73550995318048, -74.7355099531805]","[0.029386041998805013, 0.03247529199870769, 0.027154916002473328, 0.039017374998365995, 0.03126495899778092, 0.030824041001324076, 0.032754583000496496]",,False,block2_pauli,H2O_diss
raw_qubit,3,-74.73725087305591,0.0004889443045783537,True,0.2570334999982151,3,True,False,False,100,7,1e-06,1.4210854715202004e-13,0.0,"[-74.73773022812927, -74.73725055779632, -74.73725087305593, -74.73725087305579, -74.73725087305591, -74.73725087305577, -74.73725087305591]","[0.03046379200532101, 0.03428866600006586, 0.03179308299877448, 0.03284325000277022, 0.0302534580041538, 0.0348406250050175, 0.04945979100011755]",,False,block2_pauli,H2O_diss
seniority_Nover2,1,-74.73356533232634,0.00417448503415585,False,0.25758529199811164,1,True,False,False,100,7,1e-06,0.0,0.0,"[-74.73773022812922, -74.73356533232634, -74.73356533232634, -74.73356533232634, -74.73356533232634, -74.73356533232634, -74.73356533232634]","[0.04502691700326977, 0.029666624999663327, 0.03486170899850549, 0.030512124998494983, 0.03715154199744575, 0.031406499998411164, 0.029951958000310697]",Seniority N/2,False,block2_pauli,H2O_diss
seniority_Nover2,2,-74.73697628494676,0.0007635324137282851,True,0.26238537499739323,2,True,False,False,100,7,1e-06,1.0741914024947619e-08,0.0,"[-74.73773022812922, -74.73531412964081, -74.73643300261428, -74.73695498403876, -74.73697627403142, -74.73697627420485, -74.73697628494676]","[0.04219733300124062, 0.02695037499506725, 0.03727820800122572, 0.03907174999767449, 0.039053207998222206, 0.038149332998727914, 0.023685207997914404]",Seniority N/2,False,block2_pauli,H2O_diss
HCT_Nover2_Comm,1,-74.73697627425682,0.0007635431036732143,True,0.23596729199925903,1,True,False,False,100,7,1e-06,0.0,0.0,"[-74.73773022812921, -74.7369762742568, -74.73697627425682, -74.73697627425682, -74.73697627425682, -74.73697627425682, -74.73697627425682]","[0.031070916993485298, 0.03367020800214959, 0.03560637500049779, 0.03265537499828497, 0.027099167004053015, 0.033511125002405606, 0.029417166006169282]",HCT N/2 Comm,False,block2_pauli,H2O_diss
HCT_N_Comm,1,-74.7369683140355,0.0007715033249979797,True,0.32588733300508466,1,True,False,False,100,8,1e-06,0.0,0.0,"[-74.73773023686068, -74.73661177018818, -74.7369481969697, -74.7369481969697, -74.73696248916731, -74.73696248916733, -74.7369683140355, -74.7369683140355]","[0.06292466699960642, 0.03637883299961686, 0.0354325410007732, 0.0329829999973299, 0.03644962500402471, 0.033310667000478134, 0.029628750002302695, 0.03523741599929053]",HCT N Comm,False,block2_pauli,H2O_diss
Pauli_BLISS+HCT_N_Comm,1,-74.73697627509698,0.0007635422635132727,True,0.2499801669982844,1,True,False,False,100,7,1e-06,0.0,0.0,"[-74.73773052504927, -74.73697627509698, -74.73697627509698, -74.73697627509698, -74.73697627509698, -74.73697627509698, -74.73697627509698]","[0.03581270800350467, 0.03861716700339457, 0.03108866699767532, 0.029986292000103276, 0.03812837499572197, 0.026923291996354237, 0.03208537499449449]",Pauli BLISS+HCT N Comm,False,block2_pauli,H2O_diss
BS_Nover2_Comm,1,-74.73552983180798,0.0022099855525112844,False,0.23707249999279156,1,True,False,False,100,7,1e-06,0.0,0.0,"[-74.73773022812922, -74.73551545906726, -74.73552982939675, -74.73552983180328, -74.73552983180328, -74.73552983180798, -74.73552983180798]","[0.02952937500231201, 0.03455191700049909, 0.03359641700080829, 0.03604116700444138, 0.029126792003808077, 0.032117000002472196, 0.025110833994403947]",BS N/2 Comm,False,block2_pauli,H2O_diss
BS_Nover2_Comm,2,-74.73747753913912,0.0002622782213705932,True,0.2325219590056804,2,True,False,False,100,7,1e-06,2.7569058147491887e-10,0.0,"[-74.73773022812922, -74.73681483152563, -74.73727179296117, -74.73747753623411, -74.73747753902212, -74.73747753941481, -74.73747753913912]","[0.03630608299863525, 0.03200445800030138, 0.03575295799964806, 0.03169145900028525, 0.025416124997718725, 0.03094341600080952, 0.028427458004443906]",BS N/2 Comm,False,block2_pauli,H2O_diss
BS_N_Comm,1,-74.73696258821094,0.0007772291495484751,True,0.4146911249990808,1,True,False,False,100,12,1e-06,1.8336039886435174e-07,0.0,"[-74.73773023248619, -74.69721069417037, -74.7180606620355, -74.73258367375226, -74.73591527976026, -74.73650239737339, -74.73685627261206, -74.73689445117897, -74.73694244126857, -74.7369458363462, -74.73696240485054, -74.73696258821094]","[0.036607958005333785, 0.03163187499740161, 0.03617883400147548, 0.03854854199744295, 0.032801500005007256, 0.02786512500460958, 0.029668333001609426, 0.03835670899570687, 0.02978212499874644, 0.026738708998891525, 0.03336524999758694, 0.037454042001627386]",BS N Comm,False,block2_pauli,H2O_diss
HCT_N_Comm_Fiedler,1,-74.73724824504507,0.0004915723154255147,True,0.27646145800099475,1,True,False,False,100,7,1e-06,1.4210854715202004e-14,0.0,"[-74.73773022813553, -74.73599437744801, -74.73724824498301, -74.73724824501797, -74.73724824504507, -74.73724824504505, -74.73724824504507]","[0.04784591600036947, 0.03224666700407397, 0.03656141700048465, 0.03444162500090897, 0.038881707994733006, 0.03436179100390291, 0.03434658399783075]",HCT N Comm,True,block2_pauli,H2O_diss
BS_N_Comm_Fiedler,1,-74.73574315102745,0.001996666333042185,False,0.2578359589970205,1,True,False,False,100,7,1e-06,7.44790895623737e-11,0.0,"[-74.73773022854527, -74.73549420860569, -74.7357097882476, -74.7357430260715, -74.73574314949266, -74.73574315095297, -74.73574315102745]","[0.04048237499955576, 0.030851124996843282, 0.03874545799772022, 0.033832207998784725, 0.033377374995325226, 0.03015645800041966, 0.037003459001425654]",BS N Comm,True,block2_pauli,H2O_diss
BS_N_Comm_Fiedler,2,-74.73726358270652,0.0004762346539735063,True,0.33379320800304413,2,True,False,False,100,9,1e-06,5.282773685166831e-07,0.0,"[-74.73773686754937, -74.73550875450415, -74.73678611639994, -74.73720744954295, -74.73723685992373, -74.73725870364285, -74.73726164078316, -74.73726305442915, -74.73726358270652]","[0.03653124999982538, 0.03744091699627461, 0.04404662500019185, 0.03134941600001184, 0.03267095900082495, 0.03332349999982398, 0.03542400000151247, 0.027423041996371467, 0.04109733299992513]",BS N Comm,True,block2_pauli,H2O_diss
raw_fermionic_su2,1,-74.96591491079833,0.0539398854460984,False,0.061384458997054026,1,True,False,False,100,7,1e-06,0.0,0.0,"[-75.0189278501031, -74.96591491079833, -74.96591491079833, -74.96591491079833, -74.96591491079833, -74.96591491079833, -74.96591491079833]","[0.015269624993379693, 0.007196708997071255, 0.006364208995364606, 0.011015959003998432, 0.006041958004061598, 0.006107834000431467, 0.005598625000857282]",,False,block2_su2,H2O_eqm
raw_fermionic_su2,2,-74.99068153686461,0.029173259379817296,False,0.058590417000232264,2,True,False,False,100,7,1e-06,1.5124233243568597e-07,0.0,"[-75.0189278501031, -74.99034748326773, -74.99068147326818, -74.99068147328813, -74.99068168810935, -74.99068168810695, -74.99068153686461]","[0.008738458993320819, 0.007083875003445428, 0.006107291999796871, 0.010491417000594083, 0.007335916001466103, 0.007570082998427097, 0.007287458000064362]",,False,block2_su2,H2O_eqm
raw_fermionic_su2,3,-75.01187628217394,0.007978514070487108,False,0.0737516249937471,3,True,False,False,100,10,1e-06,2.744257301401376e-07,0.0,"[-75.01892785010313, -75.01189391022615, -75.00807352509163, -75.00806595352057, -75.00805804180786, -75.00805775352019, -75.01186491326732, -75.01187215365599, -75.01187600774821, -75.01187628217394]","[0.008124291001877282, 0.007692249993851874, 0.006864209004561417, 0.00714829199569067, 0.007013416005065665, 0.006923207998625003, 0.006109750000177883, 0.006583249996765517, 0.006163749996630941, 0.007203792003565468]",,False,block2_su2,H2O_eqm
raw_fermionic_su2,4,-75.01433960843967,0.0055151878047610126,False,0.06448258299496956,4,True,False,False,100,7,1e-06,1.3017142919125035e-11,0.0,"[-75.01892785010313, -75.0143184981352, -75.01433602654035, -75.01433953146591, -75.01433953089332, -75.01433960845269, -75.01433960843967]","[0.007844125000701752, 0.011965375000727363, 0.0068972919980296865, 0.013070207998680416, 0.006805459001043346, 0.007871875001001172, 0.006576625004527159]",,False,block2_su2,H2O_eqm
raw_fermionic_su2,5,-75.01860775025966,0.0012470459847691018,True,0.06728791700152215,5,True,False,False,100,8,1e-06,5.903189048694912e-10,0.0,"[-75.01892785010313, -75.01861053572745, -75.0186207743748, -75.01862075877781, -75.01862075906236, -75.01862075924315, -75.01860775084998, -75.01860775025966]","[0.007872624999436084, 0.00723741600086214, 0.006593999998585787, 0.006923708999238443, 0.011465957999462262, 0.00718145800055936, 0.005932875006692484, 0.010635457998432685]",,False,block2_su2,H2O_eqm
raw_qubit,1,-74.96466253913059,0.05519225711384479,False,0.24963237500196556,1,True,False,False,100,7,1e-06,0.0,0.0,"[-75.0189278501031, -74.96466253913059, -74.96466253913059, -74.96466253913059, -74.96466253913059, -74.96466253913059, -74.96466253913059]","[0.032410917003289796, 0.04126954199455213, 0.029275083004904445, 0.03479854100442026, 0.03216500000417, 0.03703608400246594, 0.02535854199959431]",,False,block2_pauli,H2O_eqm
raw_qubit,2,-74.98147441071447,0.038380385529961814,False,0.25820529100019485,2,True,False,False,100,7,1e-06,0.0,0.0,"[-75.0189278501031, -74.98147441071445, -74.98147441071448, -74.98147441071447, -74.98147441071447, -74.98147441071447, -74.98147441071447]","[0.04147570799977984, 0.03451474999747006, 0.032879500002309214, 0.030158958994434215, 0.040236207998532336, 0.032947625004453585, 0.03154129200265743]",,False,block2_pauli,H2O_eqm
raw_qubit,3,-74.98657448936078,0.03328030688365402,False,0.26154958300321596,3,True,False,False,100,7,1e-06,1.4210854715202004e-14,0.0,"[-75.0189278501031, -74.98657448936063, -74.98657448936069, -74.98657448936075, -74.98657448936075, -74.98657448936076, -74.98657448936078]","[0.0417661660030717, 0.034217166001326405, 0.03725041600409895, 0.03321025000332156, 0.027656458994897548, 0.03754829199897358, 0.030990083003416657]",,False,block2_pauli,H2O_eqm
raw_qubit,4,-74.99661694744404,0.023237848800391703,False,0.28334895899752155,4,True,False,False,100,7,1e-06,1.6132162272697315e-10,0.0,"[-75.0189278501031, -74.99633725133563, -74.99834376649898, -74.99706254858114, -74.99661694529581, -74.99661694728272, -74.99661694744404]","[0.045669582999835256, 0.038737959002901334, 0.03357749999850057, 0.044414291995053645, 0.030412749998504296, 0.03828633299417561, 0.03839804099698085]",,False,block2_pauli,H2O_eqm
raw_qubit,5,-75.01147491763764,0.008379878606788793,False,0.29996420799579937,5,True,False,False,100,7,1e-06,2.3034374407870928e-10,0.0,"[-75.0189278501031, -75.0114731936594, -75.0114741831462, -75.0114951855642, -75.01149518737198, -75.01147491786799, -75.01147491763764]","[0.047979832997953054, 0.04032941599871265, 0.04070941700047115, 0.03324795800290303, 0.0410794579947833, 0.04186295800172957, 0.03614295899751596]",,False,block2_pauli,H2O_eqm
raw_qubit,6,-75.01375236538098,0.006102430863450081,False,0.317499750002753,6,True,False,False,100,7,1e-06,1.3216094885137863e-12,0.0,"[-75.0189278501031, -75.0143242457166, -75.01375217914249, -75.0137523643285, -75.01375236444056, -75.01375236537966, -75.01375236538098]","[0.05231483299576212, 0.04196100000262959, 0.042923291999613866, 0.044255833003262524, 0.04243154100549873, 0.03864199999952689, 0.04092187499918509]",,False,block2_pauli,H2O_eqm
raw_qubit,7,-75.01746305378214,0.002391742462293678,False,0.2752660000041942,7,True,False,False,100,7,1e-06,2.800959464366315e-11,0.0,"[-75.0189278501031, -75.01746223868936, -75.01746401535112, -75.01746311963937, -75.01746311587014, -75.01746305381015, -75.01746305378214]","[0.053776334003487136, 0.035154334000253584, 0.03497454099851893, 0.03421508300380083, 0.03332304200012004, 0.03408549999585375, 0.03620466700522229]",,False,block2_pauli,H2O_eqm
raw_qubit,8,-75.01766117682868,0.0021936194157490263,False,0.23483691699948395,8,True,False,False,100,7,1e-06,1.5205614545266144e-12,0.0,"[-75.0189278501031, -75.0178545375998, -75.01765848342046, -75.01766117578327, -75.0176611761128, -75.01766117682716, -75.01766117682868]","[0.033950041004572995, 0.032381334000092465, 0.03005674999440089, 0.03196333300002152, 0.03264070900331717, 0.03170949999912409, 0.028914208996866364]",,False,block2_pauli,H2O_eqm
raw_qubit,9,-75.01824246763714,0.001612328607293989,False,0.27162500000122236,9,True,False,False,100,7,1e-06,2.7000623958883807e-12,0.0,"[-75.0189278501031, -75.01837816358949, -75.01824058599387, -75.01824246967553, -75.01824246995295, -75.01824246763444, -75.01824246763714]","[0.038553332997253165, 0.034780542002408765, 0.03307874999882188, 0.03622433299460681, 0.04128737499559065, 0.038224500000069384, 0.03654870900209062]",,False,block2_pauli,H2O_eqm
raw_qubit,10,-75.01868779892663,0.0011669973177959037,True,0.27367579199926695,10,True,False,False,100,7,1e-06,8.526512829121202e-13,0.0,"[-75.0189278501031, -75.01868970076414, -75.01868715163019, -75.01868779890879, -75.01868779888491, -75.01868779892578, -75.01868779892663]","[0.039277250005397946, 0.03664075000415323, 0.03511691700259689, 0.03499979200569214, 0.03399595800146926, 0.03441229199961526, 0.04565391600044677]",,False,block2_pauli,H2O_eqm
seniority_Nover2,1,-74.96591491079836,0.05393988544606998,False,0.2424297910038149,1,True,False,False,100,7,1e-06,0.0,0.0,"[-75.0189278501031, -74.96591491079836, -74.96591491079836, -74.96591491079836, -74.96591491079836, -74.96591491079836, -74.96591491079836]","[0.03836479100573342, 0.03157758299494162, 0.027660707994073164, 0.0276844580002944, 0.027111000003060326, 0.0383932500044466, 0.03408541699900525]",Seniority N/2,False,block2_pauli,H2O_eqm
seniority_Nover2,2,-74.99213449939332,0.027720296851114767,False,0.22985495800094213,2,True,False,False,100,7,1e-06,6.562572707480285e-11,0.0,"[-75.0189278501031, -74.99206639930448, -74.99206639252733, -74.99212296276623, -74.99212296283093, -74.99213449932769, -74.99213449939332]","[0.03528350000124192, 0.0269380000027013, 0.02911649999441579, 0.03443741599767236, 0.02472762500110548, 0.029093791999912355, 0.03594433400576236]",Seniority N/2,False,block2_pauli,H2O_eqm
seniority_Nover2,3,-75.00846019693023,0.01139459931420106,False,0.23407583399966825,3,True,False,False,100,7,1e-06,5.102975819681888e-10,0.0,"[-75.0189278501031, -75.00945180577457, -75.00846117907355, -75.00846127010956, -75.00846019710889, -75.00846019744053, -75.00846019693023]","[0.032223374997556675, 0.031225749997247476, 0.031897499997285195, 0.0325637909991201, 0.035226499996497296, 0.028092250002373476, 0.024756416998570785]",Seniority N/2,False,block2_pauli,H2O_eqm
seniority_Nover2,4,-75.0181316457016,0.0017231505428298988,False,0.2248921659993357,4,True,False,False,100,7,1e-06,2.984279490192421e-13,0.0,"[-75.01933672192374, -75.01813157392672, -75.01813173105845, -75.01813167652352, -75.01813167651935, -75.0181316457019, -75.0181316457016]","[0.04523450000124285, 0.028628375002881512, 0.02722570799960522, 0.02879058400139911, 0.027586458003497683, 0.028520625004603062, 0.026428416997077875]",Seniority N/2,False,block2_pauli,H2O_eqm
seniority_Nover2,5,-75.0192704795847,0.0005843166597259142,True,0.2216382499973406,5,True,False,False,100,7,1e-06,4.528897079580929e-08,0.0,"[-75.01966119899616, -75.01926832998721, -75.01927161703188, -75.01927162470474, -75.01927052518406, -75.01927052487368, -75.0192704795847]","[0.036156541005766485, 0.027082707994850352, 0.02680083399900468, 0.02683029099716805, 0.029341625006054528, 0.027737542004615534, 0.035178457997972146]",Seniority N/2,False,block2_pauli,H2O_eqm
HCT_Nover2_Comm,1,-74.97847582786464,0.041378968379788716,False,0.25138895800046157,1,True,False,False,100,7,1e-06,2.729905190790305e-11,0.0,"[-75.0189278501031, -74.97846894697301, -74.97847583891355, -74.97847583890244, -74.97847582790308, -74.97847582789194, -74.97847582786464]","[0.03530262500134995, 0.03461079199769301, 0.03961483299644897, 0.032975707996229175, 0.03191187499760417, 0.031925584000418894, 0.031076707993634045]",HCT N/2 Comm,False,block2_pauli,H2O_eqm
HCT_Nover2_Comm,2,-74.994955624496,0.02489917174843015,False,0.3687041669982136,2,True,False,False,100,10,1e-06,5.5280224842135794e-12,0.0,"[-75.0189278501031, -74.99184435239955, -74.99572149790073, -74.99501200238835, -74.99546711472415, -74.99493205752616, -74.99496963114946, -74.99494048234848, -74.99495562449047, -74.994955624496]","[0.040933832999144215, 0.029386583002633415, 0.03615899999567773, 0.03700004200072726, 0.036243750000721775, 0.041770208001253195, 0.035085166004137136, 0.035864707999280654, 0.02789683399896603, 0.032581042003585026]",HCT N/2 Comm,False,block2_pauli,H2O_eqm
HCT_Nover2_Comm,3,-75.00691944568194,0.012935350562486292,False,0.23481841700413497,3,True,False,False,100,7,1e-06,8.770522867962427e-07,0.0,"[-75.0189278501031, -75.00696924313299, -75.0069787027608, -75.00694433238144, -75.00692474325884, -75.00692032273423, -75.00691944568194]","[0.035177416997612454, 0.03100595800060546, 0.030307207998703234, 0.030904582999937702, 0.029734625000855885, 0.030570166003599297, 0.028283166997425724]",HCT N/2 Comm,False,block2_pauli,H2O_eqm
HCT_Nover2_Comm,4,-75.01400707024892,0.005847725995508313,False,0.22011879199999385,4,True,False,False,100,7,1e-06,1.1252154763496947e-10,0.0,"[-75.01892785010311, -75.01379241031981, -75.01370257796313, -75.01400961517673, -75.01400923932546, -75.0140070701364, -75.01400707024892]","[0.031564749995595776, 0.030379582996829413, 0.029390707997663412, 0.029927165996923577, 0.028820333995099645, 0.029962959000840783, 0.02784120899741538]",HCT N/2 Comm,False,block2_pauli,H2O_eqm
HCT_Nover2_Comm,5,-75.01882097690928,0.001033819335148678,True,0.236365749995457,5,True,False,False,100,7,1e-06,5.047283480053011e-09,0.0,"[-75.01892785010311, -75.01882028465205, -75.01881539994515, -75.0188205582063, -75.01882082007644, -75.018820971862, -75.01882097690928]","[0.034555416998045985, 0.03204395800275961, 0.03131345899601001, 0.03124520900018979, 0.03066887499880977, 0.031461207996471785, 0.031798167001397815]",HCT N/2 Comm,False,block2_pauli,H2O_eqm
HCT_N_Comm,1,-74.97970553451984,0.040149261724593543,False,0.26050533300440293,1,True,False,False,100,7,1e-06,2.5595663544208946e-07,0.0,"[-75.01894122523092, -74.97960330513072, -74.97970283173322, -74.97970283173322, -74.9797052785632, -74.9797052785632, -74.97970553451984]","[0.036904749998939224, 0.03938199999538483, 0.03742291700473288, 0.03161295799509389, 0.035768334004387725, 0.03133045799768297, 0.03261291600210825]",HCT N Comm,False,block2_pauli,H2O_eqm
HCT_N_Comm,2,-75.00164482336086,0.01820997288356807,False,0.475476792002155,2,True,False,False,100,14,1e-06,4.1679118112369906e-07,0.0,"[-75.01916983153325, -75.0021142962626, -75.00208531726489, -75.00178637126913, -75.0018100199844, -75.00166595564001, -75.00163931191345, -75.00165697054659, -75.00164395089416, -75.0016488039007, -75.00164436533623, -75.00164577356685, -75.00164440656968, -75.00164482336086]","[0.04387712500465568, 0.0366210000065621, 0.036644499996327795, 0.03729258399835089, 0.03349358300329186, 0.03486558300210163, 0.034573000004456844, 0.038214667001739144, 0.026700000002165325, 0.027796832997410093, 0.027056667000579182, 0.027165874998900108, 0.02617758300038986, 0.027469000000564847]",HCT N Comm,False,block2_pauli,H2O_eqm
HCT_N_Comm,3,-75.011296810868,0.008557985376427268,False,0.23469604199635796,3,True,False,False,100,8,1e-06,9.433946814851879e-07,0.0,"[-75.01924987066644, -75.00840236605237, -75.01127685114014, -75.01130134327002, -75.01129635179731, -75.01129975839658, -75.01129586747332, -75.011296810868]","[0.03135037500032922, 0.027937624996411614, 0.026591292000375688, 0.027972083000349812, 0.02681254199706018, 0.02692741599457804, 0.02697049999551382, 0.02686037500097882]",HCT N Comm,False,block2_pauli,H2O_eqm
HCT_N_Comm,4,-75.01835675323406,0.00149804301037193,True,0.2191289170004893,4,True,False,False,100,7,1e-06,6.88255397562898e-07,0.0,"[-75.01950782831646, -75.01831652024538, -75.01835827162523, -75.01835827162469, -75.01835744145849, -75.01835744148946, -75.01835675323406]","[0.03174595800373936, 0.032198291999520734, 0.02906066699506482, 0.029118917002051603, 0.028436583997972775, 0.02904162499908125, 0.027294249994156417]",HCT N Comm,False,block2_pauli,H2O_eqm
Pauli_BLISS+HCT_N_Comm,1,-74.97971748006823,0.04013731617619953,False,0.24919779100309825,1,True,False,False,100,7,1e-06,2.681848911834095e-07,0.0,"[-75.01894122523092, -74.9796112103312, -74.97971490117419, -74.97971490117419, -74.97971721180633, -74.97971721188334, -74.97971748006823]","[0.030048167005588766, 0.03529762499965727, 0.034305749999475665, 0.03879804099415196, 0.03772049999679439, 0.0289795420030714, 0.03198500000144122]",Pauli BLISS+HCT N Comm,False,block2_pauli,H2O_eqm
Pauli_BLISS+HCT_N_Comm,2,-75.00165363764064,0.01820115860378735,False,0.40690387500217184,2,True,False,False,100,12,1e-06,8.800956692311956e-07,0.0,"[-75.01923775059677, -75.0021241880204, -75.00209157157184, -75.00176611286318, -75.00178935253304, -75.00167670324205, -75.00165310799241, -75.00166498409874, -75.00165347533755, -75.00165660079855, -75.00165275754497, -75.00165363764064]","[0.033147207999718376, 0.03209008299745619, 0.032748042001912836, 0.03745283299940638, 0.026662124997528736, 0.03792124999745283, 0.03863575000286801, 0.032239125001069624, 0.03740262499923119, 0.02726362500106916, 0.025010582998220343, 0.026808834001712967]",Pauli BLISS+HCT N Comm,False,block2_pauli,H2O_eqm
Pauli_BLISS+HCT_N_Comm,3,-75.01129394002001,0.008560856224420377,False,0.2934523750009248,3,True,False,False,100,9,1e-06,5.934280835617756e-07,0.0,"[-75.01931732916168, -75.008387995562, -75.01125386469131, -75.01128830912084, -75.01129107447048, -75.01129579624042, -75.01129342663764, -75.0112945334481, -75.01129394002001]","[0.037102916998264845, 0.030299375001050066, 0.03288237500237301, 0.03049112499866169, 0.028222167005878873, 0.028946582999196835, 0.027211000000534113, 0.034020874998532236, 0.02739491700049257]",Pauli BLISS+HCT N Comm,False,block2_pauli,H2O_eqm
Pauli_BLISS+HCT_N_Comm,4,-75.01835112629388,0.0015036699505515116,True,0.2171545419987524,4,True,False,False,100,7,1e-06,7.500705407892383e-07,0.0,"[-75.01956510834552, -75.01830518998878, -75.0183513681264, -75.01835128541671, -75.01835190017071, -75.01835187636442, -75.01835112629388]","[0.032622874998196494, 0.028608832995814737, 0.027872749997186475, 0.027626832998066675, 0.028145541000412777, 0.032468167002662085, 0.02643387500575045]",Pauli BLISS+HCT N Comm,False,block2_pauli,H2O_eqm
BS_Nover2_Comm,1,-74.96833980874418,0.05151498750025496,False,0.23613058400223963,1,True,False,False,100,7,1e-06,2.842170943040401e-14,0.0,"[-75.0189278501031, -74.9683066196677, -74.96833979438793, -74.96833980867737, -74.9683398086909, -74.96833980874415, -74.96833980874418]","[0.031803249999939, 0.03786854200006928, 0.03257816599943908, 0.028433917002985254, 0.03556883399869548, 0.0319272910055588, 0.024850875000993256]",BS N/2 Comm,False,block2_pauli,H2O_eqm
BS_Nover2_Comm,2,-74.98480937777889,0.03504541846554332,False,0.37456808300339617,2,True,False,False,100,11,1e-06,2.844022901626886e-07,0.0,"[-75.01892785010311, -74.9826003704303, -74.98283095699881, -74.98333430907981, -74.98337372275599, -74.98471744872369, -74.98478379113809, -74.98479088028316, -74.9847946995541, -74.9848090933766, -74.98480937777889]","[0.040927166999608744, 0.029757416996289976, 0.030352207999385428, 0.033192915994732175, 0.037878125003771856, 0.027719958998204675, 0.029634667000209447, 0.031482874997891486, 0.0320748750018538, 0.0351199579963577, 0.033234041002287995]",BS N/2 Comm,False,block2_pauli,H2O_eqm
BS_Nover2_Comm,3,-75.00120230277673,0.01865249346769815,False,0.3728973750039586,3,True,False,False,100,14,1e-06,7.348909605298104e-07,0.0,"[-75.01892785010311, -74.9996468987117, -75.00106534590806, -75.00084501860806, -75.00122851231666, -75.00114536428828, -75.00121935608995, -75.00119095086178, -75.0012080893247, -75.00119960373323, -75.00120421018876, -75.00120171650022, -75.0012030376677, -75.00120230277673]","[0.030668291998154018, 0.028175249994092155, 0.02711108299990883, 0.027655707999656443, 0.027043957998102996, 0.027988624999125022, 0.024192374999984168, 0.02359933299885597, 0.023796708999725524, 0.025258083005610388, 0.02387737500248477, 0.023684250001679175, 0.023394749994622543, 0.023557666994747706]",BS N/2 Comm,False,block2_pauli,H2O_eqm
BS_Nover2_Comm,4,-75.01745208558532,0.0024027106591120173,False,0.24012958299863385,4,True,False,False,100,8,1e-06,4.263256414560601e-14,0.0,"[-75.01892785010311, -75.01780174826857, -75.01766244204649, -75.01766244207974, -75.01756038516166, -75.01756038516183, -75.01745208558528, -75.01745208558532]","[0.028914208996866364, 0.032000874998630024, 0.02934724999795435, 0.02890845900401473, 0.02813616700586863, 0.028877249998913612, 0.025721833000716288, 0.025531291001243517]",BS N/2 Comm,False,block2_pauli,H2O_eqm
BS_Nover2_Comm,5,-75.01869923311271,0.0011555631317179405,True,0.21025070800533285,5,True,False,False,100,7,1e-06,1.9685586494233576e-09,0.0,"[-75.0189717084006, -75.01864096856582, -75.01869874611164, -75.01869874608369, -75.01869923117098, -75.01869923114415, -75.01869923311271]","[0.030529499999829568, 0.029191874993557576, 0.02810045800288208, 0.02800533400295535, 0.027707416003977414, 0.028088499995647, 0.02674345799459843]",BS N/2 Comm,False,block2_pauli,H2O_eqm
BS_N_Comm,1,-74.98178835502257,0.03806644122185787,False,0.25725687500380445,1,True,False,False,100,7,1e-06,2.6956001875078073e-09,0.0,"[-75.01893132790647, -74.98168442674353, -74.9817790432814, -74.98178799071219, -74.98178804239849, -74.98178835771817, -74.98178835502257]","[0.03249066600255901, 0.03135704199667089, 0.03679933300008997, 0.041083791002165526, 0.03382537500147009, 0.034216375002870336, 0.033105583002907224]",BS N Comm,False,block2_pauli,H2O_eqm
BS_N_Comm,2,-75.0027661877686,0.017088608475830824,False,0.32074937500146916,2,True,False,False,100,8,1e-06,1.1368683772161603e-13,0.0,"[-75.01925859553603, -75.00218726187052, -75.00287330200388, -75.00287330200376, -75.0028054510719, -75.00280545107165, -75.00276618776871, -75.0027661877686]","[0.03681625000172062, 0.04010849999758648, 0.041578415999538265, 0.033751457995094825, 0.036506207994534634, 0.04076554200582905, 0.03531812500295928, 0.02917262499977369]",BS N Comm,False,block2_pauli,H2O_eqm
BS_N_Comm,3,-75.01105126380372,0.00880353244070875,False,0.2646777080008178,3,True,False,False,100,8,1e-06,6.680699868866213e-07,0.0,"[-75.01945291942127, -75.01230030137353, -75.01143145488709, -75.01143397683234, -75.01118196802797, -75.01118291132894, -75.01105059573374, -75.01105126380372]","[0.03716887500195298, 0.032267957998556085, 0.03141854199930094, 0.03188266699726228, 0.030850250004732516, 0.029597375003504567, 0.028442292001273017, 0.027611749996140134]",BS N Comm,False,block2_pauli,H2O_eqm
BS_N_Comm,4,-75.01684538232105,0.0030094139233796113,False,0.39956612500100164,4,True,False,False,100,12,1e-06,8.148300878474402e-07,0.0,"[-75.01958559831061, -75.01715093881043, -75.01685006806025, -75.0168378245161, -75.0168433709726, -75.0168347557285, -75.01684216506483, -75.01683822131311, -75.01684409872836, -75.01684231915095, -75.01684619715114, -75.01684538232105]","[0.035389459000725765, 0.03701899999578018, 0.03372912499617087, 0.035265792001155205, 0.0327774999968824, 0.03284254100435646, 0.029749166998954024, 0.029768125001282897, 0.02946495799551485, 0.02969383299932815, 0.029118417005520314, 0.03021450000233017]",BS N Comm,False,block2_pauli,H2O_eqm
BS_N_Comm,5,-75.01796291664888,0.0018918795955471523,False,0.25356308299524244,5,True,False,False,100,7,1e-06,9.287503246468987e-07,0.0,"[-75.01978341363849, -75.01809753114003, -75.01797086729877, -75.0179725347429, -75.01796371097589, -75.01796384539921, -75.01796291664888]","[0.04006195799593115, 0.03331795800477266, 0.03330574999563396, 0.03408941599627724, 0.03280329200060805, 0.032686291000572965, 0.032496542000444606]",BS N Comm,False,block2_pauli,H2O_eqm
BS_N_Comm,6,-75.01961434792418,0.000240448320255382,True,0.26514912499987986,6,True,False,False,100,7,1e-06,5.332566388460691e-09,0.0,"[-75.01982719108932, -75.01958372602328, -75.01961445321649, -75.0196144532144, -75.01961435325856, -75.01961435325674, -75.01961434792418]","[0.041019583004526794, 0.03519991700159153, 0.035583542005042545, 0.03514966600050684, 0.03490791599324439, 0.03537008399871411, 0.034428457998728845]",BS N Comm,False,block2_pauli,H2O_eqm
HCT_N_Comm_Fiedler,1,-74.97970923817998,0.0401455580644523,False,0.23869125000055647,1,True,False,False,100,7,1e-06,9.287018372106104e-07,0.0,"[-75.0189373577686, -74.9795161920825, -74.97970950496594, -74.97970106973656, -74.97970920672972, -74.97970830947814, -74.97970923817998]","[0.02760520900483243, 0.02695800000219606, 0.03619166699354537, 0.030471250000118744, 0.038928959002078045, 0.030495667000650428, 0.031153250005445443]",HCT N Comm,True,block2_pauli,H2O_eqm
HCT_N_Comm_Fiedler,2,-75.00395828564099,0.015896510603440106,False,0.23195654199662386,2,True,False,False,100,7,1e-06,6.141206654319831e-09,0.0,"[-75.01914418333311, -75.00392608456241, -75.00392922631792, -75.00395614809355, -75.00395614048988, -75.0039582917822, -75.00395828564099]","[0.03541054200468352, 0.032341833000828046, 0.028405416996974964, 0.040219665999757126, 0.029757457996311132, 0.026272333001543302, 0.027627415998722427]",HCT N Comm,True,block2_pauli,H2O_eqm
HCT_N_Comm_Fiedler,3,-75.01203070836235,0.007824087882084996,False,0.3109926249962882,3,True,False,False,100,10,1e-06,6.810326738104777e-07,0.0,"[-75.01932019948207, -75.01207631074803, -75.01208995440015, -75.01205509907145, -75.0120508295681, -75.0120437163256, -75.01203849220204, -75.01203699609707, -75.01203138939502, -75.01203070836235]","[0.03860941599850776, 0.036696540999400895, 0.027260832997853868, 0.028660040996328462, 0.03243141599523369, 0.031238124996889383, 0.025262208000640385, 0.026198708001174964, 0.025109875001362525, 0.025732791997143067]",HCT N Comm,True,block2_pauli,H2O_eqm
HCT_N_Comm_Fiedler,4,-75.01830168108083,0.0015531151636025697,True,0.21524554200004786,4,True,False,False,100,7,1e-06,1.4132520220755396e-07,0.0,"[-75.01958603664104, -75.0183374124415, -75.01830601135791, -75.01830304527402, -75.01830227621559, -75.01830182240603, -75.01830168108083]","[0.030967958002293017, 0.027839333000883926, 0.0407650420020218, 0.02704145899770083, 0.026652624997950625, 0.026418667002872098, 0.02459354099846678]",HCT N Comm,True,block2_pauli,H2O_eqm
BS_N_Comm_Fiedler,1,-74.98394639460021,0.035908401644221044,False,0.2913503750023665,1,True,False,False,100,7,1e-06,7.121005296539806e-08,0.0,"[-75.01893060584226, -74.983948638718, -74.98394553843792, -74.98394779764878, -74.98394652496492, -74.98394646581026, -74.98394639460021]","[0.042492000000493135, 0.03899775000172667, 0.03484549999848241, 0.03891066699725343, 0.03623024999978952, 0.03831783299392555, 0.03145987499738112]",BS N Comm,True,block2_pauli,H2O_eqm
BS_N_Comm_Fiedler,2,-75.00339395297206,0.01646084327236963,False,0.34658487499837065,2,True,False,False,100,10,1e-06,8.814753016395116e-07,0.0,"[-75.01910949195121, -75.00275478180944, -75.00337563976333, -75.00336294784162, -75.00339864559436, -75.00339052881542, -75.00339653778553, -75.00339375905074, -75.00339483444736, -75.00339395297206]","[0.039577125004143454, 0.0407638329998008, 0.03427016699424712, 0.03691537499980768, 0.030212375000701286, 0.03182712499983609, 0.02888504200382158, 0.029092874996422324, 0.028765291994204745, 0.028900291996251326]",BS N Comm,True,block2_pauli,H2O_eqm
BS_N_Comm_Fiedler,3,-75.01358922176385,0.006265574480579517,False,0.27085895799973514,3,True,False,False,100,8,1e-06,4.8107381189765874e-08,0.0,"[-75.01914117506887, -75.01377850681277, -75.01357571314318, -75.01361567281741, -75.0135900336972, -75.01359058010146, -75.01358917365647, -75.01358922176385]","[0.0363874999966356, 0.030037584001547657, 0.029084082998451777, 0.028739124994899612, 0.02880083300260594, 0.041930833001970313, 0.03134983299969463, 0.029437582998070866]",BS N Comm,True,block2_pauli,H2O_eqm
BS_N_Comm_Fiedler,4,-75.01801687411756,0.0018379221268673973,False,0.3031554160043015,4,True,False,False,100,7,1e-06,3.967514317082532e-08,0.0,"[-75.0197175583717, -75.01799641472086, -75.0180175358791, -75.01801763954785, -75.0180169835944, -75.0180169137927, -75.01801687411756]","[0.03941695799585432, 0.03534958299860591, 0.050797249998140614, 0.04965824999817414, 0.046823625001707114, 0.03619674999936251, 0.030524417001288384]",BS N Comm,True,block2_pauli,H2O_eqm
BS_N_Comm_Fiedler,5,-75.01911953197308,0.0007352642713556179,True,0.26232245799474185,5,True,False,False,100,7,1e-06,1.2502962931648653e-07,0.0,"[-75.01973888119701, -75.01910081225225, -75.01912028415802, -75.01912028558232, -75.0191196594916, -75.0191196570027, -75.01911953197308]","[0.03720279199478682, 0.03649833399686031, 0.036595375000615604, 0.03277883400005521, 0.03935737500432879, 0.03392587500275113, 0.03223579099721974]",BS N Comm,True,block2_pauli,H2O_eqm
raw_fermionic_su2,1,-1.6476408473685211,0.2501397986213443,False,0.020096665997698437,1,True,False,False,100,7,1e-06,0.0,0.0,"[-1.8546369784847347, -1.6476408473685211, -1.6476408473685211, -1.6476408473685211, -1.6476408473685211, -1.6476408473685211, -1.6476408473685211]","[0.0029852079969714396, 0.002556833998824004, 0.0028486660012276843, 0.002372833994741086, 0.0026209170027868822, 0.003307541999674868, 0.00211200000194367]",,False,block2_su2,H4chain_corr
raw_fermionic_su2,2,-1.6830337727083786,0.21474687328148678,False,0.02906829200219363,2,True,False,False,100,7,1e-06,9.769962616701378e-15,0.0,"[-1.8546369784847347, -1.6607277281441473, -1.6830337727083742, -1.6830337727083733, -1.6830337727083742, -1.6830337727083688, -1.6830337727083786]","[0.003633917003753595, 0.0025275000007241033, 0.002463416996761225, 0.002437791998090688, 0.007061791002342943, 0.002721332995861303, 0.0022132089943625033]",,False,block2_su2,H4chain_corr
raw_fermionic_su2,3,-1.8977806459895907,2.7466917629226373e-13,True,0.021966249994875398,3,True,False,False,100,7,1e-06,6.039613253960852e-14,0.0,"[-1.897780645910058, -1.8977806459895352, -1.8977806459895885, -1.89778064598953, -1.8977806459895872, -1.8977806459895303, -1.8977806459895907]","[0.0026953339984174818, 0.0035348340024938807, 0.0026030419976450503, 0.002883916000428144, 0.0032201249996433035, 0.002613582997582853, 0.002348875001189299]",,False,block2_su2,H4chain_corr
raw_qubit,1,-1.575616476701863,0.3221641692880024,False,0.08274008300213609,1,True,False,False,100,7,1e-06,0.0,0.0,"[-1.8546369784847307, -1.575616476701863, -1.575616476701863, -1.575616476701863, -1.575616476701863, -1.575616476701863, -1.575616476701863]","[0.011205834001884796, 0.01272074999724282, 0.010142125000129454, 0.01102941700082738, 0.010226500002318062, 0.010366167000029236, 0.009821833002206404]",,False,block2_pauli,H4chain_corr
raw_qubit,2,-1.6476408473685153,0.25013979862135005,False,0.09505854199960595,2,True,False,False,100,7,1e-06,0.0,0.0,"[-1.8546369784847307, -1.6523363188699909, -1.6476408473685153, -1.6476408473685153, -1.6476408473685153, -1.6476408473685153, -1.6476408473685153]","[0.011623416998190805, 0.010070999996969476, 0.010171084002649877, 0.010533000000577886, 0.024510374998499174, 0.010165791994950268, 0.013575375000073109]",,False,block2_pauli,H4chain_corr
raw_qubit,3,-1.8400816452320887,0.057699000757776675,False,0.08554204200481763,3,True,False,False,100,7,1e-06,0.0,0.0,"[-1.8546369784847307, -1.8400816452320883, -1.8400816452320885, -1.8400816452320883, -1.8400816452320883, -1.8400816452320887, -1.8400816452320887]","[0.011344582999299746, 0.015995500005374197, 0.010160334000829607, 0.011223832996620331, 0.010688292000850197, 0.01286883300053887, 0.009298208002292085]",,False,block2_pauli,H4chain_corr
raw_qubit,4,-1.7670329998017853,0.1307476461880801,False,0.08855445899826009,4,True,False,False,100,7,1e-06,5.1736392947532295e-14,0.0,"[-1.8546369784847307, -1.7760368965242321, -1.7670329998023395, -1.7670329998018364, -1.7670329998017846, -1.767032999801837, -1.7670329998017853]","[0.010615999999572523, 0.014441540995903779, 0.009583666003891267, 0.010773125002742745, 0.011457166998297907, 0.015157624999119435, 0.009111666993703693]",,False,block2_pauli,H4chain_corr
raw_qubit,5,-1.8400816452256317,0.05769900076423373,False,0.10131712499423884,5,True,False,False,100,7,1e-06,0.0,0.0,"[-1.8546369784847307, -1.84008164522563, -1.84008164522563, -1.8400816452256308, -1.8400816452256308, -1.8400816452256317, -1.8400816452256317]","[0.01190541699907044, 0.011260291998041794, 0.017358165998302866, 0.015206124997348525, 0.012477999996917788, 0.015393500005302485, 0.008916874998249114]",,False,block2_pauli,H4chain_corr
raw_qubit,6,-1.8519308074040903,0.04584983858577507,False,0.11869587500405032,6,True,False,False,100,8,1e-06,3.656253078077043e-11,0.0,"[-1.8546369784847307, -1.8499505014941162, -1.8499505014893063, -1.8512924599719411, -1.8562901554882307, -1.8511357053178137, -1.8519308073675278, -1.8519308074040903]","[0.011585416999878362, 0.01547362499695737, 0.015607624998665415, 0.011719583002559375, 0.01756870800454635, 0.015013707998150494, 0.015026292006950825, 0.012769125001796056]",,False,block2_pauli,H4chain_corr
raw_qubit,7,-1.8400816452333641,0.05769900075650125,False,0.09672000000136904,7,True,False,False,100,7,1e-06,0.0,0.0,"[-1.8615834509723643, -1.8615834508336935, -1.8400816452333646, -1.8400816452333637, -1.8400816452333641, -1.8400816452333641, -1.8400816452333641]","[0.01683291600056691, 0.015525167000305373, 0.010987041998305358, 0.010449540997797158, 0.01610029199946439, 0.009378000002470799, 0.01356429199950071]",,False,block2_pauli,H4chain_corr
raw_qubit,8,-1.8400816452333648,0.057699000756500585,False,0.09118887500517303,8,True,False,False,100,7,1e-06,0.0,0.0,"[-1.8615834509723643, -1.861591289400798, -1.8400816452333635, -1.8400816452333635, -1.840081645233364, -1.8400816452333648, -1.8400816452333648]","[0.017257749997952487, 0.01259016600670293, 0.0106327079993207, 0.015206208001472987, 0.013724666001508012, 0.00921116700192215, 0.008753249996516388]",,False,block2_pauli,H4chain_corr
raw_qubit,9,-1.8977806459597706,3.009481552851412e-11,True,0.10682387500128243,9,True,False,False,100,7,1e-06,3.1037394876420876e-12,0.0,"[-1.8615834509723643, -1.8615912894151447, -1.8977806459561168, -1.8977806458534743, -1.8977806459621474, -1.8977806459628743, -1.8977806459597706]","[0.018383832997642457, 0.016791833004390355, 0.013567042005888652, 0.017044457999872975, 0.01255166600458324, 0.011676124995574355, 0.01300933300080942]",,False,block2_pauli,H4chain_corr
seniority_Nover2,1,-1.6476408473685153,0.25013979862135005,False,0.08259758300118847,1,True,False,False,100,7,1e-06,0.0,0.0,"[-1.8546369784847303, -1.6476408473685153, -1.6476408473685153, -1.6476408473685153, -1.6476408473685153, -1.6476408473685153, -1.6476408473685153]","[0.009983959003875498, 0.008623041998362169, 0.01405075000366196, 0.009777125000255182, 0.013724625001486856, 0.00962245800474193, 0.013364167003601324]",Seniority N/2,False,block2_pauli,H4chain_corr
seniority_Nover2,2,-1.7414356083241558,0.15634503766570962,False,0.0889603329997044,2,True,False,False,100,7,1e-06,1.1102230246251565e-15,0.0,"[-1.895705751971915, -1.723743568607154, -1.7373222512625826, -1.7407967534657403, -1.74079675346574, -1.7414356083241547, -1.7414356083241558]","[0.01486237499921117, 0.009612084002583288, 0.009780667001905385, 0.013513833000615705, 0.01373283300199546, 0.014656334002211224, 0.009274625001125969]",Seniority N/2,False,block2_pauli,H4chain_corr
seniority_Nover2,3,-1.8400816451821718,0.057699000807693634,False,0.078688791996683,3,True,False,False,100,7,1e-06,3.4154901129568316e-10,0.0,"[-1.8963802826490825, -1.8476436985352649, -1.8476436984214863, -1.8400810632465578, -1.8400816241313875, -1.8400816448406228, -1.8400816451821718]","[0.009811666001041885, 0.009992041996156331, 0.013704541997867636, 0.012670167001488153, 0.010142333994735964, 0.010482042001967784, 0.008298082997498568]",Seniority N/2,False,block2_pauli,H4chain_corr
seniority_Nover2,4,-1.8977806456801245,3.097408995955675e-10,True,0.09659991599619389,4,True,False,False,100,7,1e-06,1.8595391892972657e-10,0.0,"[-1.8977806459815567, -1.897780645870927, -1.8977806456805593, -1.8977806458660824, -1.8977806456801236, -1.8977806458660784, -1.8977806456801245]","[0.016811374996905215, 0.010640250002325047, 0.017545125003380235, 0.012608333003299776, 0.010484667000127956, 0.010614250000799075, 0.014129375005722977]",Seniority N/2,False,block2_pauli,H4chain_corr
HCT_Nover2_Comm,1,-1.8400816438881087,0.05769900210175671,False,0.07803216699539917,1,True,False,False,100,7,1e-06,1.2310166441764636e-08,0.0,"[-1.894959368057286, -1.8398643783345547, -1.8400627934536846, -1.8400799225374769, -1.840081496894176, -1.8400816315779422, -1.8400816438881087]","[0.009968124999431893, 0.012972457996511366, 0.01327366699842969, 0.010851166996872053, 0.010042916001111735, 0.009678667003754526, 0.007872624999436084]",HCT N/2 Comm,False,block2_pauli,H4chain_corr
HCT_Nover2_Comm,2,-1.8958114921690794,0.001969153820785996,False,0.09146154100017156,2,True,False,False,100,8,1e-06,2.1825874441105952e-10,0.0,"[-1.8977806459483642, -1.8954832915923467, -1.895788483279632, -1.8957884834660055, -1.8958086858930634, -1.8958086860350971, -1.8958114919508207, -1.8958114921690794]","[0.011871416994836181, 0.010136625001905486, 0.009527916001388803, 0.010200583004916552, 0.014720916995429434, 0.009507832997769583, 0.013394290996075142, 0.008710583999345545]",HCT N/2 Comm,False,block2_pauli,H4chain_corr
HCT_Nover2_Comm,3,-1.896408545519649,0.0013721004702162976,True,0.09188941700267605,3,True,False,False,100,7,1e-06,2.2929835807872223e-10,0.0,"[-1.8977806459483642, -1.8970858867458633, -1.8962850102239077, -1.896408484621157, -1.8964084843797964, -1.8964085457489475, -1.896408545519649]","[0.013802499997837003, 0.009310708002885804, 0.016865459001564886, 0.01198008299979847, 0.008898749998479616, 0.014707916998304427, 0.012452082999516279]",HCT N/2 Comm,False,block2_pauli,H4chain_corr
HCT_N_Comm,1,-1.840081645053524,0.057699000936341394,False,0.08884491700155195,1,True,False,False,100,7,1e-06,0.0,0.0,"[-1.891303772081776, -1.8683551675099332, -1.8400816341924473, -1.84008164482415, -1.840081645055581, -1.840081645053524, -1.840081645053524]","[0.014428375005081762, 0.015118833995074965, 0.00962291600444587, 0.009648916995502077, 0.01424895799573278, 0.009936166999978013, 0.012547915997856762]",HCT N Comm,False,block2_pauli,H4chain_corr
HCT_N_Comm,2,-1.8942788524453995,0.003501793544465892,False,0.09161216700158548,2,True,False,False,100,8,1e-06,2.6654900509015533e-11,0.0,"[-1.8977806459562558, -1.8956508554017664, -1.8943637120427104, -1.8943637120462782, -1.8942766728399651, -1.894276672866956, -1.8942788524187446, -1.8942788524453995]","[0.010195875001954846, 0.010632792000251357, 0.010423874999105465, 0.014959250001993496, 0.009426584001630545, 0.012372582998068538, 0.008144542000081856, 0.011989208003797103]",HCT N Comm,False,block2_pauli,H4chain_corr
HCT_N_Comm,3,-1.89686008190807,0.0009205640817953054,True,0.0893741659965599,3,True,False,False,100,7,1e-06,1.4651765356532565e-08,0.0,"[-1.8977806459562558, -1.896840579437749, -1.8968597760098125, -1.896859776051509, -1.8968600672134601, -1.8968600672563047, -1.89686008190807]","[0.01784149999730289, 0.015569750001304783, 0.010381791995314416, 0.009762290996150114, 0.008967374997155275, 0.01451779199851444, 0.009214874997269362]",HCT N Comm,False,block2_pauli,H4chain_corr
Pauli_BLISS+HCT_N_Comm,1,-1.840081645053524,0.057699000936341394,False,0.08472087499831105,1,True,False,False,100,7,1e-06,0.0,0.0,"[-1.891303772081776, -1.8683551675099332, -1.8400816341924473, -1.84008164482415, -1.840081645055581, -1.840081645053524, -1.840081645053524]","[0.013302833001944236, 0.00883225000143284, 0.018745708002825268, 0.010494458001630846, 0.010011124999437016, 0.010694875003537163, 0.00945187500474276]",Pauli BLISS+HCT N Comm,False,block2_pauli,H4chain_corr
Pauli_BLISS+HCT_N_Comm,2,-1.8942788524453995,0.003501793544465892,False,0.10955558300338453,2,True,False,False,100,8,1e-06,2.6654900509015533e-11,0.0,"[-1.8977806459562558, -1.8956508554017664, -1.8943637120427104, -1.8943637120462782, -1.8942766728399651, -1.894276672866956, -1.8942788524187446, -1.8942788524453995]","[0.012043916998663917, 0.01710516599996481, 0.014133167002000846, 0.010079375002533197, 0.02200687499862397, 0.009331625005870592, 0.012429000002157409, 0.00888775000203168]",Pauli BLISS+HCT N Comm,False,block2_pauli,H4chain_corr
Pauli_BLISS+HCT_N_Comm,3,-1.89686008190807,0.0009205640817953054,True,0.10658212500129594,3,True,False,False,100,7,1e-06,1.4651765356532565e-08,0.0,"[-1.8977806459562558, -1.896840579437749, -1.8968597760098125, -1.896859776051509, -1.8968600672134601, -1.8968600672563047, -1.89686008190807]","[0.009933957997418474, 0.01693958300165832, 0.008784165998804383, 0.01895733399578603, 0.015193958002782892, 0.012866167002357543, 0.009930000000167638]",Pauli BLISS+HCT N Comm,False,block2_pauli,H4chain_corr
BS_Nover2_Comm,1,-1.5549241818677249,0.34285646412214055,False,0.10835550000047078,1,True,False,False,100,10,1e-06,7.482265185210224e-08,0.0,"[-1.8622578489639525, -1.5389922291409759, -1.5537198042714095, -1.554475911779703, -1.5548492493519015, -1.5548595069497515, -1.5549191493811796, -1.5549201609354455, -1.554924107045073, -1.5549241818677249]","[0.01607075000356417, 0.010064750000310596, 0.012359291999018751, 0.008917791994463187, 0.008541250004782341, 0.00886674999492243, 0.00785429200186627, 0.008252499996160623, 0.009748958000272978, 0.014122000000497792]",BS N/2 Comm,False,block2_pauli,H4chain_corr
BS_Nover2_Comm,2,-1.8747130695025145,0.023067576487350916,False,0.08769191700412193,2,True,False,False,100,7,1e-06,1.8671064694331108e-11,0.0,"[-1.8977806459836808, -1.8800479385352373, -1.8800479384740982, -1.873662862302555, -1.8736628623090632, -1.8747130695211855, -1.8747130695025145]","[0.010228457998891827, 0.016063417002442293, 0.010032791004050523, 0.01535183400119422, 0.013058792006631847, 0.010044457994808909, 0.00947558299958473]",BS N/2 Comm,False,block2_pauli,H4chain_corr
BS_Nover2_Comm,3,-1.890521261624349,0.00725938436551643,False,0.08875175000139279,3,True,False,False,100,7,1e-06,4.439115741661226e-12,0.0,"[-1.8977806459836808, -1.8787729569145157, -1.8787729568755163, -1.8898094357646424, -1.8898094357927324, -1.8905212616199099, -1.890521261624349]","[0.014967041999625508, 0.010006459000578616, 0.013954750000266358, 0.00963170799514046, 0.016390832999604754, 0.010633541998686269, 0.009684541997557972]",BS N/2 Comm,False,block2_pauli,H4chain_corr
BS_Nover2_Comm,4,-1.8977806459836821,6.183276113347347e-12,True,0.1017919579971931,4,True,False,False,100,7,1e-06,0.0,0.0,"[-1.8977806459836817, -1.8977806459836815, -1.8977806459836812, -1.897780645983681, -1.8977806459836817, -1.8977806459836821, -1.8977806459836821]","[0.015423333999933675, 0.01478520900127478, 0.008888417003618088, 0.017381124998792075, 0.008803292002994567, 0.023675082993577234, 0.009412125000380911]",BS N/2 Comm,False,block2_pauli,H4chain_corr
BS_N_Comm,1,-1.8487080013472,0.049072644642665475,False,0.10871162499825004,1,True,False,False,100,10,1e-06,3.917727933178128e-07,0.0,"[-1.890837412943911, -1.8481702770802566, -1.8487430842593526, -1.8484854458918627, -1.8486528262315236, -1.8486657063415104, -1.8486997441819666, -1.848702229772133, -1.8487076095744066, -1.8487080013472]","[0.009239667000656482, 0.0171027079995838, 0.009983415999158751, 0.010371042000770103, 0.008392457995796576, 0.012864917000115383, 0.009176457999274135, 0.009858999997959472, 0.009120665999944322, 0.009297917000367306]",BS N Comm,False,block2_pauli,H4chain_corr
BS_N_Comm,2,-1.8951234096933658,0.00265723629649961,False,0.08927679099724628,2,True,False,False,100,7,1e-06,2.306872470825283e-10,0.0,"[-1.8977806454801827, -1.894595376619518, -1.8945953766130361, -1.8950566594051528, -1.895056659656963, -1.8951234094626785, -1.8951234096933658]","[0.010377958002209198, 0.010831708001205698, 0.014092791003349703, 0.010990208000293933, 0.015033791998575907, 0.01562841700069839, 0.008921458997065201]",BS N Comm,False,block2_pauli,H4chain_corr
BS_N_Comm,3,-1.8977683003847656,1.2345605099772783e-05,True,0.08583254100085469,3,True,False,False,100,7,1e-06,3.7967582411368994e-09,0.0,"[-1.8977806454801827, -1.8977724174849913, -1.897768500695093, -1.8977685006678429, -1.8977683042349192, -1.8977683041815239, -1.8977683003847656]","[0.00999562499782769, 0.009841499995673075, 0.013783750000584405, 0.009376000001793727, 0.014173166993714403, 0.014991415999247693, 0.010227208003925625]",BS N Comm,False,block2_pauli,H4chain_corr
HCT_N_Comm_Fiedler,1,-1.840081645230347,0.05769900075951839,False,0.0786688750013127,1,True,False,False,100,7,1e-06,2.220446049250313e-16,0.0,"[-1.8842082514622127, -1.8400816452303634, -1.840081645230347, -1.8400816452303472, -1.840081645230347, -1.8400816452303472, -1.840081645230347]","[0.011319542005367111, 0.015811292003490962, 0.00946533299429575, 0.010322166999685578, 0.00928879099956248, 0.009811542004172225, 0.008614541999122594]",HCT N Comm,True,block2_pauli,H4chain_corr
HCT_N_Comm_Fiedler,2,-1.894698875904796,0.0030817700850693797,False,0.07422366600076202,2,True,False,False,100,7,1e-06,3.2942093497467795e-11,0.0,"[-1.897780645980463, -1.8948538886847355, -1.8948538886847364, -1.894710002342987, -1.8947100022825558, -1.8946988759377381, -1.894698875904796]","[0.010240541996608954, 0.010731375004979782, 0.009584500003256835, 0.009909958003845531, 0.008696541997778695, 0.013329417000932153, 0.008121999999275431]",HCT N Comm,True,block2_pauli,H4chain_corr
HCT_N_Comm_Fiedler,3,-1.8971150922486744,0.0006655537411910384,True,0.16099483300058637,3,True,False,False,100,7,1e-06,1.7688961406747694e-11,0.0,"[-1.897780645980463, -1.8969591555432332, -1.8969591555611545, -1.8971270349865264, -1.8971270349214735, -1.8971150922663633, -1.8971150922486744]","[0.022438416002842132, 0.012476916002924554, 0.009214083998813294, 0.05322554199665319, 0.03299041699938243, 0.012378332998196129, 0.014642417001596186]",HCT N Comm,True,block2_pauli,H4chain_corr
BS_N_Comm_Fiedler,1,-1.8498310665623503,0.0479495794275151,False,0.09184329099662136,1,True,False,False,100,7,1e-06,8.881784197001252e-16,0.0,"[-1.879738967302826, -1.8210116658464517, -1.821011665846452, -1.8484690613749728, -1.8484690613749724, -1.8498310665623512, -1.8498310665623503]","[0.013405124998826068, 0.012941499997396022, 0.009477166997385211, 0.01008945800276706, 0.013305542001035064, 0.011106499994639307, 0.01391570800478803]",BS N Comm,True,block2_pauli,H4chain_corr
BS_N_Comm_Fiedler,2,-1.895065944033911,0.0027147019559543573,False,0.07926762499846518,2,True,False,False,100,7,1e-06,4.218847493575595e-15,0.0,"[-1.8977806459467756, -1.8949235378944804, -1.8949235379193936, -1.8951232338707387, -1.8951232338707396, -1.8950659440339153, -1.895065944033911]","[0.013480582994816359, 0.010213250003289431, 0.01008762499986915, 0.010873125000216532, 0.009154459003184456, 0.01307729100517463, 0.009229041999788024]",BS N Comm,True,block2_pauli,H4chain_corr
BS_N_Comm_Fiedler,3,-1.8977806459654434,2.442201996188942e-11,True,0.08970829100144329,3,True,False,False,100,7,1e-06,9.295941794107421e-11,0.0,"[-1.8977806459513795, -1.8977806458726525, -1.897780645983471, -1.8977806458901716, -1.8977806459657953, -1.897780645872484, -1.8977806459654434]","[0.009458874999836553, 0.013699582996196114, 0.020091292004508432, 0.010446332998981234, 0.014108458002738189, 0.009646665996115189, 0.008649167000839952]",BS N Comm,True,block2_pauli,H4chain_corr
raw_fermionic_su2,1,-1.4273888265298889,0.4399025458714889,False,0.021450291002111044,1,True,False,False,100,7,1e-06,0.0,0.0,"[-1.8588887525947484, -1.4273888265298889, -1.4273888265298889, -1.4273888265298889, -1.4273888265298889, -1.4273888265298889, -1.4273888265298889]","[0.0033724579989211634, 0.003058249996684026, 0.002922917003161274, 0.002690207998966798, 0.002903665998019278, 0.002563665999332443, 0.0024277499978779815]",,False,block2_su2,H4chain_diss
raw_fermionic_su2,2,-1.5551477624684293,0.31214360993294843,False,0.023943709005834535,2,True,False,False,100,7,1e-06,2.220446049250313e-15,0.0,"[-1.8588887525947484, -1.5644023167065229, -1.5551477624684324, -1.5551477624684262, -1.5551477624684285, -1.5551477624684271, -1.5551477624684293]","[0.0028476250008679926, 0.0024158750020433217, 0.0022007090010447428, 0.006977417004236486, 0.0034904589992947876, 0.002564124995842576, 0.002173584005504381]",,False,block2_su2,H4chain_diss
raw_fermionic_su2,3,-1.867291372398402,2.9758417952052696e-12,True,0.026624541998899076,3,True,False,False,100,7,1e-06,2.9691804570575187e-12,0.0,"[-1.8672913724006184, -1.8672913724013604, -1.8672913723984068, -1.8672913724013693, -1.8672913723984028, -1.867291372401371, -1.867291372398402]","[0.00612441600242164, 0.003413875005207956, 0.003121458998066373, 0.003277791998698376, 0.0029307500008144416, 0.0029891660014982335, 0.0035242500016465783]",,False,block2_su2,H4chain_diss
raw_qubit,1,-1.8656454887722755,0.0016458836291022294,False,0.08838654099963605,1,True,False,False,100,7,1e-06,0.0,0.0,"[-1.8656454887722156, -1.8656454887722755, -1.8656454887722755, -1.8656454887722755, -1.8656454887722755, -1.8656454887722755, -1.8656454887722755]","[0.011343791004037485, 0.01071800000499934, 0.014527209001244046, 0.009841917002631817, 0.013083416997687891, 0.009455500003241468, 0.014205749997927342]",,False,block2_pauli,H4chain_diss
raw_qubit,2,-1.5551402138435613,0.3121511585578165,False,0.10333050000190269,2,True,False,False,100,7,1e-06,2.220446049250313e-16,0.0,"[-1.8588887525947486, -1.5551402138435615, -1.5551402138435615, -1.5551402138435615, -1.5551402138435615, -1.5551402138435615, -1.5551402138435613]","[0.014955375001591165, 0.015035208001791034, 0.011849166003230494, 0.010976958001265302, 0.01966174999688519, 0.01102954099769704, 0.014060207999136765]",,False,block2_pauli,H4chain_diss
raw_qubit,3,-1.8656454887004155,0.0016458837009623029,False,0.09377904199936893,3,True,False,False,100,7,1e-06,4.440892098500626e-16,0.0,"[-1.8656454886987062, -1.8656454887004155, -1.8656454887004155, -1.865645488700416, -1.865645488700416, -1.865645488700415, -1.8656454887004155]","[0.014456416000030003, 0.01110708399937721, 0.013708750004298054, 0.015213541002594866, 0.009542291998513974, 0.014758167002582923, 0.009925042002578266]",,False,block2_pauli,H4chain_diss
raw_qubit,4,-1.865645488749379,0.001645883651998803,False,0.10779845800425392,4,True,False,False,100,7,1e-06,0.0,0.0,"[-1.8588887525947486, -1.8656454887493792, -1.8656454887493792, -1.865645488749379, -1.865645488749379, -1.865645488749379, -1.865645488749379]","[0.013961084005131852, 0.015072750000399537, 0.011389915998734068, 0.0170429999998305, 0.014133832999505103, 0.010690666997106746, 0.01634649999323301]",,False,block2_pauli,H4chain_diss
raw_qubit,5,-1.8656454887709955,0.0016458836303823166,False,0.11211424999783048,5,True,False,False,100,7,1e-06,0.0,0.0,"[-1.8603763505070792, -1.8656454887709946, -1.8656454887709957, -1.8656454887709957, -1.865645488770995, -1.8656454887709955, -1.8656454887709955]","[0.015096458999323659, 0.018839958000171464, 0.011250041003222577, 0.023158666997915134, 0.011022625003533904, 0.016281709002214484, 0.011564916996576358]",,False,block2_pauli,H4chain_diss
raw_qubit,6,-1.865645488732941,0.001645883668436765,False,0.12722195800597547,6,True,False,False,100,7,1e-06,2.220446049250313e-16,0.0,"[-1.8656390932529008, -1.8656454887334342, -1.865645488732941, -1.865645488732941, -1.8656454887329414, -1.8656454887329412, -1.865645488732941]","[0.01997595799912233, 0.019231042002502363, 0.015589332993840799, 0.016050584003096446, 0.018703792004089337, 0.016412541997851804, 0.01638700000330573]",,False,block2_pauli,H4chain_diss
raw_qubit,7,-1.8656454886290348,0.001645883772342982,False,0.13172741599555593,7,True,False,False,100,7,1e-06,1.4729262254320474e-10,0.0,"[-1.8661649317995908, -1.865645534498372, -1.8656454887114131, -1.8656454887644474, -1.865645488772369, -1.8656454887763274, -1.8656454886290348]","[0.026905125007033348, 0.018319667004107032, 0.01819320800132118, 0.01608020899584517, 0.01336483300110558, 0.01495029099896783, 0.01803029200527817]",,False,block2_pauli,H4chain_diss
raw_qubit,8,-1.8672913722087296,1.9264811967900641e-10,True,0.18341316699661547,8,True,False,False,100,7,1e-06,1.1608203287494234e-10,0.0,"[-1.8661649317995908, -1.8661649318613116, -1.866164935050704, -1.8672913720617585, -1.8672913438082674, -1.8672913723248117, -1.8672913722087296]","[0.02063091600575717, 0.021577749997959472, 0.027842666997457854, 0.030648957996163517, 0.022713917001965456, 0.025934917000995483, 0.02904254200257128]",,False,block2_pauli,H4chain_diss
seniority_Nover2,1,-1.427388826529888,0.4399025458714898,False,0.08627508400240913,1,True,False,False,100,7,1e-06,0.0,0.0,"[-1.858888752594749, -1.427388826529888, -1.427388826529888, -1.427388826529888, -1.427388826529888, -1.427388826529888, -1.427388826529888]","[0.011162709000927862, 0.014377708001120482, 0.015382124998723157, 0.011102875003416557, 0.010556207998888567, 0.010928874995443039, 0.00902091700118035]",Seniority N/2,False,block2_pauli,H4chain_diss
seniority_Nover2,2,-1.865645488763164,0.0016458836382138298,False,0.08848362500430085,2,True,False,False,100,7,1e-06,2.220446049250313e-16,0.0,"[-1.867046749290484, -1.8528425257628511, -1.8528425257650998, -1.7511872263209738, -1.8655960359268429, -1.8656454887631642, -1.865645488763164]","[0.012186541003757156, 0.010643665998941287, 0.014217957999790087, 0.018796666998241562, 0.00965229199937312, 0.010387709000497125, 0.008753708003496286]",Seniority N/2,False,block2_pauli,H4chain_diss
seniority_Nover2,3,-1.8656454887049163,0.0016458836964614587,False,0.1043867920016055,3,True,False,False,100,8,1e-06,1.3226168826818707e-08,0.0,"[-1.8671085641445697, -1.8274879052066924, -1.827487905210953, -1.858699031099254, -1.858699031098693, -1.865643983974503, -1.8656454754787475, -1.8656454887049163]","[0.011856958000862505, 0.01439754200691823, 0.015451416998985223, 0.011411791994760279, 0.01609654200001387, 0.01021145899721887, 0.00887450000300305, 0.0090987080038758]",Seniority N/2,False,block2_pauli,H4chain_diss
seniority_Nover2,4,-1.8672913694434783,2.9578994809043024e-09,True,0.11116587499418529,4,True,False,False,100,7,1e-06,2.19794538125484e-09,0.0,"[-1.8672913647799767, -1.8672913720598694, -1.8672913695290811, -1.867291371644204, -1.867291369443874, -1.8672913716414237, -1.8672913694434783]","[0.017252541998459492, 0.018420500004140195, 0.015203542003291659, 0.01791291699919384, 0.011576333999983035, 0.016404415997385513, 0.010627207993820775]",Seniority N/2,False,block2_pauli,H4chain_diss
HCT_Nover2_Comm,1,-1.8656454134082843,0.0016459589930934992,False,0.09388804199988954,1,True,False,False,100,8,1e-06,6.485826999913513e-07,0.0,"[-1.86140716451192, -1.821886279613783, -1.858883122658992, -1.864932830980439, -1.865574347204309, -1.8656381512383784, -1.8656447648255843, -1.8656454134082843]","[0.011312000002362765, 0.01045712500490481, 0.013466249998600688, 0.011450792000687215, 0.010047750001831446, 0.01361324999743374, 0.00969379199523246, 0.010121667000930756]",HCT N/2 Comm,False,block2_pauli,H4chain_diss
HCT_Nover2_Comm,2,-1.8670750478849265,0.0002163245164512606,True,0.09660250000160886,2,True,False,False,100,8,1e-06,1.5543122344752192e-15,0.0,"[-1.8672913361184698, -1.8668043691249578, -1.8670563911480063, -1.8670563911480045, -1.8670734409034209, -1.86707344090342, -1.867075047884928, -1.8670750478849265]","[0.013920416997279972, 0.011110667001048569, 0.010054292004497256, 0.015178708999883384, 0.009580457997799385, 0.014874957996653393, 0.008853584004100412, 0.009247875001165085]",HCT N/2 Comm,False,block2_pauli,H4chain_diss
HCT_N_Comm,1,-1.8555489999965968,0.011742372404780932,False,0.08233937500335742,1,True,False,False,100,7,1e-06,1.351510015012991e-10,0.0,"[-1.8657179434586504, -1.8555070442526482, -1.8555395184888968, -1.8555489573031871, -1.855549000433838, -1.8555489998614458, -1.8555489999965968]","[0.01131724999868311, 0.010000041998864617, 0.014054292005312163, 0.011654791996988934, 0.010585500000161119, 0.01128041700576432, 0.009955957997590303]",HCT N Comm,False,block2_pauli,H4chain_diss
HCT_N_Comm,2,-1.8668531049779635,0.0004382674234142403,True,0.09514091599703534,2,True,False,False,100,7,1e-06,1.2145839889399213e-11,0.0,"[-1.867291359737452, -1.8668472181451485, -1.8668472180931492, -1.8668471241105973, -1.8668471241221465, -1.8668531049658177, -1.8668531049779635]","[0.013388542000029702, 0.01276187500479864, 0.011496832994453143, 0.012049666998791508, 0.010680625004169997, 0.015086208004504442, 0.015957791001710575]",HCT N Comm,False,block2_pauli,H4chain_diss
Pauli_BLISS+HCT_N_Comm,1,-1.855596460342997,0.011694912058380691,False,0.22361337499751244,1,True,False,False,100,19,1e-06,7.160366870540003e-07,0.0,"[-1.8670551069673613, -1.8653139290198597, -1.865363729513434, -1.8619781080982813, -1.8620422011298703, -1.8585843710696324, -1.8586097695910366, -1.8552518970896683, -1.8552537986305864, -1.8523900543937444, -1.8523982865611353, -1.8514617835237805, -1.8514876362037822, -1.853412254944764, -1.8534344398805107, -1.855253603328567, -1.8552627754064288, -1.8555971763796841, -1.855596460342997]","[0.010366415997850709, 0.009664500001235865, 0.00902937499631662, 0.015212375001283363, 0.009637666997150518, 0.019228208002459724, 0.014961624998250045, 0.01563866600190522, 0.00955404200067278, 0.011120707997179125, 0.009926250000717118, 0.010626374998537358, 0.01384712500293972, 0.010366916998464148, 0.010403083004348446, 0.009645375001127832, 0.010155042000405956, 0.010230374995444436, 0.010009582998463884]",Pauli BLISS+HCT N Comm,False,block2_pauli,H4chain_diss
Pauli_BLISS+HCT_N_Comm,2,-1.867102885876946,0.000188486524431708,True,0.10891187499510124,2,True,False,False,100,8,1e-06,3.051082941851746e-09,0.0,"[-1.86729137234505, -1.8668887115604473, -1.867063222546757, -1.8670632225009607, -1.8671013353807084, -1.867101336841809, -1.8671028828258631, -1.867102885876946]","[0.014973459001339506, 0.015734415996121243, 0.01165933300217148, 0.015213250000670087, 0.013836709003953729, 0.010246625002764631, 0.013326457999937702, 0.009635540998715442]",Pauli BLISS+HCT N Comm,False,block2_pauli,H4chain_diss
BS_Nover2_Comm,1,-1.5556871681751279,0.3116042042262499,False,0.08885737499804236,1,True,False,False,100,7,1e-06,3.105224921640115e-08,0.0,"[-1.8663846145381546, -1.5565318023713712, -1.5578074186347914, -1.5557105335684653, -1.555708183221032, -1.555687199227377, -1.5556871681751279]","[0.015539291998720728, 0.011341833996993955, 0.010820832998433616, 0.01572275000216905, 0.009614166992832907, 0.010308666998753324, 0.012062665999110322]",BS N/2 Comm,False,block2_pauli,H4chain_diss
BS_Nover2_Comm,2,-1.866055361844741,0.0012360105566366908,True,0.10518666700227186,2,True,False,False,100,8,1e-06,2.220446049250313e-15,0.0,"[-1.8672913723049103, -1.8662924399494418, -1.8660694102822815, -1.8660694102822823, -1.8664785416268947, -1.866478541626895, -1.8660553618447389, -1.866055361844741]","[0.014971165997849312, 0.011670790998323355, 0.011661666998406872, 0.011615499999606982, 0.010549958002229687, 0.015590625000186265, 0.014635749997978564, 0.010648666000633966]",BS N/2 Comm,False,block2_pauli,H4chain_diss
BS_N_Comm,1,-1.8587258736479346,0.008565498753443146,False,0.09717820900550578,1,True,False,False,100,8,1e-06,4.440892098500626e-16,0.0,"[-1.8656090310756814, -1.8445380304144467, -1.8586340324004538, -1.8586340324004533, -1.8598073515150635, -1.859807351515064, -1.8587258736479342, -1.8587258736479346]","[0.011420875001931563, 0.010437791999720503, 0.009183834001305513, 0.013489208999089897, 0.010810749998199753, 0.0167315829967265, 0.010577459004707634, 0.01086491699970793]",BS N Comm,False,block2_pauli,H4chain_diss
BS_N_Comm,2,-1.8668948241286762,0.0003965482727015246,True,0.11861287500505568,2,True,False,False,100,8,1e-06,1.3524656949925884e-09,0.0,"[-1.8672913386159866, -1.867130829352297, -1.8670694298821235, -1.8670694299179582, -1.8669237717737048, -1.8669237717736986, -1.8668948227762105, -1.8668948241286762]","[0.014919959001417737, 0.012663417001022026, 0.011601750004047062, 0.018388208001852036, 0.015674792004574556, 0.011728958001185674, 0.014807207997364458, 0.014963207999244332]",BS N Comm,False,block2_pauli,H4chain_diss
HCT_N_Comm_Fiedler,1,-1.865645488767973,0.0016458836334047877,False,0.10058833400398726,1,True,False,False,100,7,1e-06,0.0,0.0,"[-1.8656426647561406, -1.8656454887679819, -1.865645488767973, -1.865645488767973, -1.865645488767973, -1.865645488767973, -1.865645488767973]","[0.010962208005366847, 0.014179042002069764, 0.01332445799926063, 0.010734625000623055, 0.013937916002760176, 0.01091404199542012, 0.02170329200453125]",HCT N Comm,True,block2_pauli,H4chain_diss
HCT_N_Comm_Fiedler,2,-1.8670826546303938,0.00020871777098396826,True,0.0988962920018821,2,True,False,False,100,7,1e-06,6.661338147750939e-16,0.0,"[-1.8672913723958908, -1.867011266687988, -1.8670112666879857, -1.8670828030727307, -1.8670828030727282, -1.8670826546303945, -1.8670826546303938]","[0.015461125003639609, 0.011602792001212947, 0.015300334001949523, 0.011933750000025611, 0.013527249997423496, 0.015021999999589752, 0.0119676249960321]",HCT N Comm,True,block2_pauli,H4chain_diss
BS_N_Comm_Fiedler,1,-1.8588989717235807,0.008392400677797118,False,0.13537837500189198,1,True,False,False,100,11,1e-06,7.213235195813184e-07,0.0,"[-1.8625807385034063, -1.8471289939939912, -1.8603967641594568, -1.858542768085445, -1.8611499472579205, -1.86080680674017, -1.8588010730910423, -1.8589954609684969, -1.858916953618352, -1.858898250400061, -1.8588989717235807]","[0.01443404200108489, 0.013573249998444226, 0.010291625003446825, 0.01536208300240105, 0.009911041001032572, 0.01109554199501872, 0.010823917000379879, 0.01572358399425866, 0.00969516699842643, 0.009659499999543186, 0.010904708004090935]",BS N Comm,True,block2_pauli,H4chain_diss
BS_N_Comm_Fiedler,2,-1.8670687147242733,0.00022265767710449857,True,0.10918825000408106,2,True,False,False,100,7,1e-06,1.4487078203728743e-11,0.0,"[-1.8672913714698796, -1.8663465573157467, -1.8663465842971232, -1.8670057422608133, -1.8670057424197668, -1.8670687147097862, -1.8670687147242733]","[0.024423625000054017, 0.01573308400111273, 0.015407750004669651, 0.01184958399971947, 0.011226665999856777, 0.01590570799453417, 0.010702082996431272]",BS N Comm,True,block2_pauli,H4chain_diss
raw_fermionic_su2,1,-2.145255758793598,0.035060855530259616,False,0.019702208999660797,1,True,False,False,100,7,1e-06,0.0,0.0,"[-2.1795507519996797, -2.145255758793598, -2.145255758793598, -2.145255758793598, -2.145255758793598, -2.145255758793598, -2.145255758793598]","[0.0030438750036410056, 0.0032034579999162816, 0.0022312910004984587, 0.00250620799488388, 0.002528207995055709, 0.0027331660021445714, 0.0022477909951703623]",,False,block2_su2,H4chain_eqm
raw_fermionic_su2,2,-2.155483894612773,0.024832719711084472,False,0.020462999993469566,2,True,False,False,100,7,1e-06,1.2434497875801753e-14,0.0,"[-2.1795507519996797, -2.1545285106818457, -2.155483894612748, -2.1554838946127632, -2.155483894612767, -2.1554838946127606, -2.155483894612773]","[0.002754082997853402, 0.0027689999988069758, 0.002602125001430977, 0.002882207998482045, 0.0026824579981621355, 0.0030892920040059835, 0.002467540994985029]",,False,block2_su2,H4chain_eqm
raw_fermionic_su2,3,-2.180316614322597,1.2603251775544777e-12,True,0.02922575000411598,3,True,False,False,100,7,1e-06,2.0605739337042905e-13,0.0,"[-2.1803166143001405, -2.180316614322798, -2.1803166143226087, -2.1803166143227917, -2.180316614322597, -2.180316614322803, -2.180316614322597]","[0.006838875000539701, 0.003252500006055925, 0.0026168330005020835, 0.0027916249964619055, 0.002804457995807752, 0.002920749997429084, 0.0030064169986872002]",,False,block2_su2,H4chain_eqm
raw_qubit,1,-2.1242597389727775,0.05605687535107995,False,0.07703775000118185,1,True,False,False,100,7,1e-06,0.0,0.0,"[-2.1795507519996766, -2.1242597389727775, -2.1242597389727775, -2.1242597389727775, -2.1242597389727775, -2.1242597389727775, -2.1242597389727775]","[0.010230542000499554, 0.010822791999089532, 0.009854790994722862, 0.011122125004476402, 0.010356415994465351, 0.01039354099339107, 0.00940387500304496]",,False,block2_pauli,H4chain_eqm
raw_qubit,2,-2.1452557587935956,0.035060855530261836,False,0.09303887499845587,2,True,False,False,100,7,1e-06,0.0,0.0,"[-2.1795507519996766, -2.1452557587935956, -2.1452557587935956, -2.1452557587935956, -2.1452557587935956, -2.1452557587935956, -2.1452557587935956]","[0.010699416001443751, 0.009688332997029647, 0.027068041999882553, 0.010611666999466252, 0.009851790993707255, 0.012230542000907008, 0.008357749997230712]",,False,block2_pauli,H4chain_eqm
raw_qubit,3,-2.1536540840102063,0.026662530313651178,False,0.08724516700021923,3,True,False,False,100,7,1e-06,8.881784197001252e-16,0.0,"[-2.1795507519996766, -2.1549379797996355, -2.1583594910422557, -2.158359491042254, -2.153654084010207, -2.1536540840102054, -2.1536540840102063]","[0.011325457999191713, 0.014157042001897935, 0.01083900000230642, 0.01499087499541929, 0.009071332999155857, 0.01446179200138431, 0.008399291997193359]",,False,block2_pauli,H4chain_eqm
raw_qubit,4,-2.163819359191189,0.01649725513266853,False,0.09123066699976334,4,True,False,False,100,7,1e-06,6.217248937900877e-15,0.0,"[-2.1795507519996775, -2.1696483608093677, -2.1638193591911863, -2.1638193591911836, -2.163819359191187, -2.1638193591911827, -2.163819359191189]","[0.009648624996771105, 0.009549207999953069, 0.010679541999706998, 0.010794374997203704, 0.00967420800589025, 0.02400041699729627, 0.012743250001221895]",,False,block2_pauli,H4chain_eqm
raw_qubit,5,-2.1773168561125935,0.00299975821126397,False,0.10600525000336347,5,True,False,False,100,7,1e-06,5.684341886080802e-14,0.0,"[-2.1795507519996775, -2.177316856112551, -2.1773168561125926, -2.1773168561125376, -2.1773168561125935, -2.1773168561125367, -2.1773168561125935]","[0.013490874996932689, 0.010199459000432398, 0.01334599999972852, 0.010437666998768691, 0.018168875001720153, 0.015128125000046566, 0.011888499997439794]",,False,block2_pauli,H4chain_eqm
raw_qubit,6,-2.1784011821414344,0.0019154321824230713,False,0.09480024999356829,6,True,False,False,100,7,1e-06,7.105427357601002e-15,0.0,"[-2.1795507519996775, -2.1784011821414415, -2.1784011821414326, -2.178401182141437, -2.178401182141438, -2.1784011821414415, -2.1784011821414344]","[0.015873750002356246, 0.012686209003732074, 0.010681499996280763, 0.014597499997762498, 0.009873041002720129, 0.017451291998440865, 0.009676207999291364]",,False,block2_pauli,H4chain_eqm
raw_qubit,7,-2.1795680029068683,0.0007486114169892311,True,0.09956883400445804,7,True,False,False,100,7,1e-06,8.881784197001252e-16,0.0,"[-2.1795680028707416, -2.17956800290687, -2.1795680029068674, -2.1795680029068647, -2.1795680029068665, -2.179568002906869, -2.1795680029068683]","[0.016899125002964865, 0.016549791995203122, 0.015940959005092736, 0.011133708998386282, 0.014330250000057276, 0.010824332995980512, 0.009969582999474369]",,False,block2_pauli,H4chain_eqm
seniority_Nover2,1,-2.1452557587935948,0.035060855530262724,False,0.07867987500503659,1,True,False,False,100,7,1e-06,0.0,0.0,"[-2.1795507519996784, -2.1452557587935948, -2.1452557587935948, -2.1452557587935948, -2.1452557587935948, -2.1452557587935948, -2.1452557587935948]","[0.013907041000493336, 0.013398333001532592, 0.008774042005825322, 0.012221708995639347, 0.008171207999112085, 0.009321166995505337, 0.009105958997679409]",Seniority N/2,False,block2_pauli,H4chain_eqm
seniority_Nover2,2,-2.163008888314411,0.017307726009446522,False,0.08143966699572047,2,True,False,False,100,7,1e-06,9.983125437429408e-13,0.0,"[-2.1801803719924067, -2.163117103098118, -2.1631171031069236, -2.163015329402267, -2.1630153294028327, -2.1630088883134126, -2.163008888314411]","[0.009982499999750871, 0.01454925000143703, 0.012536082998849452, 0.00980554099805886, 0.010698457997932564, 0.010502332996111363, 0.009294041999964975]",Seniority N/2,False,block2_pauli,H4chain_eqm
seniority_Nover2,3,-2.178397524413781,0.001919089910076277,False,0.07415500000206521,3,True,False,False,100,7,1e-06,3.2369662505971064e-11,0.0,"[-2.180265906825901, -2.1783975244050335, -2.178397524413983, -2.1783975243814115, -2.178397524413776, -2.1783975243814115, -2.178397524413781]","[0.011223125002288725, 0.010133000003406778, 0.01032554099947447, 0.009866125001281034, 0.009930457999871578, 0.010161917001823895, 0.008551457998692058]",Seniority N/2,False,block2_pauli,H4chain_eqm
seniority_Nover2,4,-2.1803166142968164,2.7041036076980163e-11,True,0.09073654200619785,4,True,False,False,100,7,1e-06,1.4297008021912916e-11,0.0,"[-2.1803166143175865, -2.1803166143102075, -2.180316614296827, -2.1803166143111072, -2.180316614296811, -2.1803166143111135, -2.1803166142968164]","[0.009964291995856911, 0.015113125002244487, 0.015340291996835731, 0.009755958002642728, 0.01327662499534199, 0.014059708002605475, 0.009890000001178123]",Seniority N/2,False,block2_pauli,H4chain_eqm
HCT_Nover2_Comm,1,-2.153296683979387,0.027019930344470477,False,0.07829304200276965,1,True,False,False,100,7,1e-06,1.0614781142948004e-07,0.0,"[-2.180205850176246, -2.1535826104833538, -2.1533073858180174, -2.153303405019116, -2.1532968815919595, -2.1532967901271984, -2.153296683979387]","[0.00988274999690475, 0.009256792000087444, 0.008021832996746525, 0.014618416003941093, 0.009271333998185582, 0.014303083000413608, 0.009333125002740417]",HCT N/2 Comm,False,block2_pauli,H4chain_eqm
HCT_Nover2_Comm,2,-2.1801555359335554,0.00016107839030210513,True,0.07535866699618055,2,True,False,False,100,7,1e-06,1.1373501251910056e-08,0.0,"[-2.180316614319958, -2.1802213474216963, -2.180156667564736, -2.180156667561487, -2.1801555473102665, -2.1801555473070566, -2.1801555359335554]","[0.014067832998989616, 0.009831584000494331, 0.010417999998026062, 0.009600792000128422, 0.008850541998981498, 0.009753250000358094, 0.008402332998230122]",HCT N/2 Comm,False,block2_pauli,H4chain_eqm
HCT_N_Comm,1,-2.1496917866259784,0.03062482769787911,False,0.0807742499964661,1,True,False,False,100,7,1e-06,2.3915491809134437e-09,0.0,"[-2.1802059146426336, -2.149863818630835, -2.149692087518276, -2.1496924957869314, -2.149691789775309, -2.1496917890175276, -2.1496917866259784]","[0.010428125002363231, 0.009250709001207724, 0.00828262499999255, 0.012085707996448036, 0.017120666001574136, 0.01020112499827519, 0.00978695800586138]",HCT N Comm,False,block2_pauli,H4chain_eqm
HCT_N_Comm,2,-2.180209702134497,0.00010691218936065283,True,0.08525920799729647,2,True,False,False,100,7,1e-06,4.4941828036826337e-13,0.0,"[-2.1803166142969435, -2.1802047902001123, -2.180209702283533, -2.1802097022836975, -2.1802097021338787, -2.1802097021340474, -2.180209702134497]","[0.010588708006253, 0.016872624997631647, 0.010035250001237728, 0.0115665839985013, 0.010057792002044152, 0.011333958005707245, 0.011071583001466934]",HCT N Comm,False,block2_pauli,H4chain_eqm
Pauli_BLISS+HCT_N_Comm,1,-2.1496917866259784,0.03062482769787911,False,0.08429720799904317,1,True,False,False,100,7,1e-06,2.3915491809134437e-09,0.0,"[-2.1802059146426336, -2.149863818630835, -2.149692087518276, -2.1496924957869314, -2.149691789775309, -2.1496917890175276, -2.1496917866259784]","[0.0159997079972527, 0.010352208002586849, 0.009569583999109454, 0.010604249997413717, 0.010608500000671484, 0.01014404099987587, 0.013576332996308338]",Pauli BLISS+HCT N Comm,False,block2_pauli,H4chain_eqm
Pauli_BLISS+HCT_N_Comm,2,-2.180209702134497,0.00010691218936065283,True,0.07756308399984846,2,True,False,False,100,7,1e-06,4.4941828036826337e-13,0.0,"[-2.1803166142969435, -2.1802047902001123, -2.180209702283533, -2.1802097022836975, -2.1802097021338787, -2.1802097021340474, -2.180209702134497]","[0.008945625006163027, 0.009634542002459057, 0.009352374996524304, 0.009423416006029584, 0.014572833002603147, 0.009122791998379398, 0.012660749998758547]",Pauli BLISS+HCT N Comm,False,block2_pauli,H4chain_eqm
BS_Nover2_Comm,1,-2.153296683979387,0.027019930344470477,False,0.07499091699719429,1,True,False,False,100,7,1e-06,1.0614781142948004e-07,0.0,"[-2.180205850176246, -2.1535826104833538, -2.1533073858180174, -2.153303405019116, -2.1532968815919595, -2.1532967901271984, -2.153296683979387]","[0.00830804200086277, 0.0091667079977924, 0.007948375001433305, 0.009170000004814938, 0.012630541001271922, 0.014091958000790328, 0.010472000001755077]",BS N/2 Comm,False,block2_pauli,H4chain_eqm
BS_Nover2_Comm,2,-2.1801555359335554,0.00016107839030210513,True,0.07788383300066926,2,True,False,False,100,7,1e-06,1.1373501251910056e-08,0.0,"[-2.180316614319958, -2.1802213474216963, -2.180156667564736, -2.180156667561487, -2.1801555473102665, -2.1801555473070566, -2.1801555359335554]","[0.012096334001398645, 0.00993779199779965, 0.009861499995167833, 0.015210541998385452, 0.009212541997840162, 0.009654250003222842, 0.008267834004072938]",BS N/2 Comm,False,block2_pauli,H4chain_eqm
BS_N_Comm,1,-2.1673089917632185,0.013007622560639032,False,0.08549520800443133,1,True,False,False,100,7,1e-06,1.66820983693583e-08,0.0,"[-2.1801794098122427, -2.1673079573791325, -2.167308732768775, -2.1673089936864667, -2.1673091372419178, -2.16730897508112, -2.1673089917632185]","[0.01486983400536701, 0.01241279199894052, 0.008747459003643598, 0.010748458000307437, 0.015388874999189284, 0.0103024580021156, 0.009238667000317946]",BS N Comm,False,block2_pauli,H4chain_eqm
BS_N_Comm,2,-2.1801825126152865,0.00013410170857097725,True,0.08822108300228138,2,True,False,False,100,7,1e-06,4.307126655334059e-08,0.0,"[-2.180316614314969, -2.18017752073518, -2.1801832579811133, -2.1801832579813736, -2.1801825556863133, -2.180182555686553, -2.1801825126152865]","[0.014753541996469721, 0.010793541005114093, 0.010203333004028536, 0.00894983299804153, 0.01447116700001061, 0.011629832995822653, 0.013905833999160677]",BS N Comm,False,block2_pauli,H4chain_eqm
HCT_N_Comm_Fiedler,1,-2.149649092418233,0.030667521905624273,False,0.07902150000154506,1,True,False,False,100,7,1e-06,4.06502387306773e-10,0.0,"[-2.180281529190096, -2.1495860593315577, -2.1496610710842567, -2.1496492951344788, -2.1496491932383224, -2.1496490928247356, -2.149649092418233]","[0.009161291003692895, 0.012367416995402891, 0.009369375002279412, 0.012858916998084169, 0.008741917001316324, 0.014224208003724925, 0.008373249998840038]",HCT N Comm,True,block2_pauli,H4chain_eqm
HCT_N_Comm_Fiedler,2,-2.18021662705487,9.998726898752253e-05,True,0.08086991599702742,2,True,False,False,100,7,1e-06,9.414691248821327e-14,0.0,"[-2.180316614320019, -2.1802166457085566, -2.1802166457086605, -2.1802166270822, -2.180216627082297, -2.180216627054776, -2.18021662705487]","[0.010648250005033333, 0.011243583001487423, 0.010375334000855219, 0.015335999996750616, 0.00951179199910257, 0.01097129199479241, 0.009084708006412257]",HCT N Comm,True,block2_pauli,H4chain_eqm
BS_N_Comm_Fiedler,1,-2.1673080295116067,0.013008584812250756,False,0.08528566699533258,1,True,False,False,100,7,1e-06,1.4776508017178003e-08,0.0,"[-2.1801762245710137, -2.167307694339226, -2.1673082053541, -2.1673078397263374, -2.1673081725257823, -2.1673080147350987, -2.1673080295116067]","[0.014222958001482766, 0.010057583000161685, 0.014046999996935483, 0.013748041994404048, 0.009892541005683597, 0.010913000005530193, 0.008689374997629784]",BS N Comm,True,block2_pauli,H4chain_eqm
BS_N_Comm_Fiedler,2,-2.180206640583852,0.0001099737400056533,True,0.08330858300178079,2,True,False,False,100,7,1e-06,5.684341886080802e-14,0.0,"[-2.1803166143221997, -2.1802072196754185, -2.180207219675303, -2.180206648358393, -2.1802066483583147, -2.1802066405839087, -2.180206640583852]","[0.01057629199931398, 0.009705500000563916, 0.014116040998487733, 0.013525082998967264, 0.009231999996700324, 0.009710667000035755, 0.012620792003872339]",BS N Comm,True,block2_pauli,H4chain_eqm
raw_fermionic_su2,1,-1.8383523830775639,0.07675416643423927,False,0.022645500001090113,1,True,False,False,100,7,1e-06,0.0,0.0,"[-1.9061792424627733, -1.8383523830775639, -1.8383523830775639, -1.8383523830775639, -1.8383523830775639, -1.8383523830775639, -1.8383523830775639]","[0.0029936250066384673, 0.006513042004371528, 0.002621500003442634, 0.002405541999905836, 0.0023463340039597824, 0.002251416000945028, 0.0023167500039562583]",,False,block2_su2,H4rect_corr
raw_fermionic_su2,2,-1.9061792424627804,0.008927307049022781,False,0.023361125000519678,2,True,False,False,100,7,1e-06,8.881784197001252e-16,0.0,"[-1.9061792424627733, -1.9061792424627546, -1.9061792424627626, -1.9061792424627786, -1.9061792424627786, -1.9061792424627795, -1.9061792424627804]","[0.0028127080004196614, 0.0026085000063176267, 0.0024338330040336587, 0.002621500003442634, 0.002198250003857538, 0.002217791996372398, 0.006971875001909211]",,False,block2_su2,H4rect_corr
raw_fermionic_su2,3,-1.9061792424627502,0.00892730704905298,False,0.025492540997220203,3,True,False,False,100,8,1e-06,0.0,0.0,"[-1.9151065495118056, -1.915106549511786, -1.9151065495117976, -1.9151065495118047, -1.9151065495118038, -1.9151065495118065, -1.9061792424627502, -1.9061792424627502]","[0.0024884579979698174, 0.0026605839957483113, 0.0033284589953836985, 0.0059584170012385584, 0.002755916000751313, 0.0027394999997341074, 0.00215470800321782, 0.002281875000335276]",,False,block2_su2,H4rect_corr
raw_fermionic_su2,4,-1.915106549500817,1.0986100917875774e-11,True,0.02271291700162692,4,True,False,False,100,7,1e-06,3.0109248427834245e-13,0.0,"[-1.9151065495118056, -1.9151065495063087, -1.9151065495068273, -1.9151065495035313, -1.915106549501691, -1.9151065495011181, -1.915106549500817]","[0.0033202909980900586, 0.0038170830011949874, 0.0032102920013130642, 0.00255408399971202, 0.002875416997994762, 0.0029924159971415065, 0.0025799579962040298]",,False,block2_su2,H4rect_corr
raw_qubit,1,-1.849443878159009,0.06566267135279413,False,0.07385554200300248,1,True,False,False,100,7,1e-06,0.0,0.0,"[-1.9061792424627724, -1.849443878159009, -1.849443878159009, -1.849443878159009, -1.849443878159009, -1.849443878159009, -1.849443878159009]","[0.00863279100303771, 0.00914175000070827, 0.008379291000892408, 0.01256491600361187, 0.008854250001604669, 0.013880750004318543, 0.009270374997868203]",,False,block2_pauli,H4rect_corr
raw_qubit,2,-1.8779775148828923,0.03712903462891082,False,0.07444024999858811,2,True,False,False,100,7,1e-06,0.0,0.0,"[-1.9061792424627728, -1.8779773102953794, -1.8779775138867874, -1.8779775148828914, -1.8779775148828919, -1.8779775148828923, -1.8779775148828923]","[0.010907916002906859, 0.009347457998956088, 0.008569457997509744, 0.009376375004649162, 0.013274541997816414, 0.008555249994969927, 0.01120916599757038]",,False,block2_pauli,H4rect_corr
raw_qubit,3,-1.8923030312037323,0.022803518308070814,False,0.07516391600074712,3,True,False,False,100,7,1e-06,2.220446049250313e-16,0.0,"[-1.9061792424627728, -1.8923030312037328, -1.8923030312037326, -1.8923030312037328, -1.8923030312037332, -1.892303031203732, -1.8923030312037323]","[0.010543458003667183, 0.00913600000058068, 0.008740666999074165, 0.012849082995671779, 0.00870583399955649, 0.013309875001141336, 0.008428291999734938]",,False,block2_pauli,H4rect_corr
raw_qubit,4,-1.9019918959416804,0.013114653570122758,False,0.07817945800343296,4,True,False,False,100,7,1e-06,4.440892098500626e-16,0.0,"[-1.9061792424627728, -1.90199189594168, -1.9019918959416808, -1.9019918959416813, -1.9019918959416804, -1.90199189594168, -1.9019918959416804]","[0.012708000002021436, 0.008286874995974358, 0.007860917001380585, 0.008360500003618654, 0.007798083002853673, 0.021705916995415464, 0.008441875004791655]",,False,block2_pauli,H4rect_corr
raw_qubit,5,-1.9048614400472987,0.01024510946450441,False,0.07389245800004574,5,True,False,False,100,7,1e-06,4.440892098500626e-16,0.0,"[-1.9061792424627728, -1.904861440049873, -1.904861440047299, -1.9048614400472992, -1.9048614400472992, -1.9048614400472992, -1.9048614400472987]","[0.00978200000099605, 0.009225207999406848, 0.008494916000927333, 0.01366983300249558, 0.007969833000970539, 0.013128541999321897, 0.007763874993543141]",,False,block2_pauli,H4rect_corr
raw_qubit,6,-1.9061792424627737,0.008927307049029443,False,0.08250629199756077,6,True,False,False,100,7,1e-06,2.220446049250313e-16,0.0,"[-1.9061792424627728, -1.9061792424627733, -1.906179242462773, -1.906179242462774, -1.906179242462774, -1.9061792424627735, -1.9061792424627737]","[0.010691833005694207, 0.010563125004409812, 0.009105625002121087, 0.009853708004811779, 0.012309124998864718, 0.009076583002752159, 0.01352279200364137]",,False,block2_pauli,H4rect_corr
raw_qubit,7,-1.906179242462774,0.00892730704902922,False,0.10257329199521337,7,True,False,False,100,7,1e-06,2.220446049250313e-16,0.0,"[-1.9061792424627728, -1.9061792424627726, -1.906179242462773, -1.9061792424627733, -1.9061792424627733, -1.9061792424627737, -1.906179242462774]","[0.015059917001053691, 0.009080375006305985, 0.028425208998669405, 0.011029041001165751, 0.013453375002427492, 0.008957666999776848, 0.013102125005389098]",,False,block2_pauli,H4rect_corr
raw_qubit,8,-1.906179242462775,0.00892730704902811,False,0.09286454200628214,8,True,False,False,100,7,1e-06,0.0,0.0,"[-1.9061792424627728, -1.9061792424627721, -1.9061792424627735, -1.906179242462774, -1.9061792424627744, -1.906179242462775, -1.906179242462775]","[0.013315666998096276, 0.01540562499576481, 0.01210170900594676, 0.010502249999262858, 0.010350958997150883, 0.016916250002395827, 0.011197624997294042]",,False,block2_pauli,H4rect_corr
raw_qubit,9,-1.9061792424627744,0.008927307049028776,False,0.08535899999696994,9,True,False,False,100,7,1e-06,2.220446049250313e-16,0.0,"[-1.9061792424627728, -1.9061792424627726, -1.906179242462774, -1.9061792424627741, -1.9061792424627741, -1.9061792424627741, -1.9061792424627744]","[0.014015875000040978, 0.008894999999029096, 0.015441583993379027, 0.00941808400239097, 0.012691583004198037, 0.013139832997694612, 0.008291833000839688]",,False,block2_pauli,H4rect_corr
raw_qubit,10,-1.9061792424627748,0.008927307049028332,False,0.09202279199962504,10,True,False,False,100,7,1e-06,6.661338147750939e-16,0.0,"[-1.9061792424627728, -1.9061792424627726, -1.906179242462774, -1.9061792424627733, -1.9061792424627735, -1.9061792424627741, -1.9061792424627748]","[0.01392729199869791, 0.008599082997534424, 0.02033662499889033, 0.01029704099346418, 0.01116429200192215, 0.009637000002840068, 0.01498274999903515]",,False,block2_pauli,H4rect_corr
raw_qubit,12,-1.9061792424627748,0.008927307049028332,False,0.08456891700188862,12,True,False,False,100,7,1e-06,6.661338147750939e-16,0.0,"[-1.9061792424627728, -1.9061792424627726, -1.906179242462774, -1.9061792424627733, -1.9061792424627735, -1.9061792424627741, -1.9061792424627748]","[0.011867875000461936, 0.010171000001719221, 0.009930542000802234, 0.016035334003390744, 0.010014540996053256, 0.009326416999101639, 0.014001707997522317]",,False,block2_pauli,H4rect_corr
raw_qubit,14,-1.9061792424627748,0.008927307049028332,False,0.0866523330041673,14,True,False,False,100,7,1e-06,6.661338147750939e-16,0.0,"[-1.9061792424627728, -1.9061792424627726, -1.906179242462774, -1.9061792424627733, -1.9061792424627735, -1.9061792424627741, -1.9061792424627748]","[0.013464249997923616, 0.009629041000152938, 0.014392332996067125, 0.014235250004276168, 0.011107292004453484, 0.011048625005059876, 0.009449959004996344]",,False,block2_pauli,H4rect_corr
raw_qubit,16,-1.9061792424627748,0.008927307049028332,False,0.07895250000001397,16,True,False,False,100,7,1e-06,6.661338147750939e-16,0.0,"[-1.9061792424627728, -1.9061792424627726, -1.906179242462774, -1.9061792424627733, -1.9061792424627735, -1.9061792424627741, -1.9061792424627748]","[0.009263415995519608, 0.008783208999375347, 0.014265917001466732, 0.014731625000422355, 0.010010375001002103, 0.01019258399901446, 0.008495292000588961]",,False,block2_pauli,H4rect_corr
raw_qubit,18,-1.9061792424627748,0.008927307049028332,False,0.09498633299517678,18,True,False,False,100,7,1e-06,6.661338147750939e-16,0.0,"[-1.9061792424627728, -1.9061792424627726, -1.906179242462774, -1.9061792424627733, -1.9061792424627735, -1.9061792424627741, -1.9061792424627748]","[0.00963495900214184, 0.01358958399941912, 0.010518416995182633, 0.021269249999022577, 0.01028937500086613, 0.01040304200432729, 0.010591165999358054]",,False,block2_pauli,H4rect_corr
raw_qubit,20,-1.9061792424627748,0.008927307049028332,False,0.08216662500490202,20,True,False,False,100,7,1e-06,6.661338147750939e-16,0.0,"[-1.9061792424627728, -1.9061792424627726, -1.906179242462774, -1.9061792424627733, -1.9061792424627735, -1.9061792424627741, -1.9061792424627748]","[0.013881667000532616, 0.009910207998473197, 0.009666833000665065, 0.010209708001639228, 0.01149079199967673, 0.008809500002826098, 0.015028375004476402]",,False,block2_pauli,H4rect_corr
raw_qubit,30,-1.9061792424627748,0.008927307049028332,False,0.08726870799728204,30,True,False,False,100,7,1e-06,6.661338147750939e-16,0.0,"[-1.9061792424627728, -1.9061792424627726, -1.906179242462774, -1.9061792424627733, -1.9061792424627735, -1.9061792424627741, -1.9061792424627748]","[0.014295500004664063, 0.009856625001702923, 0.013240792002761737, 0.00917370800016215, 0.008454666000034194, 0.018338166999456007, 0.010664624998753425]",,False,block2_pauli,H4rect_corr
raw_qubit,40,-1.9061792424627748,0.008927307049028332,False,0.08994154099491425,40,True,False,False,100,7,1e-06,6.661338147750939e-16,0.0,"[-1.9061792424627728, -1.9061792424627726, -1.906179242462774, -1.9061792424627733, -1.9061792424627735, -1.9061792424627741, -1.9061792424627748]","[0.009564082996803336, 0.013291832998220343, 0.014226291001250502, 0.013149584003258497, 0.011362666999048088, 0.011380415999155957, 0.012561292001919355]",,False,block2_pauli,H4rect_corr
raw_qubit,50,-1.9061792424627748,0.008927307049028332,False,0.08347545900323894,50,True,False,False,100,7,1e-06,6.661338147750939e-16,0.0,"[-1.9061792424627728, -1.9061792424627726, -1.906179242462774, -1.9061792424627733, -1.9061792424627735, -1.9061792424627741, -1.9061792424627748]","[0.010180249999393709, 0.011156374996062368, 0.014979832994868048, 0.009980417002225295, 0.0086169170026551, 0.013860958002624102, 0.00841183300508419]",,False,block2_pauli,H4rect_corr
raw_qubit,60,-1.9061792424627748,0.008927307049028332,False,0.09708154200052377,60,True,False,False,100,7,1e-06,6.661338147750939e-16,0.0,"[-1.9061792424627728, -1.9061792424627726, -1.906179242462774, -1.9061792424627733, -1.9061792424627735, -1.9061792424627741, -1.9061792424627748]","[0.020869125000899658, 0.011027874999854248, 0.017220458001247607, 0.010292124999978114, 0.009624167003494222, 0.009724624993395992, 0.014642333997471724]",,False,block2_pauli,H4rect_corr
raw_qubit,70,-1.9061792424627748,0.008927307049028332,False,0.08518966699921293,70,True,False,False,100,7,1e-06,6.661338147750939e-16,0.0,"[-1.9061792424627728, -1.9061792424627726, -1.906179242462774, -1.9061792424627733, -1.9061792424627735, -1.9061792424627741, -1.9061792424627748]","[0.013623207996715792, 0.00993200000084471, 0.013222375004261266, 0.009270374997868203, 0.014197125005011912, 0.013514334001229145, 0.008381583997106645]",,False,block2_pauli,H4rect_corr
raw_qubit,80,-1.9061792424627748,0.008927307049028332,False,0.08622516600007657,80,True,False,False,100,7,1e-06,6.661338147750939e-16,0.0,"[-1.9061792424627728, -1.9061792424627726, -1.906179242462774, -1.9061792424627733, -1.9061792424627735, -1.9061792424627741, -1.9061792424627748]","[0.009375542002089787, 0.009651416999986395, 0.009235917001205962, 0.013791541001410224, 0.008957999998528976, 0.02134558300167555, 0.010698833000788]",,False,block2_pauli,H4rect_corr
raw_qubit,90,-1.9061792424627748,0.008927307049028332,False,0.08587262500077486,90,True,False,False,100,7,1e-06,6.661338147750939e-16,0.0,"[-1.9061792424627728, -1.9061792424627726, -1.906179242462774, -1.9061792424627733, -1.9061792424627735, -1.9061792424627741, -1.9061792424627748]","[0.01039387499622535, 0.009319041993876453, 0.015847875001782086, 0.015009874994575512, 0.008955666999099776, 0.014705125002365094, 0.008056124999711756]",,False,block2_pauli,H4rect_corr
raw_qubit,100,-1.9061792424627748,0.008927307049028332,False,0.0920503750021453,100,True,False,False,100,7,1e-06,6.661338147750939e-16,0.0,"[-1.9061792424627728, -1.9061792424627726, -1.906179242462774, -1.9061792424627733, -1.9061792424627735, -1.9061792424627741, -1.9061792424627748]","[0.008794125002168585, 0.009293208000599407, 0.014401041000382975, 0.01214191700273659, 0.01404533299501054, 0.015959165997628588, 0.014068583004700486]",,False,block2_pauli,H4rect_corr
seniority_Nover2,1,-1.8605353732404555,0.054571176271347666,False,0.07473441599722719,1,True,False,False,100,7,1e-06,2.220446049250313e-16,0.0,"[-1.9061792424627733, -1.8605353732404566, -1.8605353732404564, -1.8605353732404553, -1.8605353732404555, -1.8605353732404553, -1.8605353732404555]","[0.008704542000486981, 0.012881374997959938, 0.007815749995643273, 0.01248554100311594, 0.007803792002960108, 0.013016915996558964, 0.008941625004808884]",Seniority N/2,False,block2_pauli,H4rect_corr
seniority_Nover2,2,-1.9030464113406687,0.012060138171134493,False,0.07080387500172947,2,True,False,False,100,7,1e-06,1.0818013151947525e-12,0.0,"[-1.9151065495117179, -1.8990356617714597, -1.8990356617994737, -1.9029973118293577, -1.9029973118302568, -1.9030464113395869, -1.9030464113406687]","[0.009757291998539586, 0.00979120799456723, 0.008974958000180777, 0.009163834001810756, 0.008686541994393338, 0.012313374994846527, 0.008535624998330604]",Seniority N/2,False,block2_pauli,H4rect_corr
seniority_Nover2,3,-1.911146656572041,0.003959892939762177,False,0.07690541700139875,3,True,False,False,100,7,1e-06,1.0091927293842673e-12,0.0,"[-1.915106549511717, -1.9111466565714015, -1.9111466565733124, -1.911146656573048, -1.9111466565720432, -1.9111466565730502, -1.911146656572041]","[0.013332332993741147, 0.008327499999722932, 0.012738124998577405, 0.00805324999964796, 0.010946832997433376, 0.008589666998886969, 0.011970125000516418]",Seniority N/2,False,block2_pauli,H4rect_corr
seniority_Nover2,4,-1.9151065495117208,8.237854842718662e-14,True,0.06436095800017938,4,True,False,False,100,7,1e-06,0.0,0.0,"[-1.9151065495117188, -1.9151065495117205, -1.9151065495117205, -1.9151065495117203, -1.9151065495117205, -1.9151065495117208, -1.9151065495117208]","[0.013442415998724755, 0.007705124997301027, 0.007578333999845199, 0.009599875003914349, 0.007793875003699213, 0.007866499996453058, 0.00725724999938393]",Seniority N/2,False,block2_pauli,H4rect_corr
HCT_Nover2_Comm,1,-1.8906413064141325,0.02446524309767062,False,0.07311662499705562,1,True,False,False,100,7,1e-06,2.7752463482855205e-07,0.0,"[-1.9061792424627735, -1.1967820503872768, -1.8893815666210383, -1.889381566621038, -1.8906410289566202, -1.8906410288894977, -1.8906413064141325]","[0.00944300000264775, 0.00950895799905993, 0.01375374999770429, 0.009839124999416526, 0.008922375003749039, 0.00989083299646154, 0.008774709000135772]",HCT N/2 Comm,False,block2_pauli,H4rect_corr
HCT_Nover2_Comm,2,-1.9151065483492495,1.1625536089354682e-09,True,0.06742066700098803,2,True,False,False,100,7,1e-06,7.548057734396707e-10,0.0,"[-1.915106549093535, -1.9151065493779555, -1.9151065494832025, -1.9151065494796353, -1.9151065493471944, -1.9151065491040553, -1.9151065483492495]","[0.009551791998092085, 0.009710041005746461, 0.008976124998298474, 0.008606916999269743, 0.00762725000095088, 0.011538917002326343, 0.008101665996946394]",HCT N/2 Comm,False,block2_pauli,H4rect_corr
HCT_N_Comm,1,-1.8905695984708055,0.024536951040997623,False,0.079991416001576,1,True,False,False,100,7,1e-06,2.220446049250313e-16,0.0,"[-1.9151065494725021, -1.8904965651681294, -1.8904965651681267, -1.8905696902187075, -1.8905696902187084, -1.8905695984708053, -1.8905695984708055]","[0.013938292002421804, 0.014631915997597389, 0.008822166004392784, 0.012566792000143323, 0.009213417004502844, 0.009113583000726067, 0.008533000000170432]",HCT N Comm,False,block2_pauli,H4rect_corr
HCT_N_Comm,2,-1.9151065488528651,6.589380152632884e-10,True,0.08237258300505346,2,True,False,False,100,7,1e-06,5.055769136674826e-10,0.0,"[-1.9151065494725021, -1.9151065493388904, -1.915106548806307, -1.9151065476083289, -1.915106549508267, -1.915106549358442, -1.9151065488528651]","[0.012965791996975895, 0.010000374997616746, 0.009083999997528736, 0.010210209002252668, 0.00991749999957392, 0.009490666001511272, 0.01778704099706374]",HCT N Comm,False,block2_pauli,H4rect_corr
Pauli_BLISS+HCT_N_Comm,1,-1.8905695984708055,0.024536951040997623,False,0.07821933300147066,1,True,False,False,100,7,1e-06,2.220446049250313e-16,0.0,"[-1.9151065494725021, -1.8904965651681294, -1.8904965651681267, -1.8905696902187075, -1.8905696902187084, -1.8905695984708053, -1.8905695984708055]","[0.0089728750026552, 0.0085642080011894, 0.013381500000832602, 0.008158999997249339, 0.012052958001731895, 0.010240917006740347, 0.013655332993948832]",Pauli BLISS+HCT N Comm,False,block2_pauli,H4rect_corr
Pauli_BLISS+HCT_N_Comm,2,-1.9151065488528651,6.589380152632884e-10,True,0.08628837500145892,2,True,False,False,100,7,1e-06,5.055769136674826e-10,0.0,"[-1.9151065494725021, -1.9151065493388904, -1.915106548806307, -1.9151065476083289, -1.915106549508267, -1.915106549358442, -1.9151065488528651]","[0.013797958999930415, 0.009972832995117642, 0.00902466700063087, 0.011109792001661845, 0.009231000003637746, 0.017848625000624452, 0.012038166998536326]",Pauli BLISS+HCT N Comm,False,block2_pauli,H4rect_corr
BS_Nover2_Comm,1,-1.8906413064141325,0.02446524309767062,False,0.07996099999581929,1,True,False,False,100,7,1e-06,2.7752463482855205e-07,0.0,"[-1.9061792424627735, -1.1967820503872768, -1.8893815666210383, -1.889381566621038, -1.8906410289566202, -1.8906410288894977, -1.8906413064141325]","[0.013796082996123005, 0.009560708000208251, 0.009553959003824275, 0.013154249994840939, 0.013227166004071478, 0.00877174999914132, 0.00871437499881722]",BS N/2 Comm,False,block2_pauli,H4rect_corr
BS_Nover2_Comm,2,-1.9151065483492495,1.1625536089354682e-09,True,0.06693595799879404,2,True,False,False,100,7,1e-06,7.548057734396707e-10,0.0,"[-1.915106549093535, -1.9151065493779555, -1.9151065494832025, -1.9151065494796353, -1.9151065493471944, -1.9151065491040553, -1.9151065483492495]","[0.009175250001135282, 0.009517124999547377, 0.008992875002149958, 0.010178917000303045, 0.008455374998447951, 0.009562833001837134, 0.0077335840032901615]",BS N/2 Comm,False,block2_pauli,H4rect_corr
BS_N_Comm,1,-1.8905138560537462,0.024592693458056925,False,0.06978754200099502,1,True,False,False,100,7,1e-06,6.236944767312735e-07,0.0,"[-1.915097626386513, -1.859819309087569, -1.8903399285172389, -1.8903399285179938, -1.8905144797482227, -1.890514479748223, -1.8905138560537462]","[0.010346249997382984, 0.008570833000703715, 0.008028459000342991, 0.011597958000493236, 0.00783512499765493, 0.012120084000343923, 0.008207332997699268]",BS N Comm,False,block2_pauli,H4rect_corr
BS_N_Comm,2,-1.9151065494895254,2.227773521212839e-11,True,0.08586004099925049,2,True,False,False,100,7,1e-06,1.7184031975148173e-12,0.0,"[-1.915106549506524, -1.9151065495053714, -1.9151065494895252, -1.915106549487806, -1.9151065494895265, -1.915106549487807, -1.9151065494895254]","[0.01316637499985518, 0.0225657080009114, 0.00850775000435533, 0.008828833997540642, 0.008237875001213979, 0.009681249997811392, 0.011948583996854722]",BS N Comm,False,block2_pauli,H4rect_corr
HCT_N_Comm_Fiedler,1,-1.8905384528011868,0.024568096710616327,False,0.07249354200030211,1,True,False,False,100,7,1e-06,8.881784197001252e-16,0.0,"[-1.9151065495099109, -1.8905189885540121, -1.8905189885540106, -1.8905384480456606, -1.8905384480456606, -1.890538452801186, -1.8905384528011868]","[0.008014167004148476, 0.012662209002883174, 0.007952790998388082, 0.008326208997459617, 0.013828709001245443, 0.009617333998903632, 0.008815458000754006]",HCT N Comm,True,block2_pauli,H4rect_corr
HCT_N_Comm_Fiedler,2,-1.9151065490836234,4.281797139071841e-10,True,0.07485425000049872,2,True,False,False,100,7,1e-06,6.459854873241966e-11,0.0,"[-1.915106549509911, -1.9151065494941661, -1.9151065494713175, -1.9151065493975312, -1.915106549349238, -1.915106549148222, -1.9151065490836234]","[0.00904662500397535, 0.014574708002328407, 0.00845054099772824, 0.014512749999994412, 0.008716834003280383, 0.009325915998488199, 0.007260750004206784]",HCT N Comm,True,block2_pauli,H4rect_corr
BS_N_Comm_Fiedler,1,-1.8905102046415643,0.024596344870238873,False,0.14587283400032902,1,True,False,False,100,7,1e-06,0.0,0.0,"[-1.91510654951166, -1.8856522430025096, -1.8856522430025096, -1.8905101018151607, -1.8905101018151607, -1.8905102046415643, -1.8905102046415643]","[0.029179958000895567, 0.015412124994327314, 0.015859292005188763, 0.016634500003419816, 0.017999374998908024, 0.01726016600150615, 0.017513333004899323]",BS N Comm,True,block2_pauli,H4rect_corr
BS_N_Comm_Fiedler,2,-1.9151065494933368,1.846633956859023e-11,True,0.1060373329964932,2,True,False,False,100,7,1e-06,9.184653038118995e-12,0.0,"[-1.91510654951166, -1.9151065495028956, -1.9151065494933335, -1.9151065495025248, -1.915106549493333, -1.9151065495025215, -1.9151065494933368]","[0.01273475000198232, 0.024876415998733137, 0.01680674999806797, 0.014002707997860853, 0.009187083000142593, 0.010672708995116409, 0.014459207995969336]",BS N Comm,True,block2_pauli,H4rect_corr
raw_fermionic_su2,1,-2.138896834310671,0.06292867312015282,False,0.024412250000750646,1,True,False,False,100,7,1e-06,0.0,0.0,"[-2.1997873544057303, -2.138896834310671, -2.138896834310671, -2.138896834310671, -2.138896834310671, -2.138896834310671, -2.138896834310671]","[0.0030654590009362437, 0.0025624170011724345, 0.0021268339987727813, 0.002545125003962312, 0.0021595419966615736, 0.0024280830039060675, 0.006474082998465747]",,False,block2_su2,H4rect_diss
raw_fermionic_su2,2,-2.1683675272606227,0.033457980170201296,False,0.021990000001096632,2,True,False,False,100,7,1e-06,8.881784197001252e-16,0.0,"[-2.1997873544057303, -2.1683675272606227, -2.1683675272605605, -2.1683675272606244, -2.1683675272606244, -2.1683675272606218, -2.1683675272606227]","[0.002744167002674658, 0.0024856660020304844, 0.0022584999969694763, 0.005559750003158115, 0.0028539580016513355, 0.002574667007138487, 0.002252334001241252]",,False,block2_su2,H4rect_diss
raw_fermionic_su2,3,-2.2018255073875173,4.3306691566158406e-11,True,0.023297958003240637,3,True,False,False,100,7,1e-06,3.5234037909503968e-12,0.0,"[-2.2018255074055553, -2.201825507391164, -2.2018255073876745, -2.201825507391047, -2.201825507387512, -2.2018255073910407, -2.2018255073875173]","[0.002475249995768536, 0.0075705420022131875, 0.0025245840006391518, 0.002432790999591816, 0.0022575839975615963, 0.00263920799625339, 0.00222816599853104]",,False,block2_su2,H4rect_diss
raw_qubit,1,-2.1316159716394534,0.07020953579137057,False,0.07486608299950603,1,True,False,False,100,7,1e-06,0.0,0.0,"[-2.199787354405731, -2.1316159716394534, -2.1316159716394534, -2.1316159716394534, -2.1316159716394534, -2.1316159716394534, -2.1316159716394534]","[0.007819667000148911, 0.013109041996358428, 0.008495875001244713, 0.014183082996169105, 0.007972458995936904, 0.012553958003991283, 0.007521667001128662]",,False,block2_pauli,H4rect_diss
raw_qubit,2,-2.1445008227350906,0.057324684695733374,False,0.07545087500329828,2,True,False,False,100,7,1e-06,4.440892098500626e-16,0.0,"[-2.199787354405731, -2.14450082273509, -2.14450082273509, -2.1445008227350906, -2.1445008227350906, -2.14450082273509, -2.1445008227350906]","[0.008685499997227453, 0.008964749998995103, 0.00896616700629238, 0.009804749999602791, 0.014330332996905781, 0.012646000002860092, 0.008806500001810491]",,False,block2_pauli,H4rect_diss
raw_qubit,3,-2.149688303475589,0.05213720395523502,False,0.07459566699981224,3,True,False,False,100,7,1e-06,4.440892098500626e-16,0.0,"[-2.199787354405731, -2.156235841101463, -2.1562358411016236, -2.156235841101625, -2.1562358411016262, -2.1496883034755885, -2.149688303475589]","[0.009606917003111448, 0.01045170900033554, 0.008094250006251968, 0.013879708996682893, 0.008777542003372218, 0.008719749996089377, 0.011260874998697545]",,False,block2_pauli,H4rect_diss
raw_qubit,4,-2.1792386202181993,0.022586887212624696,False,0.08124687500094296,4,True,False,False,100,7,1e-06,3.0104807535735745e-12,0.0,"[-2.199787354405731, -2.1792386202239786, -2.1792386202178764, -2.1792386202117733, -2.1792386201942393, -2.1792386202151888, -2.1792386202181993]","[0.021981541998684406, 0.00926137499482138, 0.008549999998649582, 0.00906224999926053, 0.00852524999936577, 0.012827416998334229, 0.007924666999315377]",,False,block2_pauli,H4rect_diss
raw_qubit,5,-2.1997748829866506,0.0020506244441733656,False,0.08113425000192365,5,True,False,False,100,7,1e-06,4.440892098500626e-16,0.0,"[-2.199787354405731, -2.1997748829866506, -2.1997748829866506, -2.1997748829866515, -2.199774882986651, -2.199774882986651, -2.1997748829866506]","[0.00876391600468196, 0.013744292002229486, 0.008693375006259885, 0.013758999994024634, 0.008491292006510776, 0.013321499995072372, 0.008170041997800581]",,False,block2_pauli,H4rect_diss
raw_qubit,6,-2.19978069350006,0.0020448139307638336,False,0.0783187499982887,6,True,False,False,100,7,1e-06,4.440892098500626e-16,0.0,"[-2.199787354405731, -2.1997806935000606, -2.1997806935000614, -2.1997806935000614, -2.1997806935000597, -2.1997806935000606, -2.19978069350006]","[0.008724916995561216, 0.009523083004751243, 0.01764295800239779, 0.009498874998826068, 0.01021795799897518, 0.009364957993966527, 0.00896870799624594]",,False,block2_pauli,H4rect_diss
raw_qubit,7,-2.199787354405732,0.0020381530250919155,False,0.08498975000111386,7,True,False,False,100,7,1e-06,8.881784197001252e-16,0.0,"[-2.1997873544057316, -2.1997873544057325, -2.199787354405732, -2.199787354405732, -2.199787354405733, -2.199787354405733, -2.199787354405732]","[0.010155333002330735, 0.009018500000820495, 0.014866833000269253, 0.012755874995491467, 0.013680500000191387, 0.01074783399963053, 0.010023167000326794]",,False,block2_pauli,H4rect_diss
raw_qubit,8,-2.2018255074129574,1.786659709068772e-11,True,0.09072754199587507,8,True,False,False,100,7,1e-06,8.881784197001252e-16,0.0,"[-2.1997873544057316, -2.1997873544057316, -2.201825507412954, -2.2018255074129565, -2.2018255074129565, -2.2018255074129565, -2.2018255074129574]","[0.009645833000831772, 0.014394082994840574, 0.015478375004022382, 0.010075874997710343, 0.010440208003274165, 0.010040875000413507, 0.016971457996987738]",,False,block2_pauli,H4rect_diss
seniority_Nover2,1,-2.1388968343106707,0.06292867312015327,False,0.07407550000061747,1,True,False,False,100,7,1e-06,4.440892098500626e-16,0.0,"[-2.1997873544057303, -2.138896834310671, -2.1388968343106707, -2.138896834310671, -2.1388968343106707, -2.138896834310671, -2.1388968343106707]","[0.009134209001786076, 0.009200374995998573, 0.011175166997418273, 0.009192958001221996, 0.008748332998948172, 0.009244332999514882, 0.014138667000224814]",Seniority N/2,False,block2_pauli,H4rect_diss
seniority_Nover2,2,-2.162466162537653,0.039359344893171055,False,0.08424870800081408,2,True,False,False,100,8,1e-06,1.2178702490928117e-11,0.0,"[-2.2018255074154176, -2.161942977180802, -2.162368625078704, -2.1623686250905383, -2.162450742045334, -2.1624507420574615, -2.162466162525474, -2.162466162537653]","[0.008889040997019038, 0.012838208000175655, 0.008102125000732485, 0.013548750001064036, 0.007975250002346002, 0.011957041999266949, 0.007133792001695838, 0.010589750003418885]",Seniority N/2,False,block2_pauli,H4rect_diss
seniority_Nover2,3,-2.199780693492591,0.00204481393823297,False,0.07723112499661511,3,True,False,False,100,7,1e-06,2.2293278334473143e-13,0.0,"[-2.2018255074154176, -2.1997806934919475, -2.199780693491441, -2.1997806934928112, -2.199780693492592, -2.199780693492814, -2.199780693492591]","[0.013436332999845035, 0.008202749995689373, 0.011192916994332336, 0.012657999999646563, 0.010182541998801753, 0.010192749999987427, 0.008392582996748388]",Seniority N/2,False,block2_pauli,H4rect_diss
seniority_Nover2,4,-2.2018255074154176,1.5406342868118372e-11,True,0.18196795899712015,4,True,False,False,100,7,1e-06,0.0,0.0,"[-2.2018255074154176, -2.2018255074154176, -2.2018255074154185, -2.2018255074154185, -2.2018255074154185, -2.2018255074154176, -2.2018255074154176]","[0.013604833002318628, 0.012837208996643312, 0.009853167000983376, 0.009589583998604212, 0.021402457998192403, 0.08234479100065073, 0.02773904200148536]",Seniority N/2,False,block2_pauli,H4rect_diss
HCT_Nover2_Comm,1,-2.1547303314132638,0.04709517601756019,False,0.07455537500209175,1,True,False,False,100,7,1e-06,1.2183329900494755e-08,0.0,"[-2.2018255074023454, -2.154899481191552, -2.154835262879232, -2.154731997529206, -2.1547325917340068, -2.154730319229934, -2.1547303314132638]","[0.01035125000635162, 0.009353708002890926, 0.0074545420065987855, 0.013201458001276478, 0.008525082994310651, 0.009321999998064712, 0.012346832998446189]",HCT N/2 Comm,False,block2_pauli,H4rect_diss
HCT_Nover2_Comm,2,-2.201825507422979,7.844835892001356e-12,True,0.07356312499905471,2,True,False,False,100,7,1e-06,3.662403713633466e-12,0.0,"[-2.201825507402347, -2.201825507426524, -2.201825507422977, -2.2018255074266415, -2.2018255074229813, -2.2018255074266415, -2.201825507422979]","[0.008302833004563581, 0.01240183300251374, 0.008975750002718996, 0.010229542000161018, 0.008831541999825276, 0.012928750002174638, 0.00905854199663736]",HCT N/2 Comm,False,block2_pauli,H4rect_diss
HCT_N_Comm,1,-2.1495576714752977,0.0522678359555262,False,0.06790604200068628,1,True,False,False,100,7,1e-06,4.440892098500626e-16,0.0,"[-2.201825507430077, -2.1495549372369087, -2.149554937236909, -2.1495576679424238, -2.1495576679424255, -2.1495576714752973, -2.1495576714752977]","[0.008746040999540128, 0.008508958999300376, 0.007744791997538414, 0.008872083002643194, 0.012228250001498964, 0.010864916002901737, 0.007993291001184843]",HCT N Comm,False,block2_pauli,H4rect_diss
HCT_N_Comm,2,-2.201825507418762,1.206190702873755e-11,True,0.07420804199500708,2,True,False,False,100,7,1e-06,3.1462388250247386e-11,0.0,"[-2.201825507430079, -2.2018255074198345, -2.201825507418765, -2.201825507387303, -2.201825507418766, -2.2018255073872997, -2.201825507418762]","[0.012925542003358714, 0.009212667006067932, 0.00881404199753888, 0.009379792005347554, 0.008948999995482154, 0.012849584003561176, 0.009033292000822257]",HCT N Comm,False,block2_pauli,H4rect_diss
Pauli_BLISS+HCT_N_Comm,1,-2.1444467414674016,0.057378765963422396,False,0.07820779200119432,1,True,False,False,100,7,1e-06,4.440892098500626e-16,0.0,"[-2.201825507422834, -2.144513672954854, -2.144513672954854, -2.144448107190856, -2.1444481071908563, -2.144446741467402, -2.1444467414674016]","[0.010839125003258232, 0.008556000000680797, 0.008095749995845836, 0.01702741700137267, 0.010714125004597008, 0.009806416994251776, 0.0104172080027638]",Pauli BLISS+HCT N Comm,False,block2_pauli,H4rect_diss
Pauli_BLISS+HCT_N_Comm,2,-2.201825507426022,4.801936626108727e-12,True,0.07904187500389526,2,True,False,False,100,7,1e-06,2.396749465560788e-12,0.0,"[-2.201825507422835, -2.2018255074231172, -2.2018255074260265, -2.2018255074236226, -2.2018255074260233, -2.2018255074236253, -2.201825507426022]","[0.009361457996419631, 0.009522000000288244, 0.013847708003595471, 0.009038582997163758, 0.008800333002000116, 0.008908416995836888, 0.01635691599949496]",Pauli BLISS+HCT N Comm,False,block2_pauli,H4rect_diss
BS_Nover2_Comm,1,-2.1547303314132638,0.04709517601756019,False,0.08131966600194573,1,True,False,False,100,7,1e-06,1.2183329900494755e-08,0.0,"[-2.2018255074023454, -2.154899481191552, -2.154835262879232, -2.154731997529206, -2.1547325917340068, -2.154730319229934, -2.1547303314132638]","[0.014558666996890679, 0.011414790998969693, 0.008742083999095485, 0.009258291000151075, 0.012541083997348323, 0.008803000004263595, 0.012808542000129819]",BS N/2 Comm,False,block2_pauli,H4rect_diss
BS_Nover2_Comm,2,-2.201825507422979,7.844835892001356e-12,True,0.06730050000624033,2,True,False,False,100,7,1e-06,3.662403713633466e-12,0.0,"[-2.201825507402347, -2.201825507426524, -2.201825507422977, -2.2018255074266415, -2.2018255074229813, -2.2018255074266415, -2.201825507422979]","[0.008882209003786556, 0.00929691700002877, 0.008718459001102019, 0.009340042000985704, 0.007628541003214195, 0.012314750005316455, 0.008246958997915499]",BS N/2 Comm,False,block2_pauli,H4rect_diss
BS_N_Comm,1,-2.1568695522170245,0.04495595521379947,False,0.07642500000656582,1,True,False,False,100,8,1e-06,1.6340944153370174e-07,0.0,"[-2.201825507376661, -2.156695432900717, -2.156909699835941, -2.156850763526145, -2.1568717488949565, -2.156868554621557, -2.156869715626466, -2.1568695522170245]","[0.008199124997190665, 0.007820833998266608, 0.007437667001795489, 0.008011124999029562, 0.011321375000989065, 0.007616292001330294, 0.014757834003830794, 0.008512665997841395]",BS N Comm,False,block2_pauli,H4rect_diss
BS_N_Comm,2,-2.2018255074226962,8.127720718675846e-12,True,0.07606337500328664,2,True,False,False,100,7,1e-06,4.310329870804708e-12,0.0,"[-2.201825507376662, -2.2018255074165793, -2.201825507422691, -2.201825507418386, -2.2018255074226962, -2.201825507418386, -2.2018255074226962]","[0.010495415997866075, 0.01109487500070827, 0.010292291997757275, 0.010538042006373871, 0.008936166996136308, 0.009811749994696584, 0.01091650000307709]",BS N Comm,False,block2_pauli,H4rect_diss
HCT_N_Comm_Fiedler,1,-2.1441041089113178,0.057721398519506195,False,0.08886254200479016,1,True,False,False,100,7,1e-06,8.843800536340041e-08,0.0,"[-2.201825507403241, -2.144148152746644, -2.1441078573834416, -2.1441078573834407, -2.144104197349323, -2.144104197349323, -2.1441041089113178]","[0.008650333998957649, 0.009200083004543558, 0.02206083400233183, 0.009501166001427919, 0.010275624998030253, 0.017379999997501727, 0.008743791993765626]",HCT N Comm,True,block2_pauli,H4rect_diss
HCT_N_Comm_Fiedler,2,-2.2018255074017925,2.9031443915528143e-11,True,0.08235933299874887,2,True,False,False,100,7,1e-06,2.8062441259635307e-11,0.0,"[-2.201825507403241, -2.2018255074297977, -2.201825507401792, -2.201825507429854, -2.201825507401795, -2.201825507429855, -2.2018255074017925]","[0.013946582999778911, 0.009637167000619229, 0.012670125004660804, 0.009513083998172078, 0.012892833998193964, 0.008377083999221213, 0.011823875000118278]",HCT N Comm,True,block2_pauli,H4rect_diss
BS_N_Comm_Fiedler,1,-2.1580180160545828,0.04380749137624118,False,0.07413658299628878,1,True,False,False,100,7,1e-06,8.881784197001252e-16,0.0,"[-2.2018255074208453, -2.1578172983271964, -2.1578172983271946, -2.1580158180326765, -2.158015818032677, -2.1580180160545837, -2.1580180160545828]","[0.007793624994519632, 0.014049416997295339, 0.008114666998153552, 0.012760334000631701, 0.007539709004049655, 0.012560957999085076, 0.00844195800164016]",BS N Comm,True,block2_pauli,H4rect_diss
BS_N_Comm_Fiedler,2,-2.2018255074301774,6.465938895416912e-13,True,0.08014891699713189,2,True,False,False,100,7,1e-06,2.2026824808563106e-13,0.0,"[-2.2018255074208453, -2.201825507430284, -2.2018255074301787, -2.2018255074303967, -2.2018255074301756, -2.2018255074303976, -2.2018255074301774]","[0.009322292004071642, 0.009208374998706859, 0.013923709004302509, 0.009720374997414183, 0.01269154100009473, 0.013572999996540602, 0.008574749997933395]",BS N Comm,True,block2_pauli,H4rect_diss
raw_fermionic_su2,1,-7.743462554710146,0.04081562400525485,False,0.044041749999450985,1,True,False,False,100,7,1e-06,0.0,0.0,"[-7.784136800198444, -7.743462554710146, -7.743462554710146, -7.743462554710146, -7.743462554710146, -7.743462554710146, -7.743462554710146]","[0.004996540999854915, 0.008984207997855265, 0.005481625004904345, 0.005262917002255563, 0.0056758749997243285, 0.006211583000549581, 0.00464737499714829]",,False,block2_su2,LIH_corr
raw_fermionic_su2,2,-7.783375537642763,0.0009026410726384881,True,0.054258458003459964,2,True,False,False,100,7,1e-06,3.0375701953744283e-13,0.0,"[-7.784199892417679, -7.783375535963972, -7.783375535963674, -7.783375537643846, -7.783375537643548, -7.7833755376430664, -7.783375537642763]","[0.005610125001112465, 0.0056899579940363765, 0.009603124999557622, 0.006109334004577249, 0.011255999997956678, 0.0077593749956577085, 0.005629249993944541]",,False,block2_su2,LIH_corr
raw_qubit,1,-7.624975630131303,0.15930254858409842,False,0.17070079199766042,1,True,False,False,100,7,1e-06,0.0,0.0,"[-7.784136800198446, -7.624975630131303, -7.624975630131303, -7.624975630131303, -7.624975630131303, -7.624975630131303, -7.624975630131303]","[0.024165458002244122, 0.023147207997681107, 0.020618250004190486, 0.022898417002579663, 0.022253166003793012, 0.02655520800180966, 0.02315404199907789]",,False,block2_pauli,LIH_corr
raw_qubit,2,-7.781258226498613,0.003019952216788191,False,0.2605052919971058,2,True,False,False,100,11,1e-06,9.999285195405605e-07,0.0,"[-7.784136800198446, -7.782014392091579, -7.781894485372652, -7.780860244030932, -7.780230931808028, -7.780243775189556, -7.7809510778510935, -7.781034927660811, -7.781052944712512, -7.7812592264271325, -7.781258226498613]","[0.021973292001348455, 0.02079083299759077, 0.023800582996045705, 0.02338725000299746, 0.024455541002680548, 0.021696208998037037, 0.021003124995331746, 0.018380708002950996, 0.023218416004965547, 0.02449108300061198, 0.029005333002714906]",,False,block2_pauli,LIH_corr
raw_qubit,3,-7.781745889561999,0.0025322891534020897,False,0.21124562500335742,3,True,False,False,100,7,1e-06,5.849543072145025e-12,0.0,"[-7.784136800198446, -7.782141279246212, -7.782144353323199, -7.781745885917273, -7.781745885915899, -7.7817458895561495, -7.781745889561999]","[0.020057417001225986, 0.033121374995971564, 0.03050749999965774, 0.03672833299788181, 0.02461537499766564, 0.02730275000067195, 0.02987458300049184]",,False,block2_pauli,LIH_corr
raw_qubit,4,-7.783925090874735,0.00035308784066589993,True,0.2806465419998858,4,True,False,False,100,7,1e-06,2.5216273513706255e-11,0.0,"[-7.784136800198446, -7.78392616296251, -7.783925083600539, -7.783925083539451, -7.783925091042008, -7.7839250908999515, -7.783925090874735]","[0.029934208003396634, 0.03291266599990195, 0.09990041600394761, 0.03347049999865703, 0.025026499999512453, 0.02251583299948834, 0.023453333000361454]",,False,block2_pauli,LIH_corr
seniority_Nover2,1,-7.729982504970426,0.054295673744975126,False,0.26047475000086706,1,True,False,False,100,7,1e-06,0.0,0.0,"[-7.784136800198446, -7.729982504970426, -7.729982504970426, -7.729982504970426, -7.729982504970426, -7.729982504970426, -7.729982504970426]","[0.04327533399919048, 0.03266304199496517, 0.04148029200587189, 0.027440665995527525, 0.03242008300003363, 0.03271383300307207, 0.040130166002199985]",Seniority N/2,False,block2_pauli,LIH_corr
seniority_Nover2,2,-7.767318553931331,0.01695962478406976,False,0.24754316600592574,2,True,False,False,100,7,1e-06,2.092380047002962e-08,0.0,"[-7.784173964713643, -7.77187642015763, -7.772198888786754, -7.767523014072747, -7.767509897511765, -7.767318533007531, -7.767318553931331]","[0.0319062920025317, 0.03041658399888547, 0.04006541700073285, 0.026333415997214615, 0.0396479580012965, 0.04329262499959441, 0.02621812500001397]",Seniority N/2,False,block2_pauli,LIH_corr
seniority_Nover2,3,-7.783925715912921,0.00035246280248024675,True,0.2668987080032821,3,True,False,False,100,7,1e-06,1.1993916970709506e-09,0.0,"[-7.784173964713643, -7.78391981671096, -7.783925643124363, -7.783925650831065, -7.7839257137244084, -7.783925714713529, -7.783925715912921]","[0.03211383400048362, 0.032241916000202764, 0.05223045799357351, 0.026310834000469185, 0.03392004199849907, 0.035673874997883104, 0.04004341700056102]",Seniority N/2,False,block2_pauli,LIH_corr
HCT_Nover2_Comm,1,-7.6250717509114825,0.1592064278039187,False,0.23106858399842167,1,True,False,False,100,7,1e-06,1.2434497875801753e-14,0.0,"[-7.784145468355383, -7.625045501327847, -7.625071750829058, -7.625071750828667, -7.6250717509114745, -7.62507175091147, -7.6250717509114825]","[0.03735400000005029, 0.027499791998707224, 0.02751837499818066, 0.02869829200062668, 0.035895875000278465, 0.03023741699871607, 0.02974812500178814]",HCT N/2 Comm,False,block2_pauli,LIH_corr
HCT_Nover2_Comm,2,-7.628171593533791,0.15610658518161014,False,0.3721869159999187,2,True,False,False,100,15,1e-06,3.609062915188588e-08,0.0,"[-7.784198603968159, -7.782221130641426, -7.782193509268341, -7.724056329718419, -7.7240421689062675, -7.746287122665571, -7.7615360338500885, -7.779527730235042, -7.779508061631573, -7.736962749139096, -7.736948439337151, -7.738830983032267, -7.73892298242961, -7.628171557443162, -7.628171593533791]","[0.0246763329996611, 0.02876408400334185, 0.026498375002120156, 0.03559204199700616, 0.02533374999620719, 0.02443075000337558, 0.02159366699925158, 0.018107250005414244, 0.022268916000030003, 0.02193249999982072, 0.027826375000586268, 0.023360874998616055, 0.021375958000135142, 0.018071749997034203, 0.017651624999416526]",HCT N/2 Comm,False,block2_pauli,LIH_corr
HCT_Nover2_Comm,3,-7.782387855928839,0.0018903227865623151,False,0.21496645799925318,3,True,False,False,100,7,1e-06,1.5203216463532954e-09,0.0,"[-7.784229496536566, -7.781887729641159, -7.781906571872675, -7.782386865116145, -7.782387730823562, -7.782387854408517, -7.782387855928839]","[0.02956958299910184, 0.02309987500484567, 0.030821750005998183, 0.039349332997517195, 0.021293499994499143, 0.034267208000528626, 0.029227582999737933]",HCT N/2 Comm,False,block2_pauli,LIH_corr
HCT_Nover2_Comm,4,-7.784171567549733,0.00010661116566801354,True,0.184609707997879,4,True,False,False,100,7,1e-06,6.355725723494743e-09,0.0,"[-7.784259505373256, -7.784224059835026, -7.7841719918509025, -7.78417199185685, -7.7841715738999335, -7.784171573905459, -7.784171567549733]","[0.02221504200133495, 0.028573749994393438, 0.030710208993696142, 0.024280082994664554, 0.02153854199423222, 0.025571874997694977, 0.023530792001110967]",HCT N/2 Comm,False,block2_pauli,LIH_corr
HCT_N_Comm,1,-7.760745040911566,0.02353313780383548,False,0.1946738339975127,1,True,False,False,100,9,1e-06,9.761153307863424e-08,0.0,"[-7.7841368008448795, -7.760202055906182, -7.760202774966998, -7.76071548346366, -7.7607475193390805, -7.760745222067938, -7.760746542969329, -7.760744943300033, -7.760745040911566]","[0.02357925000251271, 0.020813041999645066, 0.01834324999799719, 0.0192683749992284, 0.024285208004585, 0.022877374998643063, 0.018603582997457124, 0.01826545799849555, 0.021269625001878012]",HCT N Comm,False,block2_pauli,LIH_corr
HCT_N_Comm,2,-7.783938555071444,0.000339623643957232,True,0.15426720899995416,2,True,False,False,100,7,1e-06,7.535838619787683e-11,0.0,"[-7.784137066075041, -7.783938265885572, -7.7839384908271345, -7.78393854971865, -7.783938549457929, -7.783938555146802, -7.783938555071444]","[0.02186341700144112, 0.01930316699872492, 0.022200915998837445, 0.02260879199457122, 0.024804417000268586, 0.01894079199701082, 0.01770833299815422]",HCT N Comm,False,block2_pauli,LIH_corr
Pauli_BLISS+HCT_N_Comm,1,-7.767295075458867,0.016983103256533738,False,0.19081912499677856,1,True,False,False,100,8,1e-06,8.881784197001252e-16,0.0,"[-7.784136800198449, -7.767262599680703, -7.767134657421515, -7.767134657421512, -7.7672806329472035, -7.76728063294721, -7.767295075458868, -7.767295075458867]","[0.02587366700026905, 0.024286291001772042, 0.024519874998077285, 0.024361458999919705, 0.018932250000943895, 0.01964162500371458, 0.02093720799894072, 0.022195915997144766]",Pauli BLISS+HCT N Comm,False,block2_pauli,LIH_corr
Pauli_BLISS+HCT_N_Comm,2,-7.7825328321647635,0.0017453465506376276,False,0.2220484590070555,2,True,False,False,100,9,1e-06,4.8519336104391186e-08,0.0,"[-7.784140096666025, -7.781718399266582, -7.782158555135826, -7.782375539903449, -7.782458410498084, -7.782507225517847, -7.78251879057509, -7.782532783645427, -7.7825328321647635]","[0.0286370000030729, 0.02347495899448404, 0.018402041001536418, 0.028552250005304813, 0.020793874995433725, 0.026027166997664608, 0.021400791993073653, 0.024887500003387686, 0.021365333996072877]",Pauli BLISS+HCT N Comm,False,block2_pauli,LIH_corr
Pauli_BLISS+HCT_N_Comm,3,-7.78362227168077,0.0006559070346314755,True,0.17559341699961806,3,True,False,False,100,7,1e-06,6.875017000140815e-09,0.0,"[-7.784269894650178, -7.783609208815674, -7.783610104297006, -7.783620780788354, -7.783620786873431, -7.783622264805753, -7.78362227168077]","[0.023690999994869344, 0.025305417002527975, 0.02870262500073295, 0.020397792002768256, 0.02168225000059465, 0.024522167004761286, 0.024173833000531886]",Pauli BLISS+HCT N Comm,False,block2_pauli,LIH_corr
BS_Nover2_Comm,1,-7.6250717509114825,0.1592064278039187,False,0.16189720800321084,1,True,False,False,100,7,1e-06,1.2434497875801753e-14,0.0,"[-7.784145468355383, -7.625045501327847, -7.625071750829058, -7.625071750828667, -7.6250717509114745, -7.62507175091147, -7.6250717509114825]","[0.02210695800022222, 0.021939459002169315, 0.021406624997325707, 0.019963708997238427, 0.02525995900214184, 0.024825000000419095, 0.01936579099856317]",BS N/2 Comm,False,block2_pauli,LIH_corr
BS_Nover2_Comm,2,-7.628171593533791,0.15610658518161014,False,0.39615991600294365,2,True,False,False,100,15,1e-06,3.609062915188588e-08,0.0,"[-7.784198603968159, -7.782221130641426, -7.782193509268341, -7.724056329718419, -7.7240421689062675, -7.746287122665571, -7.7615360338500885, -7.779527730235042, -7.779508061631573, -7.736962749139096, -7.736948439337151, -7.738830983032267, -7.73892298242961, -7.628171557443162, -7.628171593533791]","[0.02395049999904586, 0.020618167000066023, 0.02896675000374671, 0.03072329099813942, 0.02428308300295612, 0.02271979200304486, 0.026606166997225955, 0.030535416000930127, 0.018840750002709683, 0.021160917000088375, 0.026114249994861893, 0.03365145899442723, 0.02891362499940442, 0.032058083001174964, 0.01842404199851444]",BS N/2 Comm,False,block2_pauli,LIH_corr
BS_Nover2_Comm,3,-7.782387855928839,0.0018903227865623151,False,0.17216445799567737,3,True,False,False,100,7,1e-06,1.5203216463532954e-09,0.0,"[-7.784229496536566, -7.781887729641159, -7.781906571872675, -7.782386865116145, -7.782387730823562, -7.782387854408517, -7.782387855928839]","[0.02484037500107661, 0.02387116699537728, 0.02743670900235884, 0.021940833001281135, 0.01845037499879254, 0.022714832994097378, 0.021580207998340484]",BS N/2 Comm,False,block2_pauli,LIH_corr
BS_Nover2_Comm,4,-7.784171567549733,0.00010661116566801354,True,0.16854891699767904,4,True,False,False,100,7,1e-06,6.355725723494743e-09,0.0,"[-7.784259505373256, -7.784224059835026, -7.7841719918509025, -7.78417199185685, -7.7841715738999335, -7.784171573905459, -7.784171567549733]","[0.028097416994569357, 0.020153958997980226, 0.018987916002515703, 0.02694612499908544, 0.02403687500191154, 0.02175395800441038, 0.021235416999843437]",BS N/2 Comm,False,block2_pauli,LIH_corr
BS_N_Comm,1,-7.781627064952574,0.0026511137628268955,False,0.3184427919986774,1,True,False,False,100,13,1e-06,3.5334507320072817e-07,0.0,"[-7.7841454683553835, -7.755913247870719, -7.773240319292707, -7.777069912936485, -7.7805237247396, -7.781376350046524, -7.7815490041513, -7.781602998896483, -7.781617338781904, -7.781623640330644, -7.781625679492856, -7.781626711607501, -7.781627064952574]","[0.024802290994557552, 0.020656166001572274, 0.020211791001202073, 0.030757792002987117, 0.02093958399927942, 0.020412792000570334, 0.017496791006124113, 0.020626249999622814, 0.043317959003616124, 0.022474583005532622, 0.023133375005272683, 0.017248374999326188, 0.02867675000015879]",BS N Comm,False,block2_pauli,LIH_corr
BS_N_Comm,2,-7.7840152423450455,0.00026293637035568196,True,0.1651426660027937,2,True,False,False,100,7,1e-06,2.3201529586458491e-10,0.0,"[-7.784197270811649, -7.784009700228497, -7.784015224889618, -7.784015224786021, -7.784015242211526, -7.78401524211303, -7.7840152423450455]","[0.023235915999975987, 0.022692999998980667, 0.023090333001164254, 0.0240639999974519, 0.01923887500015553, 0.020377249995362945, 0.02193341700331075]",BS N Comm,False,block2_pauli,LIH_corr
HCT_N_Comm_Fiedler,1,-7.757756826578142,0.02652135213725959,False,2.2414392919963575,1,False,True,True,100,100,1e-06,0.00041719846984999975,0.0,"[-7.784136800844879, -7.770598925831443, -7.7650101571620045, -7.764592243628481, -7.763951295356087, -7.762922970568625, -7.762669721284133, -7.762024742426513, -7.7618984693986395, -7.761473775186028, -7.761394959583433, -7.7610921612711685, -7.761036430868415, -7.760805817152766, -7.760763239247309, -7.7605780745713115, -7.760543717687981, -7.76038854592739, -7.76035961136907, -7.760224813307819, -7.760199560664947, -7.760078737551147, -7.760056003910797, -7.759944619075272, -7.759923574161317, -7.7598181893742115, -7.759798198101333, -7.75969600640188, -7.759676544215015, -7.759575052318404, -7.759555646779555, -7.7594524254595765, -7.759432609222246, -7.759325056613427, -7.7593043214573925, -7.759189388895492, -7.759167130914999, -7.759040946480505, -7.7590163891198785, -7.758873671521779, -7.758845743850482, -7.758678799716607, -7.75864592577428, -7.758442787333411, -7.758402491343853, -7.758143148618254, -7.758091251439426, -7.757739219201926, -7.757668001348877, -7.75714884323382, -7.757042780037452, -7.7561797130169285, -7.75600502980896, -7.754291183915065, -7.754124702169296, -7.749859747161658, -7.753452850985046, -7.7590950910481045, -7.763782690942817, -7.764935930465074, -7.766035378635245, -7.766114911687415, -7.763108976462059, -7.763208507581867, -7.765996291985807, -7.7660527575406295, -7.760439460261338, -7.760616692229364, -7.766162844644402, -7.766239680341547, -7.765709107189146, -7.765733489922129, -7.765650626205751, -7.765679591238154, -7.757328858015111, -7.757738080819977, -7.766044881395034, -7.7662667274427974, -7.765629659306489, -7.765660338195515, -7.757341798966146, -7.757761526676388, -7.766022796580572, -7.766251611232751, -7.765630446606161, -7.765662200010193, -7.757339067635613, -7.757755636702298, -7.766028423690614, -7.766255473565959, -7.765630133752591, -7.7656616197873465, -7.757339835706467, -7.757757269202571, -7.766026869136202, -7.76625440721425, -7.765630213014498, -7.765661773332553, -7.757339628108292, -7.757756826578142]","[0.02293304100021487, 0.024246375003713183, 0.022002334000717383, 0.03050341700145509, 0.019772708001255523, 0.02953283399983775, 0.01773170800152002, 0.01917154200054938, 0.018859250005334616, 0.023111291993700434, 0.02098666699748719, 0.02206274999480229, 0.02125566699396586, 0.022555832998477854, 0.017354833995341323, 0.01887604199873749, 0.025752666995686013, 0.02440233300148975, 0.019206500001018867, 0.022378833004040644, 0.026449416996911168, 0.02117020900186617, 0.017008166993036866, 0.02572995900118258, 0.025087417001486756, 0.029397165999398567, 0.021895999998378102, 0.02468912499898579, 0.021174374996917322, 0.023468459003197495, 0.017779084002540912, 0.022692375001497567, 0.02134245799970813, 0.023769000006723218, 0.025137791999441106, 0.019753417000174522, 0.017031834002409596, 0.021605458001431543, 0.021862082998268306, 0.021789124999486376, 0.020962125003279652, 0.01757083399570547, 0.02693641600490082, 0.026521915999182966, 0.018577000002551358, 0.0239760410040617, 0.020589583000401035, 0.023352666998107452, 0.02168274999712594, 0.021994208000251092, 0.01704016700387001, 0.01891345900367014, 0.03698545899533201, 0.018812249996699393, 0.017128167004557326, 0.022326124999381136, 0.02433454099809751, 0.02981450000515906, 0.017921124999702442, 0.01884604100632714, 0.02824825000425335, 0.02832374999707099, 0.034124874997360166, 0.023655249999137595, 0.018275541995535605, 0.021055458004411776, 0.021007333998568356, 0.02122283300559502, 0.02587487500568386, 0.019328374997712672, 0.02165495799999917, 0.0201284590002615, 0.02122666699870024, 0.023936124998726882, 0.02080312500038417, 0.021472874999744818, 0.016591915999015328, 0.01804075000109151, 0.023071458999766037, 0.026203708999673836, 0.0186424999992596, 0.023099375001038425, 0.022370708000380546, 0.017533666999952402, 0.016126040995004587, 0.01733783300005598, 0.02486495800258126, 0.01956212499499088, 0.021440457996504847, 0.03257650000159629, 0.01834808300191071, 0.018750125003862195, 0.02346279199991841, 0.02955404199747136, 0.02213270799984457, 0.022286833998805378, 0.024076374997093808, 0.018317292000574525, 0.01681283400102984, 0.025622708002629224]",HCT N Comm,True,block2_pauli,LIH_corr
HCT_N_Comm_Fiedler,2,-7.784020670306189,0.000257508409212015,True,0.20734520800033351,2,True,False,False,100,8,1e-06,4.7191583973926754e-11,0.0,"[-7.784216198396662, -7.784023242349063, -7.78402694406906, -7.784026944126808, -7.78402328281487, -7.784023282912844, -7.784020670353381, -7.784020670306189]","[0.02070475000073202, 0.026336542003264185, 0.028440957998100203, 0.02500862500164658, 0.01967829200293636, 0.023249332996783778, 0.025222917000064626, 0.02467041699856054]",HCT N Comm,True,block2_pauli,LIH_corr
BS_N_Comm_Fiedler,1,-7.781456148206421,0.0028220305089803333,False,0.20943258400075138,1,True,False,False,100,8,1e-06,2.834486956260207e-08,0.0,"[-7.784138598404508, -7.73476544252736, -7.778283411915945, -7.778347802050345, -7.781443128098708, -7.781443927900225, -7.78145617655129, -7.781456148206421]","[0.02907174999563722, 0.02040487500198651, 0.0224896669969894, 0.026254666001477744, 0.026073209002788644, 0.026644792000297457, 0.02179029099352192, 0.02801891700073611]",BS N Comm,True,block2_pauli,LIH_corr
BS_N_Comm_Fiedler,2,-7.7840230881165535,0.0002550905988476515,True,0.18071475000033388,2,True,False,False,100,7,1e-06,1.2093437362636905e-11,0.0,"[-7.784217330068309, -7.7840231268567335, -7.784023126838457, -7.784023088250592, -7.784023088238531, -7.784023088128647, -7.7840230881165535]","[0.029698165999434423, 0.021965084000839852, 0.025752625006134622, 0.022598916999413632, 0.02229779100161977, 0.02576312499877531, 0.02051750000100583]",BS N Comm,True,block2_pauli,LIH_corr
raw_fermionic_su2,1,-7.86212883342706,0.020195545456481945,False,0.04265941600169754,1,True,False,False,100,7,1e-06,1.7763568394002505e-15,0.0,"[-7.882310986267197, -7.862128833427062, -7.86212883342706, -7.862128833427062, -7.86212883342706, -7.862128833427062, -7.86212883342706]","[0.005557457996474113, 0.005245708998700138, 0.004808750003576279, 0.009780041000340134, 0.005472625001857523, 0.005007833999115974, 0.00436166600411525]",,False,block2_su2,LIH_eqm
raw_fermionic_su2,2,-7.8779272968594105,0.004397082024131471,False,0.053160958996159025,2,True,False,False,100,7,1e-06,5.329070518200751e-15,0.0,"[-7.882310986267197, -7.877826277127643, -7.877826277135912, -7.877825925091812, -7.87792729720013, -7.877927296859416, -7.8779272968594105]","[0.009725833995616995, 0.004747083003167063, 0.012277875001018401, 0.004499875001783948, 0.005308667001372669, 0.005363709002267569, 0.008583750000980217]",,False,block2_su2,LIH_eqm
raw_fermionic_su2,3,-7.88221550964142,0.00010886924212183402,True,0.04170341700228164,3,True,False,False,100,7,1e-06,8.15170153600775e-11,0.0,"[-7.882314976405428, -7.882215505203582, -7.882215505182692, -7.882215510821751, -7.882215510902776, -7.882215509559903, -7.88221550964142]","[0.0061879999993834645, 0.005371582999941893, 0.005831375005072914, 0.005800291997729801, 0.005718374995922204, 0.005599208998319227, 0.004622375003236812]",,False,block2_su2,LIH_eqm
raw_qubit,1,-7.861864769808658,0.020459609074883645,False,0.1803404579986818,1,True,False,False,100,7,1e-06,0.0,0.0,"[-7.882310986267197, -7.861864769808658, -7.861864769808658, -7.861864769808658, -7.861864769808658, -7.861864769808658, -7.861864769808658]","[0.024217375001171604, 0.025553207997290883, 0.024078624999674503, 0.023460625001462176, 0.01813091700023506, 0.02200045800418593, 0.029587084005470388]",,False,block2_pauli,LIH_eqm
raw_qubit,2,-7.877080908361206,0.005243470522335869,False,0.16861900000367314,2,True,False,False,100,7,1e-06,1.1285195000709791e-11,0.0,"[-7.882310986267197, -7.877080735463883, -7.8770809079345305, -7.877080907934531, -7.877080908349921, -7.877080908349921, -7.877080908361206]","[0.020391999998537358, 0.023127334003220312, 0.027409208996687084, 0.019265000002633315, 0.021674416995665524, 0.02227087500068592, 0.026474500002223067]",,False,block2_pauli,LIH_eqm
raw_qubit,3,-7.87946614930423,0.0028582295793118107,False,0.16222954200202366,3,True,False,False,100,7,1e-06,1.7956792319751003e-07,0.0,"[-7.882310986267197, -7.879335504044751, -7.879465278516658, -7.879465494741163, -7.879465874633265, -7.879465969736307, -7.87946614930423]","[0.024045666003075894, 0.02324462500109803, 0.01779170800000429, 0.025248666999686975, 0.01943483300419757, 0.023135082999942824, 0.02200295900547644]",,False,block2_pauli,LIH_eqm
raw_qubit,4,-7.881603329487101,0.0007210493964411313,True,0.17090583299432183,4,True,False,False,100,7,1e-06,1.4290790772975015e-12,0.0,"[-7.882310986267197, -7.881598226606511, -7.881603328545802, -7.881603328545805, -7.881603329488531, -7.88160332948853, -7.881603329487101]","[0.025624583002354484, 0.02027795799949672, 0.021918291997280903, 0.026390750004793517, 0.021691957997973077, 0.024904625002818648, 0.018862083998101298]",,False,block2_pauli,LIH_eqm
seniority_Nover2,1,-7.862114245535599,0.02021013334794297,False,0.1747115410034894,1,True,False,False,100,7,1e-06,0.0,0.0,"[-7.882310986267198, -7.862114245535599, -7.862114245535599, -7.862114245535599, -7.862114245535599, -7.862114245535599, -7.862114245535599]","[0.027277291999780573, 0.02376699999877019, 0.01775333300611237, 0.023403874998621177, 0.025953584001399577, 0.02168487499875482, 0.01900329199997941]",Seniority N/2,False,block2_pauli,LIH_eqm
seniority_Nover2,2,-7.881527315478142,0.0007970634054004222,True,0.16318049999972573,2,True,False,False,100,7,1e-06,8.686936858737226e-08,0.0,"[-7.882312222016363, -7.881534167355673, -7.881537642511178, -7.88152954584986, -7.881528495259976, -7.88152740234751, -7.881527315478142]","[0.020532084003207274, 0.028215416001330595, 0.019517583001288585, 0.023067374997481238, 0.021482415999344084, 0.022336624999297783, 0.0204223330001696]",Seniority N/2,False,block2_pauli,LIH_eqm
HCT_Nover2_Comm,1,-7.861987606194128,0.02033677268941414,False,0.16330562499933876,1,True,False,False,100,7,1e-06,5.240252676230739e-14,0.0,"[-7.882311077619468, -7.861987614031514, -7.8619876061918434, -7.86198760617396, -7.861987606194079, -7.86198760619418, -7.861987606194128]","[0.021560291999776382, 0.021010499993280973, 0.023990040994249284, 0.02299079099611845, 0.024209249997511506, 0.024474208999890834, 0.017944083003385458]",HCT N/2 Comm,False,block2_pauli,LIH_eqm
HCT_Nover2_Comm,2,-7.878436417888471,0.003887960995070827,False,0.16670683300617384,2,True,False,False,100,7,1e-06,3.1588953675054654e-11,0.0,"[-7.882313262576345, -7.8784355936291774, -7.87843642193985, -7.87843642193988, -7.878436417920028, -7.87843641792006, -7.878436417888471]","[0.021526042000914458, 0.02309520800190512, 0.025040667002031114, 0.02037824999570148, 0.01929691699479008, 0.022717375002685003, 0.02693658300267998]",HCT N/2 Comm,False,block2_pauli,LIH_eqm
HCT_Nover2_Comm,3,-7.882032446733584,0.0002919321499579297,True,0.16840041599789402,3,True,False,False,100,7,1e-06,1.4199867948150313e-09,0.0,"[-7.882322605199504, -7.881841372983882, -7.8820322764279, -7.882032276427861, -7.882032445313636, -7.882032445313597, -7.882032446733584]","[0.023528167002950795, 0.023716000003332738, 0.02268220800033305, 0.022872625006129965, 0.021783208998385817, 0.02379612500226358, 0.022453666999354027]",HCT N/2 Comm,False,block2_pauli,LIH_eqm
HCT_N_Comm,1,-7.876529802007308,0.005794576876233748,False,0.17495995899662375,1,True,False,False,100,7,1e-06,8.339909740584517e-08,0.0,"[-7.882310994108678, -7.876812503203877, -7.876536432745531, -7.8765363683690826, -7.876529885268921, -7.876529885406406, -7.876529802007308]","[0.02269245799834607, 0.022473958000773564, 0.02838016700115986, 0.026707167002314236, 0.02127400000608759, 0.021627292000630405, 0.02435262499784585]",HCT N Comm,False,block2_pauli,LIH_eqm
HCT_N_Comm,2,-7.882098741938716,0.00022563694482613528,True,0.16686770800151862,2,True,False,False,100,7,1e-06,1.0554730422995817e-08,0.0,"[-7.882314899423639, -7.882097672908259, -7.882098883899664, -7.88209888668413, -7.882098752260917, -7.882098752493446, -7.882098741938716]","[0.024324207995960023, 0.020629000006010756, 0.02349191599932965, 0.024329041996679734, 0.02011208399926545, 0.01948104199982481, 0.026092916996276472]",HCT N Comm,False,block2_pauli,LIH_eqm
Pauli_BLISS+HCT_N_Comm,1,-7.876529802007308,0.005794576876233748,False,0.16438995800126577,1,True,False,False,100,7,1e-06,8.339909740584517e-08,0.0,"[-7.882310994108678, -7.876812503203877, -7.876536432745531, -7.8765363683690826, -7.876529885268921, -7.876529885406406, -7.876529802007308]","[0.01865483399888035, 0.026569208996079396, 0.020248749999154825, 0.026333583002269734, 0.02004033300181618, 0.020855791997746564, 0.02441716700559482]",Pauli BLISS+HCT N Comm,False,block2_pauli,LIH_eqm
Pauli_BLISS+HCT_N_Comm,2,-7.882098741938716,0.00022563694482613528,True,0.18312191600125516,2,True,False,False,100,7,1e-06,1.0554730422995817e-08,0.0,"[-7.882314899423639, -7.882097672908259, -7.882098883899664, -7.88209888668413, -7.882098752260917, -7.882098752493446, -7.882098741938716]","[0.02323883299686713, 0.023652332994970493, 0.023656165998545475, 0.029456166994350497, 0.02404791599838063, 0.03340175000630552, 0.017404041995177977]",Pauli BLISS+HCT N Comm,False,block2_pauli,LIH_eqm
BS_Nover2_Comm,1,-7.86223498209516,0.020089396788382174,False,0.16342925000208197,1,True,False,False,100,7,1e-06,6.23856521997368e-12,0.0,"[-7.882311266948491, -7.862086468511631, -7.862234923924609, -7.862235005463727, -7.8622349820980295, -7.862234982101398, -7.86223498209516]","[0.028260833001695573, 0.018059249996440485, 0.02052008300233865, 0.020004375001008157, 0.02431662500021048, 0.022246499996981584, 0.02227316600328777]",BS N/2 Comm,False,block2_pauli,LIH_eqm
BS_Nover2_Comm,2,-7.880147432749988,0.002176946133554125,False,0.17242975000408478,2,True,False,False,100,7,1e-06,1.0044393761177162e-08,0.0,"[-7.882312703286775, -7.88015528181435, -7.880147348525631, -7.880147445280227, -7.880147437288862, -7.880147442794382, -7.880147432749988]","[0.020767374997376464, 0.024406083997746464, 0.02523029200528981, 0.029633124999236315, 0.024403374998655636, 0.024117417000525165, 0.01643270799831953]",BS N/2 Comm,False,block2_pauli,LIH_eqm
BS_Nover2_Comm,3,-7.88221708211319,0.0001072967703521499,True,0.16736849999870174,3,True,False,False,100,7,1e-06,1.8255637002084768e-09,0.0,"[-7.882312703286775, -7.882218885164939, -7.882217078261417, -7.8822170802470195, -7.8822170898120705, -7.882217080287626, -7.88221708211319]","[0.019808709002973046, 0.03366575000109151, 0.021268333999614697, 0.02289295800437685, 0.021626874993671663, 0.02371175000007497, 0.016967249997833278]",BS N/2 Comm,False,block2_pauli,LIH_eqm
BS_N_Comm,1,-7.881156091588492,0.001168287295049808,True,0.18019283300236566,1,True,False,False,100,7,1e-06,2.423767853088066e-10,0.0,"[-7.882311589801229, -7.88115257932845, -7.8811561393603355, -7.881156139361611, -7.881156091829452, -7.881156091830869, -7.881156091588492]","[0.024823250001645647, 0.02686883400019724, 0.025831958999333438, 0.02208124999742722, 0.020909375001792796, 0.02421008300007088, 0.02717229199333815]",BS N Comm,False,block2_pauli,LIH_eqm
HCT_N_Comm_Fiedler,1,-7.877411726930884,0.004912651952658109,False,0.2150422919949051,1,True,False,False,100,8,1e-06,1.7763568394002505e-15,0.0,"[-7.882311294035176, -7.876820029034222, -7.8773911785943405, -7.8773911785943405, -7.87741023156463, -7.877410231564628, -7.877411726930886, -7.877411726930884]","[0.02289116699830629, 0.023828082994441502, 0.024903083001845516, 0.026820584003871772, 0.025871166995784733, 0.026800999999977648, 0.025381500003277324, 0.02555824999581091]",HCT N Comm,True,block2_pauli,LIH_eqm
HCT_N_Comm_Fiedler,2,-7.882093133496495,0.0002312453870469966,True,0.21564329200191423,2,True,False,False,100,8,1e-06,3.348610277953412e-11,0.0,"[-7.88231331941534, -7.882096884938492, -7.882099361944054, -7.8820993619257935, -7.882097437149265, -7.88209743712174, -7.882093133529981, -7.882093133496495]","[0.026837540994165465, 0.02973329099768307, 0.021227375000307802, 0.02593762499600416, 0.02951066700188676, 0.021275915998558048, 0.021508875004656147, 0.029867500001273584]",HCT N Comm,True,block2_pauli,LIH_eqm
BS_N_Comm_Fiedler,1,-7.881156231643555,0.0011681472399871495,True,0.18830124999658437,1,True,False,False,100,7,1e-06,2.233928597661361e-10,0.0,"[-7.882311497847404, -7.881066404052875, -7.881155628060498, -7.881156174034521, -7.881156229630505, -7.881156231420162, -7.881156231643555]","[0.02484429199830629, 0.024068749997240957, 0.026323458005208522, 0.026154583996685687, 0.02640337499906309, 0.025945291999960318, 0.021700917000998743]",BS N Comm,True,block2_pauli,LIH_eqm
raw_fermionic_su2,1,-107.37247880025572,0.20915612192671063,False,0.09282612500101095,1,True,False,False,100,7,1e-06,0.0,0.0,"[-107.52694981960454, -107.37247880025572, -107.37247880025572, -107.37247880025572, -107.37247880025572, -107.37247880025572, -107.37247880025572]","[0.013526041999284644, 0.014190583002346102, 0.013344666993361898, 0.009211832999426406, 0.012831374995585065, 0.009892166999634355, 0.009394833999976981]",,False,block2_su2,N2_corr
raw_fermionic_su2,2,-107.47530396991415,0.10633095226828004,False,0.14894379200268304,2,True,False,False,100,10,1e-06,7.34786695488765e-07,0.0,"[-107.52694981960454, -107.47253924234232, -107.47519515152555, -107.47555629283909, -107.47535215389851, -107.47538428201734, -107.47531403347605, -107.47531839602661, -107.47530323512746, -107.47530396991415]","[0.017024707995005883, 0.015928291002637707, 0.012197207994177006, 0.01668016699841246, 0.011853084004542325, 0.016340250003850088, 0.011425166005210485, 0.010182374993746635, 0.00993479099997785, 0.018271000000822823]",,False,block2_su2,N2_corr
raw_fermionic_su2,3,-107.50225761068646,0.07937731149597482,False,0.10959283300326206,3,True,False,False,100,7,1e-06,3.0106731685464183e-07,0.0,"[-107.52694981960454, -107.50335407200646, -107.50232283096376, -107.50232520184434, -107.5022527472998, -107.50225730961914, -107.50225761068646]","[0.01669804099947214, 0.011967833997914568, 0.02081137500499608, 0.011950666004850063, 0.01170520799496444, 0.017093124995881226, 0.011105874997156207]",,False,block2_su2,N2_corr
raw_fermionic_su2,4,-107.51246082642153,0.06917409576089995,False,0.12528699999529636,4,True,False,False,100,8,1e-06,5.852228923686198e-09,0.0,"[-107.52694981960454, -107.5033429891089, -107.51000202644018, -107.51000318542678, -107.51168308584776, -107.51168312420887, -107.5124608205693, -107.51246082642153]","[0.01849416700133588, 0.01672987500205636, 0.01093820900132414, 0.016926917000091635, 0.015049542002088856, 0.011267000001680572, 0.0166478749961243, 0.011135000000649597]",,False,block2_su2,N2_corr
raw_fermionic_su2,5,-107.51604990552505,0.06558501665737992,False,0.12762183399900096,5,True,False,False,100,8,1e-06,1.9241497284383513e-11,0.0,"[-107.53897643821769, -107.50685059265626, -107.51355780926102, -107.5135600361235, -107.51549851166953, -107.51549851683006, -107.51604990550581, -107.51604990552505]","[0.019929333997424692, 0.017490083999291528, 0.01180058300087694, 0.017184000003908295, 0.01787579200026812, 0.01305241699446924, 0.010977416997775435, 0.01151854199997615]",,False,block2_su2,N2_corr
raw_fermionic_su2,6,-107.5335347095644,0.04810021261802433,False,0.1504870420030784,6,True,False,False,100,8,1e-06,1.4068746168049984e-12,0.0,"[-107.55404803429029, -107.54040290722523, -107.53366756628704, -107.53366756633432, -107.53365326048525, -107.53365326049737, -107.53353470956581, -107.5335347095644]","[0.018297750000783708, 0.018032749998383224, 0.02038262499991106, 0.01404466700478224, 0.017148041995824315, 0.01847287499549566, 0.022002291996614076, 0.014243917001294903]",,False,block2_su2,N2_corr
raw_fermionic_su2,7,-107.55182047935907,0.02981444282336554,False,0.1442114580058842,7,True,False,False,100,8,1e-06,4.561684363579843e-12,0.0,"[-107.558381624323, -107.55410836522215, -107.55173808462287, -107.55173808462494, -107.55189188291958, -107.55189188292162, -107.5518204793545, -107.55182047935907]","[0.017266208000364713, 0.019826666000881232, 0.018141583001124673, 0.019241875001171138, 0.02036579199921107, 0.01689691699721152, 0.01224391700088745, 0.012345957999059465]",,False,block2_su2,N2_corr
raw_fermionic_su2,8,-107.55830765807835,0.0233272641040827,False,0.1559772500040708,8,True,False,False,100,8,1e-06,8.526512829121202e-14,0.0,"[-107.55999639808928, -107.55611248714376, -107.55801594685143, -107.55801594685498, -107.55828280078424, -107.55828280078406, -107.55830765807843, -107.55830765807835]","[0.015994624998711515, 0.024133625003742054, 0.02205220800533425, 0.018720958003541455, 0.015071041998453438, 0.014732458999787923, 0.018914291002147365, 0.018492874994990416]",,False,block2_su2,N2_corr
raw_fermionic_su2,9,-107.55841758257246,0.023217339609971077,False,0.17139870800019708,9,True,False,False,100,8,1e-06,5.258016244624741e-13,0.0,"[-107.5610752060551, -107.55714787706881, -107.55810479053135, -107.55810479053189, -107.55839038221019, -107.55839038220982, -107.55841758257299, -107.55841758257246]","[0.022983834001934156, 0.015457749999768566, 0.0216588330004015, 0.015321209000831004, 0.015303166997910012, 0.02471749999676831, 0.018831832996511366, 0.018167541005823296]",,False,block2_su2,N2_corr
raw_fermionic_su2,10,-107.55966566446389,0.021969257718538415,False,0.16929283400531858,10,True,False,False,100,8,1e-06,2.4158453015843406e-12,0.0,"[-107.56156196207185, -107.56161549891995, -107.559400030218, -107.55940003021722, -107.5596195786729, -107.55961957867048, -107.55966566446631, -107.55966566446389]","[0.017382792000717018, 0.0167537080051261, 0.015823666006326675, 0.023032334000163246, 0.020471374999033287, 0.02991854200081434, 0.02145429200027138, 0.01631654200173216]",,False,block2_su2,N2_corr
raw_fermionic_su2,12,-107.56410594583893,0.017528976343498925,False,0.19694279100076528,12,True,False,False,100,8,1e-06,1.7337242752546445e-12,0.0,"[-107.56159988533595, -107.56165356226028, -107.56355058176831, -107.56355058177127, -107.56398148714263, -107.56398148714555, -107.56410594584067, -107.56410594583893]","[0.019244292001530994, 0.023902834000182338, 0.028998082998441532, 0.024316416995134205, 0.022494333003123756, 0.021612167001876514, 0.021659250000084285, 0.022622250005952083]",,False,block2_su2,N2_corr
raw_fermionic_su2,14,-107.56850399324497,0.013130928937457043,False,0.17980520800483646,14,True,False,False,100,7,1e-06,2.917860371098868e-07,0.0,"[-107.56160601268805, -107.5621602752841, -107.56717045736606, -107.56717045737258, -107.5685037014569, -107.56850370145894, -107.56850399324497]","[0.024738000000070315, 0.030800166001426987, 0.020695790997706354, 0.02062491700053215, 0.0250446669961093, 0.021561708999797702, 0.028555792006955016]",,False,block2_su2,N2_corr
raw_fermionic_su2,16,-107.56912486093854,0.012510061243887094,False,0.18677074999868637,16,True,False,False,100,7,1e-06,7.28471150068799e-09,0.0,"[-107.56165499272664, -107.5623138489409, -107.56731066270592, -107.56901677902792, -107.56912485366695, -107.56912485365383, -107.56912486093854]","[0.02343187500082422, 0.0230651250021765, 0.02203604199894471, 0.03801112499786541, 0.022066208002797794, 0.021905290996073745, 0.027503083998453803]",,False,block2_su2,N2_corr
raw_fermionic_su2,18,-107.57047323135563,0.011161690826796189,False,0.23490120800124714,18,True,False,False,100,8,1e-06,5.843503458891064e-11,0.0,"[-107.56167865622331, -107.56288972552645, -107.56941674202385, -107.57024419635833, -107.57046190047113, -107.57046190044481, -107.57047323141407, -107.57047323135563]","[0.026789666997501627, 0.02924699999857694, 0.027386625006329268, 0.025007750002259854, 0.041723125003045425, 0.029124082997441292, 0.024684833006176632, 0.022848499997053295]",,False,block2_su2,N2_corr
raw_fermionic_su2,20,-107.57103657685732,0.010598345325107061,False,0.22800075000122888,20,True,False,False,100,7,1e-06,2.16175067180302e-07,0.0,"[-107.5617217935607, -107.56362625397418, -107.56910868043451, -107.57075783762983, -107.57103636068092, -107.57103636068226, -107.57103657685732]","[0.025829124999290798, 0.035946417003287934, 0.03239749999920605, 0.03243745800136821, 0.037356541004555766, 0.026912458997685462, 0.029314125000382774]",,False,block2_su2,N2_corr
raw_fermionic_su2,30,-107.58148201783887,0.00015290434356529659,True,0.2822666249994654,30,True,False,False,100,7,1e-06,6.576675559699652e-08,0.0,"[-107.56207172632018, -107.57715615888489, -107.58123766524865, -107.58146999137055, -107.5814750640243, -107.58148208360562, -107.58148201783887]","[0.029502958001103252, 0.042260959002305754, 0.042927667003823444, 0.042403417006426025, 0.036832500001764856, 0.04275637499813456, 0.03823620799812488]",,False,block2_su2,N2_corr
raw_qubit,1,-107.27244850120636,0.30918642097607574,False,0.4477196250009001,1,True,False,False,100,7,1e-06,0.0,0.0,"[-107.52694981960468, -107.27244850120636, -107.27244850120636, -107.27244850120636, -107.27244850120636, -107.27244850120636, -107.27244850120636]","[0.07014637500105891, 0.06003524999687215, 0.056034000001091044, 0.06270195899560349, 0.055720457996358164, 0.06120737500168616, 0.053563209003186785]",,False,block2_pauli,N2_corr
raw_qubit,2,-107.37282419015715,0.20881073202528455,False,0.44111412500205915,2,True,False,False,100,7,1e-06,1.4210854715202004e-14,0.0,"[-107.52694981960468, -107.37282419014919, -107.37282419015696, -107.37282419015716, -107.37282419015716, -107.37282419015716, -107.37282419015715]","[0.07457725000131177, 0.04996891699556727, 0.05179979199601803, 0.05928183400101261, 0.05645074999483768, 0.0573583330042311, 0.05934379200334661]",,False,block2_pauli,N2_corr
raw_qubit,3,-107.44681947559494,0.13481544658749556,False,0.46161854099773336,3,True,False,False,100,7,1e-06,9.805489753489383e-13,0.0,"[-107.52694981960468, -107.44666429198804, -107.44666429961993, -107.44681946083443, -107.44681946083662, -107.44681947559395, -107.44681947559494]","[0.07277075000456534, 0.07000241700006882, 0.048886958000366576, 0.062038707997999154, 0.05521116699674167, 0.057041584004764445, 0.06430304199602688]",,False,block2_pauli,N2_corr
raw_qubit,4,-107.46107378899538,0.12056113318705286,False,0.6737231670049368,4,True,False,False,100,10,1e-06,3.1934166599967284e-07,0.0,"[-107.52694981960468, -107.46029779815632, -107.46100460014583, -107.4610487997285, -107.46104855539784, -107.46103161333824, -107.46116561560962, -107.46116348793575, -107.46107346965371, -107.46107378899538]","[0.0791027090017451, 0.0700993330028723, 0.06082516700553242, 0.059704166000301484, 0.06255654199776473, 0.06670158399356296, 0.059003290996770374, 0.06646895800076891, 0.05523912500211736, 0.06136691699794028]",,False,block2_pauli,N2_corr
raw_qubit,5,-107.4737154110648,0.10791951111762899,False,0.8601080000007642,5,True,False,False,100,12,1e-06,4.451165125374246e-08,0.0,"[-107.52694981960471, -107.4731124530611, -107.47317998369004, -107.47322164828645, -107.47393792102044, -107.47394178514608, -107.47337441545245, -107.4733762581538, -107.4735030637232, -107.47350413556006, -107.47371536655315, -107.4737154110648]","[0.07585662500059698, 0.07227866699395236, 0.06621841699961806, 0.07143158300459618, 0.06820399999560323, 0.06759754200174939, 0.06206404200202087, 0.06588687500334345, 0.06635508299950743, 0.0601557909976691, 0.07959954199759522, 0.06604466600401793]",,False,block2_pauli,N2_corr
raw_qubit,6,-107.49187315445184,0.08976176773059308,False,0.6396366659973864,6,True,False,False,100,8,1e-06,5.448978868116683e-08,0.0,"[-107.52694981960471, -107.49131123216507, -107.49147228109217, -107.4915314696834, -107.49157946168944, -107.49156701517504, -107.49187309996205, -107.49187315445184]","[0.08204129100340651, 0.07974758300406393, 0.07791675000044052, 0.07249945800140267, 0.06726037499902304, 0.07541399999900023, 0.07402970799739705, 0.07248904200241668]",,False,block2_pauli,N2_corr
raw_qubit,7,-107.50615362945871,0.0754812927237225,False,0.6496182499977294,7,True,False,False,100,8,1e-06,2.20469189571304e-08,0.0,"[-107.52694981960474, -107.506000027535, -107.507643137549, -107.50764352125614, -107.50606789233706, -107.50606789332835, -107.50615365150563, -107.50615362945871]","[0.08065520799573278, 0.08627133299887646, 0.07640741700015496, 0.08302499999990687, 0.07879574999969918, 0.07278629199572606, 0.06721170799573883, 0.06889308300014818]",,False,block2_pauli,N2_corr
raw_qubit,8,-107.51193555657238,0.06969936561004886,False,0.5814328329943237,8,True,False,False,100,8,1e-06,3.337788712087786e-09,0.0,"[-107.52694981960474, -107.51267529291519, -107.51340726884177, -107.51340814235661, -107.51235347949806, -107.51235342739145, -107.51193555991017, -107.51193555657238]","[0.08987291700032074, 0.07121424999786541, 0.08025891699799104, 0.06471324999438366, 0.0646269159988151, 0.06298795800103107, 0.058640292001655325, 0.05405112500011455]",,False,block2_pauli,N2_corr
raw_qubit,9,-107.52002697355772,0.06160794862471164,False,0.5740056249996996,9,True,False,False,100,8,1e-06,2.2504593744088197e-09,0.0,"[-107.52694981960474, -107.51973311864855, -107.51976315024186, -107.51976335900358, -107.52002315022992, -107.52002315351886, -107.52002697130726, -107.52002697355772]","[0.0812478750012815, 0.06754941699909978, 0.06511391700041713, 0.06519154100533342, 0.06443233299796702, 0.06526491599652218, 0.06998420900345081, 0.0685093339998275]",,False,block2_pauli,N2_corr
raw_qubit,10,-107.5215099340481,0.060124988134333535,False,1.4435207089991309,10,True,False,False,100,20,1e-06,1.3933342302152596e-07,0.0,"[-107.52694981960474, -107.52234709434083, -107.52116020606984, -107.52116119215663, -107.52116982146339, -107.52116997726714, -107.52095141504786, -107.52095269555588, -107.52117229626111, -107.52118134673624, -107.52124352166082, -107.52129643999335, -107.52134682219217, -107.5214344298512, -107.52148050094587, -107.52149846747952, -107.52150418098434, -107.52150608682771, -107.52150979471467, -107.5215099340481]","[0.07821295799658401, 0.08095254199724877, 0.07277662499836879, 0.06925020799826598, 0.07068466600321699, 0.06934333400567994, 0.07311737499549054, 0.07116579200373963, 0.06790612499753479, 0.06558862500241958, 0.06474262499978067, 0.0658126669950434, 0.06563983299565734, 0.0809657080026227, 0.0744196669984376, 0.06773741600045469, 0.06791891699685948, 0.07474579099653056, 0.0655971249943832, 0.06380995899962727]",,False,block2_pauli,N2_corr
raw_qubit,12,-107.52915353292221,0.0524813892602225,False,0.9837461659990367,12,True,False,False,100,13,1e-06,1.5320361512749514e-07,0.0,"[-107.52694981960474, -107.52372528189548, -107.52397701540906, -107.52397710923749, -107.5239718508142, -107.52397191446369, -107.52385038702853, -107.52412275314265, -107.52849151097038, -107.52874483278688, -107.5291522251897, -107.5291533797186, -107.52915353292221]","[0.08508412499941187, 0.07502383400424151, 0.07412166699941736, 0.07217500000115251, 0.07199991700326791, 0.07124087500415044, 0.0694987909955671, 0.068964167003287, 0.07356741600233363, 0.07663350000075297, 0.07290574999933597, 0.06980454199947417, 0.07036024999979418]",,False,block2_pauli,N2_corr
raw_qubit,14,-107.5258507791452,0.05578414303722923,False,0.6799209999953746,14,True,False,False,100,7,1e-06,2.03156474753996e-07,0.0,"[-107.52694981960474, -107.52583383623411, -107.52584022378588, -107.5258449325703, -107.52584521163453, -107.52585057598873, -107.5258507791452]","[0.08611949999612989, 0.10611808400426526, 0.09426237500156276, 0.09990179200394778, 0.09038720799435396, 0.08649108399549732, 0.08783362500253133]",,False,block2_pauli,N2_corr
raw_qubit,16,-107.52670387474761,0.05493104743482036,False,0.662574959002086,16,True,False,False,100,7,1e-06,8.588158095790277e-08,0.0,"[-107.52694981960474, -107.52669798013075, -107.52670381428344, -107.52670378923551, -107.526703794284, -107.52670378886603, -107.52670387474761]","[0.07885520800482482, 0.08270550000452204, 0.0887531249973108, 0.09317266599828145, 0.09742483399895718, 0.10449774999869987, 0.09073524999985239]",,False,block2_pauli,N2_corr
raw_qubit,18,-107.5556487559285,0.025986166253929355,False,2.9496142499992857,18,True,False,False,100,23,1e-06,3.8592834528117237e-07,0.0,"[-107.52694981960474, -107.53423817309576, -107.5345611881331, -107.53463745448198, -107.53714594150986, -107.5380123370105, -107.5387537884787, -107.54111518659352, -107.54408661096915, -107.54762570234129, -107.54937858039844, -107.55061059981992, -107.55090327896181, -107.55181576736697, -107.55474176388438, -107.55525237112094, -107.55545754656421, -107.5556185158339, -107.55562544027572, -107.55564110237609, -107.55564255285658, -107.55564837000016, -107.5556487559285]","[0.09016200000041863, 0.10426604199892608, 0.11695949999557342, 0.12018658300075913, 0.11832716700155288, 0.14070745799836004, 0.1372780839956249, 0.1349554159969557, 0.12504541599628283, 0.13778925000224262, 0.13746425000135787, 0.13669104099972174, 0.1374459169965121, 0.14666283399856184, 0.12984166700334754, 0.12885970800562063, 0.12235612500080606, 0.1224314580031205, 0.13119300000107614, 0.11916316700080642, 0.1322942080005305, 0.1274812500050757, 0.11844554099661764]",,False,block2_pauli,N2_corr
raw_qubit,20,-107.55975572260776,0.021879199574669883,False,2.3336990000025253,20,True,False,False,100,17,1e-06,5.652201195971429e-08,0.0,"[-107.52694981960474, -107.52694904649219, -107.52695492400181, -107.53498758349403, -107.53599373963436, -107.53824803714723, -107.55228817066708, -107.55453517902191, -107.5552403206143, -107.55725623837776, -107.55909149287211, -107.55942898089225, -107.5597107026573, -107.55974742510165, -107.55974957796028, -107.55975566608575, -107.55975572260776]","[0.08776975000364473, 0.1037468330032425, 0.12265870799456025, 0.1376790419963072, 0.14651266700093402, 0.14418175000173505, 0.14304183299827855, 0.15552395800477825, 0.1500731670021196, 0.13896883300185436, 0.144121459001326, 0.13271629199880408, 0.14395554200018523, 0.13532729200233007, 0.14284029100235784, 0.12734774999989895, 0.14480037500470644]",,False,block2_pauli,N2_corr
raw_qubit,30,-107.57843081638337,0.0032041057990568333,False,4.530946833998314,30,True,False,False,100,15,1e-06,1.4175127205362514e-07,0.0,"[-107.54407780322717, -107.56510627630138, -107.57203456385295, -107.57316230537373, -107.57420238907045, -107.57525653884466, -107.57524909219691, -107.57624350684088, -107.57662766826826, -107.57823603831574, -107.57825952484822, -107.57843341897582, -107.57843525764397, -107.57843095813465, -107.57843081638337]","[0.10822912499861559, 0.21821716699923854, 0.39658775000134483, 0.38108479100628756, 0.3616246250021504, 0.3452227500019944, 0.30572020900581265, 0.34842454099998577, 0.32006029200420016, 0.3040402909973636, 0.2870870839979034, 0.2796271670013084, 0.28031054199527716, 0.2741866249998566, 0.28982745800021803]",,False,block2_pauli,N2_corr
raw_qubit,40,-107.58078305278624,0.000851869396186089,True,9.89426016699872,40,True,False,False,100,23,1e-06,4.132520814437157e-07,0.0,"[-107.54625895389367, -107.56908347133052, -107.57598632162097, -107.57687008368973, -107.5772065198759, -107.57742332383319, -107.57953331228862, -107.58082550647651, -107.58085044261222, -107.58081309318985, -107.58076563362312, -107.58078099100291, -107.58076174476071, -107.58075921648452, -107.58077544191771, -107.58076800663304, -107.5807550747248, -107.580782136099, -107.58078927152758, -107.58074801478438, -107.58074049200792, -107.58078263953416, -107.58078305278624]","[0.12560395800392143, 0.28881850000470877, 0.6122693750003236, 0.5582408330010367, 0.49762879100308055, 0.4999393329999293, 0.4744856670004083, 0.45762920900597237, 0.4410416249957052, 0.4154642080029589, 0.41441800000029616, 0.4432814160027192, 0.42319574999419274, 0.4191480000008596, 0.444174958000076, 0.40537475000019185, 0.4201026250011637, 0.41652483299549203, 0.449495583998214, 0.3963755829972797, 0.4382531660012319, 0.4030085419944953, 0.4149886669983971]",,False,block2_pauli,N2_corr
seniority_Nover2,1,-107.37247880025583,0.20915612192659694,False,0.4815539170012926,1,True,False,False,100,7,1e-06,0.0,0.0,"[-107.52694981960472, -107.37247880025583, -107.37247880025583, -107.37247880025583, -107.37247880025583, -107.37247880025583, -107.37247880025583]","[0.08235462499578716, 0.06284079200122505, 0.06460941700061085, 0.06047583399777068, 0.06260520799696678, 0.05186154200055171, 0.06101275000401074]",Seniority N/2,False,block2_pauli,N2_corr
seniority_Nover2,2,-107.47677315517178,0.10486176701064664,False,0.5339525000017602,2,True,False,False,100,8,1e-06,7.662293910470908e-09,0.0,"[-107.52694981960472, -107.48350117229928, -107.47733313550668, -107.47731569107623, -107.47678256931096, -107.47678364507951, -107.47677316283408, -107.47677315517178]","[0.1036138750059763, 0.06891424999776063, 0.06035245900420705, 0.05302329199912492, 0.05178433399851201, 0.058995000006689224, 0.048402207998151425, 0.04717520900157979]",Seniority N/2,False,block2_pauli,N2_corr
seniority_Nover2,3,-107.50665145288133,0.07498346930110245,False,0.4847674169941456,3,True,False,False,100,8,1e-06,9.6449070952076e-11,0.0,"[-107.54111956419061, -107.5046412555392, -107.50668161460054, -107.5066816145875, -107.50665960456578, -107.50665960463994, -107.50665145278488, -107.50665145288133]","[0.08389449999958742, 0.05822245900344569, 0.05507791700074449, 0.05388212499383371, 0.0503831669993815, 0.052055874999496154, 0.048928167001577094, 0.048809166000864934]",Seniority N/2,False,block2_pauli,N2_corr
seniority_Nover2,4,-107.52801037208243,0.05362455009999678,False,0.5556396250030957,4,True,False,False,100,9,1e-06,1.663994311229544e-07,0.0,"[-107.55537535830628, -107.52600134430975, -107.52803803219537, -107.52800431607454, -107.52801675553998, -107.52801008671085, -107.52801149553477, -107.528010205683, -107.52801037208243]","[0.09154066700284602, 0.05485712500376394, 0.05435858300188556, 0.05529033300263109, 0.05331020800076658, 0.05355562500335509, 0.05373729199345689, 0.053829667005629744, 0.05039625000063097]",Seniority N/2,False,block2_pauli,N2_corr
seniority_Nover2,5,-107.54807737411238,0.03355754807004985,False,0.5900810410021222,5,True,False,False,100,8,1e-06,3.248601387895178e-11,0.0,"[-107.56074511240269, -107.54354151320088, -107.54795801251944, -107.54795801257455, -107.54804618070693, -107.5480461807405, -107.5480773740799, -107.54807737411238]","[0.10338029199920129, 0.06259554200369166, 0.07193179200112354, 0.06648666600085562, 0.059851375001017004, 0.07387200000084704, 0.06083016599586699, 0.05616025000199443]",Seniority N/2,False,block2_pauli,N2_corr
seniority_Nover2,6,-107.55611843159525,0.02551649058717942,False,0.5887271249957848,6,True,False,False,100,8,1e-06,6.949580324544513e-07,0.0,"[-107.56578934460478, -107.5602803868758, -107.55565163846151, -107.55612128354106, -107.55612879221403, -107.55612721754953, -107.55611773663722, -107.55611843159525]","[0.10039995899569476, 0.061918625004182104, 0.06700545900093857, 0.06469554099749075, 0.06181133400241379, 0.06489987499662675, 0.06726870800048346, 0.06527966699650278]",Seniority N/2,False,block2_pauli,N2_corr
seniority_Nover2,7,-107.57035504794192,0.011279874240514687,False,0.626594916000613,7,True,False,False,100,8,1e-06,2.658850917214295e-11,0.0,"[-107.56957638743611, -107.56918904958262, -107.57037570743387, -107.57037570745999, -107.57036224371653, -107.57036224374167, -107.57035504791533, -107.57035504794192]","[0.1069692080054665, 0.07629562500369502, 0.06933804199798033, 0.07597333299781894, 0.06471999999484979, 0.06546737499593291, 0.06677437500184169, 0.06543041700206231]",Seniority N/2,False,block2_pauli,N2_corr
seniority_Nover2,8,-107.57588200773614,0.005752914446290447,False,0.6185910000058357,8,True,False,False,100,8,1e-06,4.718003765447065e-12,0.0,"[-107.57401643566348, -107.57609821136322, -107.57592297716617, -107.57592297715996, -107.57588662629746, -107.57588662629277, -107.57588200774086, -107.57588200773614]","[0.10144587499962654, 0.06801370900211623, 0.07652904099813895, 0.07403908300329931, 0.07062154199957149, 0.0647704579969286, 0.0642019579972839, 0.06421862500428688]",Seniority N/2,False,block2_pauli,N2_corr
seniority_Nover2,9,-107.57702118645093,0.004613735731496149,False,0.7308317499991972,9,True,False,False,100,8,1e-06,2.3021584638627246e-12,0.0,"[-107.5752333444842, -107.57667595996078, -107.5770059443779, -107.57700594437446, -107.57702312757617, -107.57702312757839, -107.57702118644863, -107.57702118645093]","[0.11932808299752651, 0.07832800000323914, 0.07767087499814807, 0.0761484169997857, 0.07603591699444223, 0.08845799999835435, 0.08162808299675817, 0.09446041600313038]",Seniority N/2,False,block2_pauli,N2_corr
seniority_Nover2,10,-107.57760172682268,0.004033195359752995,False,0.7663397919968702,10,True,False,False,100,8,1e-06,5.877609510207549e-11,0.0,"[-107.57645745827782, -107.57720274737233, -107.57756092999236, -107.57756093006476, -107.57759499351545, -107.57759499356342, -107.5776017267639, -107.57760172682268]","[0.14591295800346415, 0.081708042001992, 0.08592854200105648, 0.08537499999511056, 0.08769841700268444, 0.07999754099728307, 0.0780741249982384, 0.08580875000188826]",Seniority N/2,False,block2_pauli,N2_corr
seniority_Nover2,12,-107.57847935878506,0.0031555633973709973,False,0.8061246670040418,12,True,False,False,100,7,1e-06,2.0163606961887126e-07,0.0,"[-107.57750824019692, -107.57827477857543, -107.57847757302925, -107.57847757296679, -107.57847915721672, -107.57847915714899, -107.57847935878506]","[0.1515714580018539, 0.10105637500237208, 0.09987258299952373, 0.12170949999563163, 0.12019424999743933, 0.08777150000241818, 0.08973995799897239]",Seniority N/2,False,block2_pauli,N2_corr
seniority_Nover2,14,-107.57925114092579,0.0023837812566398497,False,1.038895291996596,14,True,False,False,100,8,1e-06,1.8047785488306545e-12,0.0,"[-107.5776893461433, -107.57872140721344, -107.57876956558357, -107.57877532463431, -107.57901837771996, -107.57911588200443, -107.5792511409276, -107.57925114092579]","[0.15316908399836393, 0.11060529199312441, 0.13398158399650129, 0.11020599999756087, 0.1280228329997044, 0.11143658299988601, 0.12201345799985575, 0.13514750000467757]",Seniority N/2,False,block2_pauli,N2_corr
seniority_Nover2,16,-107.58078836116067,0.0008465610217598396,True,2.1985304589979933,16,True,False,False,100,16,1e-06,9.026104521581146e-07,0.0,"[-107.57839858857699, -107.57956486010231, -107.57998953207344, -107.58027289151275, -107.58049690623247, -107.58048226745878, -107.58049044030241, -107.58049239234265, -107.58065336308923, -107.58065772333939, -107.58076737833869, -107.5807765573903, -107.58078213220693, -107.58078469351682, -107.58078745855022, -107.58078836116067]","[0.21539525000116555, 0.14532899999903748, 0.16503212499810616, 0.12292408299981616, 0.13593275000312133, 0.12327729199751047, 0.14242670800013002, 0.12051837500621332, 0.1705506250000326, 0.12501091699959943, 0.12040354200144066, 0.11977054199815029, 0.11515762499766424, 0.11098837499594083, 0.11518258300202433, 0.11090395900100702]",Seniority N/2,False,block2_pauli,N2_corr
HCT_Nover2_Comm,1,-107.47422318094988,0.10741174123255348,False,0.6732517500058748,1,True,False,False,100,8,1e-06,2.2431834167946363e-10,0.0,"[-107.52694981960477, -107.48043464014539, -107.47519728690258, -107.4751972643164, -107.47431619363923, -107.47431619140384, -107.4742231811742, -107.47422318094988]","[0.09886779200314777, 0.0780588749985327, 0.075724624999566, 0.07607799999823328, 0.07094841700018151, 0.075957582994306, 0.07504058299673488, 0.06664445899514249]",HCT N/2 Comm,False,block2_pauli,N2_corr
HCT_Nover2_Comm,2,-107.50022758710654,0.0814073350758946,False,0.5433893750014249,2,True,False,False,100,7,1e-06,7.361222742474638e-12,0.0,"[-107.52694987818595, -107.5002278672671, -107.50022758728258, -107.50022758725788, -107.50022758710661, -107.5002275871139, -107.50022758710654]","[0.11299066699575633, 0.06563616699713748, 0.06314929100335576, 0.06103483399783727, 0.05925987500086194, 0.06095949999871664, 0.05631849999917904]",HCT N/2 Comm,False,block2_pauli,N2_corr
HCT_Nover2_Comm,3,-107.5004467653748,0.08118815680762737,False,0.7379453749963432,3,True,False,False,100,8,1e-06,4.874323167314287e-12,0.0,"[-107.52694987818595, -107.50022846026246, -107.50034444683243, -107.50034444655424, -107.50042064668963, -107.50042064668344, -107.50044676537968, -107.5004467653748]","[0.13823100000445265, 0.06294745800551027, 0.069676791994425, 0.11074600000574719, 0.07312612500390969, 0.0929812079994008, 0.07178504200419411, 0.06189845900371438]",HCT N/2 Comm,False,block2_pauli,N2_corr
HCT_Nover2_Comm,4,-107.53432072035031,0.04731420183212265,False,0.6224575000014738,4,True,False,False,100,7,1e-06,7.219341568998061e-09,0.0,"[-107.53486100369362, -107.53427072156428, -107.53432589242513, -107.5343264519687, -107.5343212054539, -107.53432072756965, -107.53432072035031]","[0.13004833299783058, 0.07869900000514463, 0.0715829999971902, 0.06924166600219905, 0.06699833400489297, 0.07914954199804924, 0.07125691600231221]",HCT N/2 Comm,False,block2_pauli,N2_corr
HCT_Nover2_Comm,5,-107.5376387488858,0.043996173296633856,False,0.7367260839964729,5,True,False,False,100,8,1e-06,1.5537806064003234e-07,0.0,"[-107.54033493484596, -107.5346391627688, -107.5358673890886, -107.53627029604553, -107.53751808830171, -107.5375370766674, -107.53763859350774, -107.5376387488858]","[0.14468433299771277, 0.08402349999960279, 0.08489587499934714, 0.07607212500442984, 0.07513770800142083, 0.075232249997498, 0.07135600000037812, 0.06990966699959245]",HCT N/2 Comm,False,block2_pauli,N2_corr
HCT_Nover2_Comm,6,-107.55684993985705,0.02478498232538584,False,0.7188373749959283,6,True,False,False,100,7,1e-06,8.379235225675075e-07,0.0,"[-107.54999420807084, -107.55365817991657, -107.55582898185638, -107.55678273592929, -107.55686073609158, -107.55684910193352, -107.55684993985705]","[0.14053749999584397, 0.08439391599677037, 0.08587391599576222, 0.08759450000070501, 0.09278916700714035, 0.09200124999915715, 0.0803322499996284]",HCT N/2 Comm,False,block2_pauli,N2_corr
HCT_Nover2_Comm,7,-107.56231039390784,0.019324528274594854,False,0.954850832997181,7,True,False,False,100,8,1e-06,2.90514776679629e-08,0.0,"[-107.55567239818222, -107.56053557552963, -107.56211623180798, -107.56211486808459, -107.56216356442718, -107.56216437285849, -107.56231042295931, -107.56231039390784]","[0.1943588340000133, 0.11031012499734061, 0.08807637500285637, 0.09534970799722942, 0.09132120799768018, 0.10466770800121594, 0.09589908300404204, 0.09612791700055823]",HCT N/2 Comm,False,block2_pauli,N2_corr
HCT_Nover2_Comm,8,-107.56395321225395,0.017681709928481837,False,0.8576965000029304,8,True,False,False,100,7,1e-06,2.4870985271263635e-09,0.0,"[-107.55990428561023, -107.56299699803037, -107.56387035177215, -107.56395820121395, -107.56395843706585, -107.56395320976685, -107.56395321225395]","[0.19256945900269784, 0.14032916699943598, 0.09097512500011362, 0.08531183299783152, 0.09649795899895253, 0.09822866600006819, 0.09726379199855728]",HCT N/2 Comm,False,block2_pauli,N2_corr
HCT_Nover2_Comm,9,-107.56615683216853,0.015478090013900214,False,0.9891822499994305,9,True,False,False,100,7,1e-06,1.519366321645066e-07,0.0,"[-107.56309213315023, -107.56534985948723, -107.56606492484343, -107.56615683811424, -107.56615788895641, -107.5661566802319, -107.56615683216853]","[0.18521079199854285, 0.1167004579983768, 0.10903562500607222, 0.10871187500015367, 0.11714083400147501, 0.11251816699950723, 0.17857362500217278]",HCT N/2 Comm,False,block2_pauli,N2_corr
HCT_Nover2_Comm,10,-107.5681714517921,0.013463470390334464,False,1.0546049580007093,10,True,False,False,100,7,1e-06,7.354813646998082e-09,0.0,"[-107.56418940262851, -107.56717558032472, -107.56792792001042, -107.56816741560942, -107.56816709618519, -107.56817145914691, -107.5681714517921]","[0.21406079199368833, 0.12440741599857574, 0.11882683399744565, 0.12023554200277431, 0.12012229199899593, 0.15059520900103962, 0.11959341699548531]",HCT N/2 Comm,False,block2_pauli,N2_corr
HCT_Nover2_Comm,12,-107.57459898592572,0.007035936256713171,False,1.13282474999869,12,True,False,False,100,7,1e-06,3.0371722914424026e-09,0.0,"[-107.57217464452512, -107.57404150700359, -107.57450671818017, -107.57459930775602, -107.57459946541091, -107.57459898896289, -107.57459898592572]","[0.2552190420028637, 0.12968866600567708, 0.12624729200615548, 0.13448620899725938, 0.13071391700214008, 0.12801087499974528, 0.1317515420014388]",HCT N/2 Comm,False,block2_pauli,N2_corr
HCT_Nover2_Comm,14,-107.57681270300219,0.00482221918024095,False,1.4400969580019591,14,True,False,False,100,7,1e-06,1.5836548072911683e-07,0.0,"[-107.57493934524116, -107.5765404652605, -107.57666268851906, -107.57678444917403, -107.57678521585564, -107.57681254463671, -107.57681270300219]","[0.2488956250017509, 0.22049962500022957, 0.1771722090052208, 0.1901744580027298, 0.18224220800038893, 0.17399645800469443, 0.19123345800471725]",HCT N/2 Comm,False,block2_pauli,N2_corr
HCT_Nover2_Comm,16,-107.57814318663077,0.0034917355516626003,False,1.4440907919997699,16,True,False,False,100,7,1e-06,9.085343322112749e-08,0.0,"[-107.576523935253, -107.57810898819255, -107.57813112364866, -107.57814197180923, -107.57814244216117, -107.57814309577734, -107.57814318663077]","[0.2479360830038786, 0.18871320800099056, 0.17931408300501062, 0.1679477500001667, 0.1811264590069186, 0.21495329199387925, 0.20829337499890244]",HCT N/2 Comm,False,block2_pauli,N2_corr
HCT_Nover2_Comm,18,-107.57908053331033,0.0025543888720989116,False,1.9298575830034679,18,True,False,False,100,7,1e-06,1.3638270957017085e-08,0.0,"[-107.57657815421616, -107.5788695188084, -107.57888866056194, -107.57907057538, -107.57907073983895, -107.57908051967206, -107.57908053331033]","[0.26050762500381097, 0.28520295799535234, 0.26458129200182157, 0.2983875829959288, 0.2595845420000842, 0.25711254099587677, 0.24830225000187056]",HCT N/2 Comm,False,block2_pauli,N2_corr
HCT_Nover2_Comm,20,-107.5794824447722,0.00215247741023461,False,2.071508042005007,20,True,False,False,100,7,1e-06,4.765425387631694e-09,0.0,"[-107.5778003941573, -107.57940510673805, -107.57957189181874, -107.57947311225445, -107.57947427862342, -107.57948244953762, -107.5794824447722]","[0.2888121249998221, 0.3508230419975007, 0.27884062500379514, 0.28172104099940043, 0.25792070900206454, 0.27101533400127664, 0.28692754200164927]",HCT N/2 Comm,False,block2_pauli,N2_corr
HCT_Nover2_Comm,30,-107.58134380268822,0.00029111949420723704,True,5.3007296249998035,30,True,False,False,100,8,1e-06,1.9209106483231153e-07,0.0,"[-107.57812035380985, -107.5804002327121, -107.58127140335, -107.58128947730611, -107.58133952578089, -107.58133949110285, -107.58134399477929, -107.58134380268822]","[0.4155962910008384, 0.8943413749948377, 0.7342903330063564, 0.7241494999980205, 0.6204724999988684, 0.6254128330037929, 0.5941006670036586, 0.618892374994175]",HCT N/2 Comm,False,block2_pauli,N2_corr
HCT_N_Comm,1,-107.48601599878683,0.0956189233956053,False,1.0994592080023722,1,True,False,False,100,16,1e-06,6.542233137452058e-07,0.0,"[-107.53008719713807, -107.48998710901208, -107.48510781709714, -107.48768150735948, -107.48600348885725, -107.48652507386666, -107.48603020196677, -107.4861580831309, -107.48602081635342, -107.48605429908656, -107.48601686987823, -107.48602583510856, -107.48601567822953, -107.48601809696726, -107.48601534456351, -107.48601599878683]","[0.08501962499576621, 0.0708570420028991, 0.06808029199601151, 0.07521700000506826, 0.0635398329977761, 0.07128979200206231, 0.07612587500625523, 0.06457095800578827, 0.06934012500278186, 0.05859362499904819, 0.06261316699965391, 0.06714454199391184, 0.05450383399875136, 0.05254333300399594, 0.05628445799811743, 0.060679541995341424]",HCT N Comm,False,block2_pauli,N2_corr
HCT_N_Comm,2,-107.54816534068533,0.03346958149710133,False,0.7200661249953555,2,True,False,False,100,11,1e-06,7.885213904046395e-07,0.0,"[-107.54834871782906, -107.5481648478704, -107.5481287798585, -107.54820111884322, -107.54818767135792, -107.54817916580447, -107.54817314698651, -107.54816959752125, -107.54816734303597, -107.54816612920672, -107.54816534068533]","[0.08423933399899397, 0.06302191600116203, 0.0614455410031951, 0.06225516700214939, 0.07190658299805364, 0.06027583299874095, 0.05410862499411451, 0.054177707999770064, 0.06349150000460213, 0.05478791700443253, 0.05362570899887942]",HCT N Comm,False,block2_pauli,N2_corr
HCT_N_Comm,3,-107.5553432678461,0.02629165433633318,False,0.6155823750013951,3,True,False,False,100,9,1e-06,3.7871501490371884e-08,0.0,"[-107.55832287688153, -107.55579880464882, -107.55544165808584, -107.55527744183783, -107.55525930913336, -107.55533051536725, -107.55532754507838, -107.5553432299746, -107.5553432678461]","[0.08588729100301862, 0.06142091699439334, 0.06992820800223853, 0.06614075000106823, 0.06257779199950164, 0.06070170900056837, 0.057999457996629644, 0.05743658300343668, 0.05788600000232691]",HCT N Comm,False,block2_pauli,N2_corr
HCT_N_Comm,4,-107.56157824428922,0.02005667789320853,False,0.540920040999481,4,True,False,False,100,7,1e-06,8.15703060652595e-12,0.0,"[-107.56502329970377, -107.5622093815227, -107.56113363950185, -107.56131738202382, -107.56131738202075, -107.56157824428107, -107.56157824428922]","[0.09020679099921836, 0.0709189580011298, 0.06916395800362807, 0.07091108299937332, 0.06998583400127245, 0.07047995800530771, 0.0663384169965866]",HCT N Comm,False,block2_pauli,N2_corr
HCT_N_Comm,5,-107.56874485710814,0.012890065074287804,False,2.012261165997188,5,True,False,False,100,24,1e-06,6.643014671681158e-07,0.0,"[-107.57027839109868, -107.5684555416334, -107.56822126211674, -107.56823249452194, -107.56831591638073, -107.5683306712815, -107.56843295774402, -107.56844995467051, -107.56853837976334, -107.56855206202835, -107.56861630849919, -107.56862641667198, -107.5686684235544, -107.56867546919264, -107.5687012519148, -107.56870592325262, -107.5687211538295, -107.56872412287666, -107.56873306189277, -107.56873489657033, -107.56874008657526, -107.56874118769102, -107.56874419280668, -107.56874485710814]","[0.10560916700342204, 0.09607816700008698, 0.08870220800599782, 0.0812495830032276, 0.09031637499720091, 0.0932230830003391, 0.07364662500185659, 0.08822529199824203, 0.07327575000090292, 0.07327337500464637, 0.07733029199880548, 0.0814808750001248, 0.08977191700250842, 0.08202445899951272, 0.0757035829956294, 0.08675812499859603, 0.08997241700126324, 0.07317929199780338, 0.07324079200043343, 0.07494312500057276, 0.0739493750006659, 0.0735753749977448, 0.07607508400542429, 0.07523912499891594]",HCT N Comm,False,block2_pauli,N2_corr
HCT_N_Comm,6,-107.57232104623753,0.009313875944897632,False,1.509891667003103,6,True,False,False,100,16,1e-06,6.968155332742754e-07,0.0,"[-107.57317232273599, -107.57172342054724, -107.57193882806132, -107.57216396842716, -107.57213943281118, -107.57226532676573, -107.57225786117795, -107.57230449559134, -107.57230142777149, -107.57231823247167, -107.57231585477965, -107.57232209727255, -107.57231994064153, -107.57232220931523, -107.572320349422, -107.57232104623753]","[0.10961912499624304, 0.0897044579978683, 0.08810458300285973, 0.08780449999903794, 0.08756575000006706, 0.08774033399822656, 0.08424233300320338, 0.0862073749958654, 0.08635599999979604, 0.08214612500160001, 0.09735562500281958, 0.09815724999498343, 0.1086303339980077, 0.09747333300038008, 0.09083937499963213, 0.08584941700246418]",HCT N Comm,False,block2_pauli,N2_corr
HCT_N_Comm,7,-107.57699890105789,0.00463602112453998,False,0.962511750003614,7,True,False,False,100,9,1e-06,9.358417401017505e-07,0.0,"[-107.57462202147718, -107.5764163526428, -107.57692070027719, -107.57699770509934, -107.57699394790063, -107.57700125218653, -107.57699875944482, -107.57699983689963, -107.57699890105789]","[0.10627850000309991, 0.09871479100547731, 0.10201358300400898, 0.09767945800558664, 0.11290562499925727, 0.10958616599964444, 0.10531720900326036, 0.09770387499884237, 0.09672637499897974]",HCT N Comm,False,block2_pauli,N2_corr
HCT_N_Comm,8,-107.57779209093304,0.003842831249386336,False,0.7375133750028908,8,True,False,False,100,8,1e-06,5.067766011279673e-07,0.0,"[-107.57595637505331, -107.57767704633785, -107.57771972025397, -107.57775398538925, -107.57777525253331, -107.57777821531657, -107.57779158415644, -107.57779209093304]","[0.10764212499634596, 0.08501258300384507, 0.08293050000065705, 0.08517262500390643, 0.08554312500200467, 0.09101620800356613, 0.0838145829984569, 0.08208975000161445]",HCT N Comm,False,block2_pauli,N2_corr
HCT_N_Comm,9,-107.5786231312907,0.0030117908917333125,False,0.9171067919960478,9,True,False,False,100,7,1e-06,3.894645317359391e-07,0.0,"[-107.57776133569345, -107.57849778650872, -107.57860500355355, -107.57861814169587, -107.57862033889543, -107.57862352075523, -107.5786231312907]","[0.1278037919983035, 0.11816516700491775, 0.11659966700244695, 0.11218245799682336, 0.13761549999617273, 0.12940291700215312, 0.14075612500164425]",HCT N Comm,False,block2_pauli,N2_corr
HCT_N_Comm,10,-107.57955468878785,0.0020802333945795226,False,1.0751586659971508,10,True,False,False,100,8,1e-06,8.66785754283228e-07,0.0,"[-107.57839443173809, -107.57916362339242, -107.57932221321474, -107.57949866257167, -107.57953335189761, -107.57954953920627, -107.5795538220021, -107.57955468878785]","[0.14263100000243867, 0.12311454199516447, 0.1314209589982056, 0.12082804199599195, 0.12545254200085765, 0.14118154199968558, 0.13253670900303405, 0.12225699999544304]",HCT N Comm,False,block2_pauli,N2_corr
HCT_N_Comm,12,-107.58034341234986,0.0012915098325692043,True,1.0486049169994658,12,True,False,False,100,8,1e-06,6.680329249775241e-07,0.0,"[-107.57934557967145, -107.58001108094771, -107.58024731599848, -107.58026240619424, -107.58032657843044, -107.58032595017032, -107.58034274431694, -107.58034341234986]","[0.14758466600324027, 0.1289073340012692, 0.12509604100341676, 0.1249865409990889, 0.12347845800104551, 0.12645891700231005, 0.12191950000124052, 0.11590666700067231]",HCT N Comm,False,block2_pauli,N2_corr
Pauli_BLISS+HCT_N_Comm,1,-107.47472311400918,0.10691180817325119,False,1.607502624996414,1,True,False,False,100,18,1e-06,4.051021988971115e-07,0.0,"[-107.55544961709812, -107.47779640633655, -107.4707224790076, -107.47786733337033, -107.4746942605237, -107.47573259629775, -107.47479413219367, -107.47502396158987, -107.47474979715398, -107.47481037553206, -107.47473093383284, -107.47474794566492, -107.47472498182474, -107.47472985437074, -107.4747232209299, -107.47472462468826, -107.47472270890698, -107.47472311400918]","[0.16487833299470367, 0.09614074999990407, 0.09701491600571899, 0.09907475000363775, 0.09034383300604532, 0.08243912499892758, 0.07611266699677799, 0.07442058299784549, 0.0714963330028695, 0.07384320900018793, 0.07244224999885773, 0.07193641600315459, 0.07591949999914505, 0.07402870799705852, 0.07154962500499096, 0.07027854199986905, 0.07634374999906868, 0.07772595799906412]",Pauli BLISS+HCT N Comm,False,block2_pauli,N2_corr
Pauli_BLISS+HCT_N_Comm,2,-107.53217763803545,0.049457284146981806,False,1.0567599579953821,2,True,False,False,100,9,1e-06,5.961166209544899e-07,0.0,"[-107.56092397662496, -107.53499834045762, -107.53354896002796, -107.53199393367208, -107.5319994766792, -107.5321397628556, -107.53214537093743, -107.53217704191883, -107.53217763803545]","[0.2047285419976106, 0.0949502500006929, 0.10757537500467151, 0.09843545899639139, 0.10243054199963808, 0.10424941699602641, 0.08532929200009676, 0.09071774999756599, 0.09184420900419354]",Pauli BLISS+HCT N Comm,False,block2_pauli,N2_corr
Pauli_BLISS+HCT_N_Comm,3,-107.55214831330147,0.029486608880958443,False,1.294414667005185,3,True,False,False,100,9,1e-06,7.166428730442931e-07,0.0,"[-107.56598494398177, -107.5533809472592, -107.55229632513057, -107.552214559297, -107.55217931834704, -107.55215842603147, -107.55215315580466, -107.55214902994435, -107.55214831330147]","[0.2355940420020488, 0.11710045799554791, 0.12097179199918173, 0.12061175000417279, 0.12072354099655058, 0.12450649999664165, 0.1171494160007569, 0.14388366699859034, 0.12048904100083746]",Pauli BLISS+HCT N Comm,False,block2_pauli,N2_corr
Pauli_BLISS+HCT_N_Comm,4,-107.5602950834676,0.021339838714837356,False,1.3476806250037043,4,True,False,False,100,7,1e-06,2.5909230316756293e-10,0.0,"[-107.57306663016016, -107.55986936734851, -107.56020765459846, -107.56028966345562, -107.56028966167966, -107.56029508372669, -107.5602950834676]","[0.30176058300276054, 0.15949616600119043, 0.14938004199939314, 0.15389937500003725, 0.14701341700128978, 0.16365466699789977, 0.19494345799466828]",Pauli BLISS+HCT N Comm,False,block2_pauli,N2_corr
Pauli_BLISS+HCT_N_Comm,5,-107.56423936956293,0.01739555261950443,False,1.6476965840047342,5,True,False,False,100,7,1e-06,1.2983861097382032e-07,0.0,"[-107.57306663016016, -107.56489010668193, -107.56425557183607, -107.56424005953727, -107.56424052090657, -107.56423923972432, -107.56423936956293]","[0.3563242079981137, 0.2030723330026376, 0.2181828749962733, 0.20654566699522547, 0.19785795799543848, 0.19576141699508298, 0.18228908300079638]",Pauli BLISS+HCT N Comm,False,block2_pauli,N2_corr
Pauli_BLISS+HCT_N_Comm,6,-107.57301478568566,0.008620136496773512,False,2.0092382919974625,6,True,False,False,100,7,1e-06,1.603606847311312e-08,0.0,"[-107.57586945818565, -107.5730074707096, -107.57311803022735, -107.57305177820312, -107.57305187388761, -107.57301480172173, -107.57301478568566]","[0.370337375003146, 0.2440732909963117, 0.267857124999864, 0.25242637500195997, 0.27530695899622515, 0.2530367919971468, 0.27344937499583466]",Pauli BLISS+HCT N Comm,False,block2_pauli,N2_corr
Pauli_BLISS+HCT_N_Comm,7,-107.5736044162353,0.008030505947132838,False,2.817271499996423,7,True,False,False,100,9,1e-06,4.378580200636861e-07,0.0,"[-107.57788542174018, -107.57317071927427, -107.57346798064268, -107.57350549822493, -107.57356137269767, -107.57358946485941, -107.5735941502339, -107.57360397837728, -107.5736044162353]","[0.41421341599925654, 0.2916159590022289, 0.3145330839979579, 0.32380120800371515, 0.29879129199980525, 0.2798816659997101, 0.28611320899653947, 0.265331624999817, 0.2689013330018497]",Pauli BLISS+HCT N Comm,False,block2_pauli,N2_corr
Pauli_BLISS+HCT_N_Comm,8,-107.57651231461537,0.005122607567059845,False,2.4174517499996,8,True,False,False,100,7,1e-06,2.0264678823878057e-11,0.0,"[-107.57847487769664, -107.5764065758786, -107.5764065758141, -107.57650200090995, -107.57650200095836, -107.57651231463564, -107.57651231461537]","[0.45868191699992167, 0.2957834590051789, 0.3258102920008241, 0.29552329100260977, 0.3217981249981676, 0.32524279200151796, 0.32302637500106357]",Pauli BLISS+HCT N Comm,False,block2_pauli,N2_corr
Pauli_BLISS+HCT_N_Comm,9,-107.5781474338186,0.0034874883638309484,False,3.447662999999011,9,True,False,False,100,7,1e-06,7.704539370934071e-07,0.0,"[-107.57857911490153, -107.57816850595393, -107.5781379450283, -107.57815312801517, -107.57814606466302, -107.57814820427254, -107.5781474338186]","[0.49578487499820767, 0.45058199999766657, 0.5024615830043331, 0.49293808399670525, 0.5057557909967727, 0.4631133340008091, 0.46449608400143916]",Pauli BLISS+HCT N Comm,False,block2_pauli,N2_corr
Pauli_BLISS+HCT_N_Comm,10,-107.5796678711368,0.0019670510456251122,False,3.463518083000963,10,True,False,False,100,7,1e-06,5.776001898993854e-10,0.0,"[-107.57860403352487, -107.57966647354407, -107.57966865539956, -107.57966889139554, -107.57966889139465, -107.5796678717144, -107.5796678711368]","[0.5847771670014481, 0.47259187499730615, 0.5028271670016693, 0.45791450000251643, 0.45849658400402404, 0.44979254200006835, 0.45727408299717354]",Pauli BLISS+HCT N Comm,False,block2_pauli,N2_corr
Pauli_BLISS+HCT_N_Comm,12,-107.58029263828942,0.0013422838930097214,True,3.6348758340027416,12,True,False,False,100,7,1e-06,1.4506440493278205e-10,0.0,"[-107.57905500334044, -107.58029997221196, -107.58031230171551, -107.58029576173307, -107.58029576678419, -107.58029263814436, -107.58029263828942]","[0.57679962500697, 0.508544249998522, 0.4979609580041142, 0.5015792499980307, 0.5000620420032647, 0.49875683400023263, 0.47820770899852505]",Pauli BLISS+HCT N Comm,False,block2_pauli,N2_corr
BS_Nover2_Comm,1,-107.37272659377163,0.20890832841079998,False,0.5176087500003632,1,True,False,False,100,7,1e-06,1.4210854715202004e-14,0.0,"[-107.52696942257208, -107.37210061766518, -107.37272659380828, -107.3727265938082, -107.3727265937716, -107.37272659377162, -107.37272659377163]","[0.06940608400327619, 0.07958645799953956, 0.06654045900359051, 0.07453591599914944, 0.06731412500084843, 0.06571204200008651, 0.06333124999946449]",BS N/2 Comm,False,block2_pauli,N2_corr
BS_Nover2_Comm,2,-107.48880062810576,0.09283429407666688,False,1.0391984580055578,2,True,False,False,100,16,1e-06,8.219487028782169e-07,0.0,"[-107.52707945018712, -107.47325209373352, -107.46989747407336, -107.48863817273599, -107.49033406154932, -107.48843578003391, -107.4891058454157, -107.4887327249796, -107.48886567344215, -107.48878590697666, -107.48881444498494, -107.48879740170733, -107.48880373138039, -107.48880001951713, -107.48880145005447, -107.48880062810576]","[0.09288350000133505, 0.07561037500272505, 0.060929749997740146, 0.0667740419958136, 0.0829030419990886, 0.07154508399980841, 0.057442000004812144, 0.05655766700510867, 0.05276316600065911, 0.05210799999622395, 0.05350008299865294, 0.05293533299845876, 0.05241545799799496, 0.05442100000072969, 0.05577441700006602, 0.05339608299982501]",BS N/2 Comm,False,block2_pauli,N2_corr
BS_Nover2_Comm,3,-107.50888433522462,0.07275058695780956,False,0.5141670840021106,3,True,False,False,100,7,1e-06,8.314302135659091e-08,0.0,"[-107.52970017858061, -107.50448008649562, -107.5090324686338, -107.50887901487826, -107.50888127092918, -107.50888441836764, -107.50888433522462]","[0.0860644999993383, 0.06678829099837458, 0.0606288749986561, 0.07447449999745004, 0.0651644999961718, 0.0665450409942423, 0.06144470800063573]",BS N/2 Comm,False,block2_pauli,N2_corr
BS_Nover2_Comm,4,-107.52208209429249,0.05955282788994509,False,0.5298214580034255,4,True,False,False,100,7,1e-06,4.774312287736393e-07,0.0,"[-107.54436012690911, -107.52103600342764, -107.52206737000269, -107.52206737001606, -107.52208257177861, -107.52208257172371, -107.52208209429249]","[0.08491041699744528, 0.06873670800268883, 0.07474016599735478, 0.06710312500217697, 0.06701083399821073, 0.06923050000477815, 0.06177412500255741]",BS N/2 Comm,False,block2_pauli,N2_corr
BS_Nover2_Comm,5,-107.53976386866569,0.04187105351674347,False,2.3084659579981235,5,True,False,False,100,32,1e-06,1.240790936662961e-07,0.0,"[-107.55485129185833, -107.53678883413836, -107.53815366127505, -107.53828422255042, -107.53830069266701, -107.5382883773862, -107.53828702544493, -107.53826354787455, -107.5382586253788, -107.53822842356249, -107.53822172936432, -107.53818404783274, -107.53817530332748, -107.5381280429692, -107.53811652323549, -107.53805777510165, -107.53804287403327, -107.53797562360164, -107.53795907072083, -107.53791062443506, -107.53790780624314, -107.53799309959797, -107.53807634751446, -107.53850319254892, -107.53879179406792, -107.53930491035435, -107.53954449104492, -107.53970221583108, -107.53974618955068, -107.53976205316786, -107.5397637445866, -107.53976386866569]","[0.09308537499600789, 0.07964112499757903, 0.0776250839990098, 0.08034437499736669, 0.07133050000265939, 0.0706959579983959, 0.06520499999896856, 0.0669625000009546, 0.06566512500285171, 0.06691279100050451, 0.06989224999415455, 0.07383320799999638, 0.08390091699402547, 0.08256429099856177, 0.06980008299433393, 0.06690812500164611, 0.0706632079964038, 0.0738388340032543, 0.06797233399993274, 0.0669278330024099, 0.0654992920026416, 0.06683441600034712, 0.06692329199722735, 0.06599720800295472, 0.06605675000173505, 0.06681466699956218, 0.066649291999056, 0.06617583300248953, 0.06549787500262028, 0.06548083399684401, 0.06566954099980649, 0.06955675000062911]",BS N/2 Comm,False,block2_pauli,N2_corr
BS_Nover2_Comm,6,-107.54876384077997,0.032871081402461755,False,1.762594416999491,6,True,False,False,100,23,1e-06,7.042433338710907e-07,0.0,"[-107.55897394097752, -107.54720046836243, -107.54811660085511, -107.54675834763319, -107.54798341492855, -107.54801754143989, -107.54832444464351, -107.54855624197114, -107.54863816863767, -107.54872392298242, -107.54879204392644, -107.54880255190966, -107.54883671054796, -107.54881234219366, -107.54881795650783, -107.54879490280663, -107.54879195468303, -107.54877843588694, -107.54877562787496, -107.54876903051107, -107.54876750897682, -107.5487645450233, -107.54876384077997]","[0.08852054199815029, 0.0782572500029346, 0.07866199999989476, 0.07781700000487035, 0.07498854200093774, 0.07934624999325024, 0.0734945419972064, 0.0737409170033061, 0.07242220799525967, 0.07408845800091513, 0.07311170799948741, 0.07299466700351331, 0.07419604199822061, 0.07222787500359118, 0.0729734590058797, 0.0736567499989178, 0.07357291699736379, 0.07340066700271564, 0.07308379100140883, 0.07451187499827938, 0.07243987499532523, 0.0729645830069785, 0.07188512500579236]",BS N/2 Comm,False,block2_pauli,N2_corr
BS_Nover2_Comm,7,-107.55796053450692,0.023674387675512776,False,1.7624535840004683,7,True,False,False,100,21,1e-06,3.8017060433048755e-07,0.0,"[-107.56034275107982, -107.55696074554172, -107.55884234999755, -107.5587078169975, -107.55876259015562, -107.5585683005714, -107.55858391443782, -107.5584338164818, -107.55844908656778, -107.55833016592206, -107.55834298520557, -107.5582408815987, -107.55824956724237, -107.55815830506384, -107.55816351296522, -107.55808284879488, -107.55808564758561, -107.55801642737121, -107.55801770007878, -107.55796015433631, -107.55796053450692]","[0.09224154199910117, 0.08667891600634903, 0.08555133299523732, 0.084086250004475, 0.08293362500262447, 0.08669941699918127, 0.07867049999913434, 0.08083970900042914, 0.08067079200554872, 0.08025579099921742, 0.08010700000158977, 0.08034320799924899, 0.08083712500229012, 0.08218408299580915, 0.07831358300609281, 0.08055316599347861, 0.08060329200088745, 0.08094462499866495, 0.07854454199696193, 0.08099612499790965, 0.08134216600592481]",BS N/2 Comm,False,block2_pauli,N2_corr
BS_Nover2_Comm,8,-107.56454261749954,0.017092304682890358,False,0.6089870420037187,8,True,False,False,100,7,1e-06,2.5447880602769146e-07,0.0,"[-107.56209614404939, -107.56420968857978, -107.56444368686141, -107.56453648376639, -107.5645216217473, -107.56454287197835, -107.56454261749954]","[0.09567691700067371, 0.079316999996081, 0.07735841599787818, 0.08193475000007311, 0.08136991700303042, 0.08282037500612205, 0.07867324999824632]",BS N/2 Comm,False,block2_pauli,N2_corr
BS_Nover2_Comm,9,-107.56614688453709,0.015488037645340569,False,0.9170654589979677,9,True,False,False,100,9,1e-06,3.6344101772556314e-07,0.0,"[-107.56240124649727, -107.56605956356739, -107.56600263260074, -107.56614580256092, -107.56616547390102, -107.56615107926291, -107.5661523945797, -107.56614724797811, -107.56614688453709]","[0.1121952079993207, 0.09863237499666866, 0.09541954199812608, 0.09707412499847123, 0.0963108750001993, 0.09632425000017975, 0.09062316700146766, 0.09178491700004088, 0.10546391599928029]",BS N/2 Comm,False,block2_pauli,N2_corr
BS_Nover2_Comm,10,-107.57094772170339,0.01068720047904037,False,2.130838583005243,10,True,False,False,100,21,1e-06,7.698361201846637e-07,0.0,"[-107.56266771473308, -107.56702076508253, -107.56721229124935, -107.56717116177867, -107.56743361247172, -107.56743261872398, -107.56768642738348, -107.56782645801934, -107.56805307879971, -107.56833419441395, -107.56851378753143, -107.56895488161692, -107.56944355145822, -107.5700265886075, -107.57026837409447, -107.57069371960175, -107.57072853825125, -107.57089388350613, -107.57089673188014, -107.57094849153951, -107.57094772170339]","[0.11509458399814321, 0.10493079200387001, 0.10240708299534163, 0.09991912500117905, 0.10380712500045775, 0.10225524999987101, 0.09439891699730651, 0.0974952500037034, 0.09806062500138069, 0.09731470800034003, 0.09946687499905238, 0.09799399999610614, 0.09916270899702795, 0.09641833299974678, 0.10182237500703195, 0.09765204200084554, 0.09541249999892898, 0.09683870900335023, 0.09884745800081873, 0.09533233299589483, 0.0958454170031473]",BS N/2 Comm,False,block2_pauli,N2_corr
BS_Nover2_Comm,12,-107.57605228395987,0.005582638222563219,False,3.8814959160008584,12,True,False,False,100,37,1e-06,8.403868747564047e-07,0.0,"[-107.56801517506003, -107.57035151261769, -107.57075929970321, -107.5714393995815, -107.57163261615563, -107.57217547870073, -107.57232724290952, -107.57308408539703, -107.57321810613482, -107.5742844305752, -107.57448407342058, -107.57515564308713, -107.57530646414747, -107.57560154272795, -107.57570111815465, -107.57581493682184, -107.57588044213261, -107.5759166187863, -107.57595517953114, -107.57594753716288, -107.57596918901356, -107.57592858467783, -107.5760544389787, -107.57600268842225, -107.57616618711515, -107.5761165023944, -107.57615967624011, -107.57611476221302, -107.57611930070117, -107.57608810398706, -107.5760854570994, -107.57606747417853, -107.57606466434149, -107.57605638498717, -107.57605452501099, -107.57605312434674, -107.57605228395987]","[0.12509287500142818, 0.10995762500533601, 0.10728741699858801, 0.10639824999816483, 0.107198249999783, 0.10639633300161222, 0.10389745900465641, 0.10262545899604447, 0.10440395800105762, 0.10317504100385122, 0.1002909169983468, 0.10178404200269142, 0.09946366700023646, 0.1011415000029956, 0.10252808299992466, 0.10151174999919022, 0.10342633300024318, 0.09998154200002318, 0.10117137499764794, 0.10250125000311527, 0.10355429100309266, 0.10143754100135993, 0.1031062500042026, 0.10595570800069254, 0.10123591699812096, 0.1004758330018376, 0.10317883299285313, 0.10087708399805706, 0.10356687500461703, 0.10116462499718182, 0.10175766699831001, 0.10167845899559325, 0.10219479099760065, 0.10309579199383734, 0.10480041599657852, 0.10156420900602825, 0.10301433299900964]",BS N/2 Comm,False,block2_pauli,N2_corr
BS_Nover2_Comm,14,-107.57892187427552,0.0027130479069086277,False,2.805934583004273,14,True,False,False,100,21,1e-06,1.446431383556046e-07,0.0,"[-107.57283343152648, -107.57453622584967, -107.57648891302713, -107.57761938226732, -107.57802529692484, -107.57837494714978, -107.5784614117035, -107.57863910162197, -107.57868658389278, -107.57877998371715, -107.57881724246414, -107.57885161887731, -107.5788722469256, -107.57888414726476, -107.57889410950469, -107.57890238557258, -107.57890658960392, -107.5789139819484, -107.57891525241365, -107.57892201891866, -107.57892187427552]","[0.13698204200045438, 0.13682741700176848, 0.13713012500375044, 0.13729579199571162, 0.15002624999760883, 0.1342063749980298, 0.1331388339967816, 0.1286567919960362, 0.12943708399689058, 0.12895195899909595, 0.12950962500326568, 0.13057800000387942, 0.1269274160003988, 0.1290999999982887, 0.1278188330034027, 0.12704574999952456, 0.1283908750046976, 0.12925616600114154, 0.12821508299384732, 0.1270003750032629, 0.12974729100096738]",BS N/2 Comm,False,block2_pauli,N2_corr
BS_Nover2_Comm,16,-107.58098734983676,0.0006475723456702553,True,1.1297414580039913,16,True,False,False,100,8,1e-06,6.423306331271306e-12,0.0,"[-107.57345095078439, -107.57544494420381, -107.5802747896262, -107.58027478958573, -107.58099423500623, -107.58099423496596, -107.58098734984318, -107.58098734983676]","[0.14775324999936856, 0.1357263329991838, 0.16346270799840568, 0.13080987500143237, 0.1348335410002619, 0.1297446669996134, 0.1291118750013993, 0.12575970800389769]",BS N/2 Comm,False,block2_pauli,N2_corr
BS_N_Comm,1,-107.51213490110946,0.06950002107296882,False,0.7402969579998171,1,True,False,False,100,9,1e-06,3.3570586310816e-07,0.0,"[-107.52718324055053, -107.5121624159159, -107.51253622894183, -107.51219829438688, -107.51221354252773, -107.51214445401406, -107.51214651825845, -107.5121345654036, -107.51213490110946]","[0.08373166700039292, 0.08308716699684737, 0.08092612499604002, 0.07970324999769218, 0.06717154099897016, 0.07999379099783255, 0.08619154199550394, 0.06790995800110977, 0.07372949999989942]",BS N Comm,False,block2_pauli,N2_corr
BS_N_Comm,2,-107.5524258164696,0.029209105712837413,False,0.6036918749960023,2,True,False,False,100,8,1e-06,4.135358722123783e-12,0.0,"[-107.54559423195661, -107.54344100632211, -107.54735746992549, -107.54735746992655, -107.55285220855903, -107.55285220859149, -107.55242581646546, -107.5524258164696]","[0.08778162499947939, 0.06783304100099485, 0.06538445800106274, 0.07066091599699575, 0.06994491600198671, 0.06845883299683919, 0.07196641599875875, 0.06183408400102053]",BS N Comm,False,block2_pauli,N2_corr
BS_N_Comm,3,-107.56181247946365,0.019822442718776756,False,0.7300334159954218,3,True,False,False,100,10,1e-06,4.162801587881404e-07,0.0,"[-107.56080573073098, -107.56032153844549, -107.56179378612785, -107.5618182739209, -107.56181176777218, -107.56182254830588, -107.56181144475583, -107.56181353561085, -107.5618120631835, -107.56181247946365]","[0.08923216700350167, 0.07051316699653398, 0.06436054200457875, 0.06716187499841908, 0.07221199999912642, 0.06705954200151609, 0.06142304099921603, 0.06370095899910666, 0.06945970800006762, 0.06623558299907017]",BS N Comm,False,block2_pauli,N2_corr
BS_N_Comm,4,-107.56926097976316,0.012373942419273476,False,0.8550936250030645,4,True,False,False,100,11,1e-06,9.265577460837449e-07,0.0,"[-107.56674494542199, -107.56787011583748, -107.56908975313152, -107.56912991584926, -107.56920274344864, -107.56922332719553, -107.56923792968475, -107.56925238530691, -107.56925368493515, -107.5692619063209, -107.56926097976316]","[0.1030449160025455, 0.07395487499888986, 0.0724612089979928, 0.07338429200171959, 0.07198270799563034, 0.07370724999782396, 0.06881341600092128, 0.06800145800661994, 0.06940295799722662, 0.06787587500002701, 0.07163187499827472]",BS N Comm,False,block2_pauli,N2_corr
BS_N_Comm,5,-107.57272200688696,0.008912915295468338,False,0.9633297079999465,5,True,False,False,100,11,1e-06,5.270031948612086e-07,0.0,"[-107.56866827627931, -107.57130442529527, -107.57245949908415, -107.57254222506054, -107.57266500497173, -107.57267596881553, -107.57270610619594, -107.57271290527572, -107.57271854205909, -107.57272147988377, -107.57272200688696]","[0.11220720800338313, 0.10781449999922188, 0.08311249999678694, 0.081894208000449, 0.0797320830024546, 0.08021033400291344, 0.07562704199517611, 0.0754459579984541, 0.0763317079981789, 0.07496645799983526, 0.07547670900385128]",BS N Comm,False,block2_pauli,N2_corr
BS_N_Comm,6,-107.57517199495095,0.006462927231481785,False,0.7627138339958037,6,True,False,False,100,8,1e-06,6.137607755363206e-07,0.0,"[-107.57210353692616, -107.57413336204243, -107.57510225173482, -107.57512440650464, -107.5751678825832, -107.57516626220064, -107.57517260871172, -107.57517199495095]","[0.10345891699398635, 0.10009074999834411, 0.08903274999465793, 0.08730725000350503, 0.08831966599973384, 0.08750645800319035, 0.08650016599858645, 0.0840557080009603]",BS N Comm,False,block2_pauli,N2_corr
BS_N_Comm,7,-107.57701912702083,0.004615795161598157,False,0.8178612499978044,7,True,False,False,100,8,1e-06,1.3225024986240896e-07,0.0,"[-107.57440103917963, -107.57589735621755, -107.57701334335543, -107.57701407764984, -107.57701732572085, -107.57701740720552, -107.57701899477058, -107.57701912702083]","[0.10864637499616947, 0.0973008340006345, 0.09654470800160198, 0.0973675409986754, 0.09782574999553617, 0.095433291993686, 0.0954261669976404, 0.0913981670018984]",BS N Comm,False,block2_pauli,N2_corr
BS_N_Comm,8,-107.57796952695105,0.0036653952313798754,False,0.7642192909988808,8,True,False,False,100,8,1e-06,1.8758328224066645e-12,0.0,"[-107.57565594756296, -107.57722656016382, -107.57794676019864, -107.57794676018867, -107.57796559043996, -107.57796559044269, -107.57796952694918, -107.57796952695105]","[0.11370049999823095, 0.08816395799658494, 0.09097020799526945, 0.08725958300055936, 0.09113312499539461, 0.08620349999546306, 0.08650800000032177, 0.08259383300173795]",BS N Comm,False,block2_pauli,N2_corr
BS_N_Comm,9,-107.57915319014595,0.0024817320364860507,False,1.0560198330058483,9,True,False,False,100,9,1e-06,7.986494381384546e-07,0.0,"[-107.57703408743521, -107.5785403408193, -107.57914952217772, -107.57916309789121, -107.57916270220139, -107.57915685894287, -107.57915532910638, -107.57915398879538, -107.57915319014595]","[0.12971983299939893, 0.11390024999855086, 0.11311279200162971, 0.11296541699994123, 0.11003687500488013, 0.1132379580012639, 0.10808329100109404, 0.10817429199960316, 0.10839791699982015]",BS N Comm,False,block2_pauli,N2_corr
BS_N_Comm,10,-107.57983516554904,0.001799756633388938,False,0.8821426669965149,10,True,False,False,100,7,1e-06,1.4989424812483776e-07,0.0,"[-107.57795578073149, -107.57937119229322, -107.57977450452857, -107.57982069037183, -107.57983145289117, -107.5798350156548, -107.57983516554904]","[0.13628804100153502, 0.12253083299583523, 0.1182670420021168, 0.11457916700601345, 0.11787095900217537, 0.11965500000223983, 0.11573270799999591]",BS N Comm,False,block2_pauli,N2_corr
BS_N_Comm,12,-107.58068185814899,0.0009530640334389773,True,0.9222938329985482,12,True,False,False,100,7,1e-06,9.23382728501565e-07,0.0,"[-107.5792597917292, -107.58037373200126, -107.58066939514569, -107.58067937709922, -107.58068277648141, -107.58068278153172, -107.58068185814899]","[0.14858237500448013, 0.12583074999565724, 0.12365891600347823, 0.12253283400059445, 0.12042716699943412, 0.1237312080047559, 0.11952254199422896]",BS N Comm,False,block2_pauli,N2_corr
HCT_N_Comm_Fiedler,1,-107.48456120640803,0.09707371577439972,False,0.750570083000639,1,True,False,False,100,10,1e-06,9.048353746266002e-07,0.0,"[-107.53704111932916, -107.48971477465841, -107.4858237736998, -107.48519509905263, -107.48469355208547, -107.48462668015172, -107.48457486230166, -107.48456727845317, -107.4845621112434, -107.48456120640803]","[0.0802169579983456, 0.06994000000122469, 0.07504250000056345, 0.07282200000190642, 0.06985483400058001, 0.06918812500225613, 0.07032729200000176, 0.07701349999842932, 0.07273433299997123, 0.06234974999824772]",HCT N Comm,True,block2_pauli,N2_corr
HCT_N_Comm_Fiedler,2,-107.54835315482273,0.033281767359696346,False,0.5289139579981565,2,True,False,False,100,8,1e-06,3.8151895864757535e-07,0.0,"[-107.54850525036, -107.54690822828383, -107.54832151755474, -107.54834545552987, -107.54835379177939, -107.54835230264409, -107.5483535363417, -107.54835315482273]","[0.07421370800147997, 0.07092470799398143, 0.06154012500337558, 0.06569004199991468, 0.05748562499502441, 0.05767345800268231, 0.05428799999936018, 0.054438749997643754]",HCT N Comm,True,block2_pauli,N2_corr
HCT_N_Comm_Fiedler,3,-107.56100776899117,0.020627153191256298,False,0.7549271669995505,3,True,False,False,100,11,1e-06,5.159465530368834e-07,0.0,"[-107.5578953713509, -107.56046666841493, -107.5615307002121, -107.56113198860943, -107.56113132876607, -107.56103581147309, -107.56103924106951, -107.56101437027935, -107.5610157239379, -107.56100725304462, -107.56100776899117]","[0.0752000419961405, 0.06635900000401307, 0.07224475000111852, 0.0673312500002794, 0.06502937500044936, 0.07651570800226182, 0.06209895899519324, 0.057857040999806486, 0.05743087500013644, 0.06274716600455577, 0.05857420800020918]",HCT N Comm,True,block2_pauli,N2_corr
HCT_N_Comm_Fiedler,4,-107.56787598963132,0.013758932551112935,False,0.9361209999988205,4,True,False,False,100,13,1e-06,6.999222819104034e-07,0.0,"[-107.5634031523376, -107.56804576122146, -107.56823692225396, -107.56831034723959, -107.56830590276547, -107.56810013554409, -107.5680975116034, -107.56796918247407, -107.56796702400672, -107.56790459898878, -107.56790322067747, -107.5678766895536, -107.56787598963132]","[0.07687066599464742, 0.081918958996539, 0.06795916699775262, 0.0683160409971606, 0.07501883299846668, 0.07768787499662722, 0.06767554199905135, 0.06531737500336021, 0.06409658300253795, 0.06734166700334754, 0.06393016700167209, 0.06363204199442407, 0.06399874999624444]",HCT N Comm,True,block2_pauli,N2_corr
HCT_N_Comm_Fiedler,5,-107.57253748077196,0.009097441410474971,False,0.6638157499983208,5,True,False,False,100,8,1e-06,1.0771827874123119e-11,0.0,"[-107.56942654500068, -107.5719866848896, -107.57247247221983, -107.57247247224603, -107.57253987051294, -107.57253987052704, -107.57253748076118, -107.57253748077196]","[0.08635858399793506, 0.07436029199743643, 0.07242124999902444, 0.07454808400507318, 0.07352700000046752, 0.08106316699559102, 0.08496612499584444, 0.08419245800178032]",HCT N Comm,True,block2_pauli,N2_corr
HCT_N_Comm_Fiedler,6,-107.5748480039547,0.006786918227732031,False,0.7499140420040931,6,True,False,False,100,9,1e-06,2.2835341439986223e-07,0.0,"[-107.57263789820843, -107.57413373303231, -107.57479658927093, -107.57483905282345, -107.57485925542981, -107.574851749911, -107.57485491372952, -107.57484777560128, -107.5748480039547]","[0.0895200409941026, 0.0798117079975782, 0.08263974999863422, 0.07994079100171803, 0.0822145839993027, 0.07840329199825646, 0.07320849999814527, 0.07700945899705403, 0.07644433399400441]",HCT N Comm,True,block2_pauli,N2_corr
HCT_N_Comm_Fiedler,7,-107.57732604292033,0.004308879262097776,False,0.8787640830050805,7,True,False,False,100,10,1e-06,4.051988611308843e-07,0.0,"[-107.57558111713095, -107.57675149991894, -107.5772060775578, -107.57727685265624, -107.57730752844091, -107.57731282575138, -107.5773220345104, -107.57732318827811, -107.57732563772147, -107.57732604292033]","[0.10144441699958406, 0.08674154199979967, 0.08355949999531731, 0.08606291699834401, 0.08250108399806777, 0.08469629200408235, 0.07912745900102891, 0.0801231250006822, 0.0818925829953514, 0.08041929199680453]",HCT N Comm,True,block2_pauli,N2_corr
HCT_N_Comm_Fiedler,8,-107.57899198249481,0.0026429396876181954,False,0.6793364999975893,8,True,False,False,100,8,1e-06,5.151731272690085e-07,0.0,"[-107.57731216094123, -107.57833656851503, -107.57891883809444, -107.57896105277516, -107.5789825547879, -107.57898516259876, -107.57899249766794, -107.57899198249481]","[0.09249212500435533, 0.0838068330049282, 0.08036808299948461, 0.07848529199691257, 0.08255487499991432, 0.0789277919975575, 0.07673637499829056, 0.07470166699931724]",HCT N Comm,True,block2_pauli,N2_corr
HCT_N_Comm_Fiedler,9,-107.57981829532781,0.0018166268546195852,False,1.3523317910003243,9,True,False,False,100,14,1e-06,9.165017900159e-07,0.0,"[-107.578068254459, -107.5790958118043, -107.57968625989666, -107.57972988558032, -107.57974186617776, -107.57974182447178, -107.57977217407074, -107.57977013727188, -107.57979712428059, -107.5797952791506, -107.5798121224412, -107.57981075963446, -107.5798192118296, -107.57981829532781]","[0.10118170799978543, 0.09741129200119758, 0.0979202919988893, 0.09609379100584192, 0.09781316699809395, 0.095170375003363, 0.0902792920023785, 0.09156958299718099, 0.09099358299863525, 0.09161454200511798, 0.09297208399948431, 0.09128274999966379, 0.0930508750025183, 0.09133591700083343]",HCT N Comm,True,block2_pauli,N2_corr
HCT_N_Comm_Fiedler,10,-107.58030313021737,0.001331791965057505,True,0.7387953330035089,10,True,False,False,100,7,1e-06,3.806929100846901e-07,0.0,"[-107.57881779778431, -107.57978064722084, -107.58025677396553, -107.58029301365522, -107.58030210364578, -107.58030274952446, -107.58030313021737]","[0.10628216600161977, 0.10305199999856995, 0.09952141699614003, 0.10217650000413414, 0.10157520899520023, 0.10140795800543856, 0.09370004200172843]",HCT N Comm,True,block2_pauli,N2_corr
BS_N_Comm_Fiedler,1,-107.51212003372461,0.06951488845781739,False,0.5807574169957661,1,True,False,False,100,7,1e-06,7.980448089028869e-07,0.0,"[-107.52793330939278, -107.51199498560962, -107.51246999040814, -107.51215810596707, -107.51216707772035, -107.5121192356798, -107.51212003372461]","[0.08733708300133003, 0.07393612500163727, 0.07674208399839699, 0.07869620800192934, 0.07634708299883641, 0.07919645799847785, 0.0705332500001532]",BS N Comm,True,block2_pauli,N2_corr
BS_N_Comm_Fiedler,2,-107.54947972028155,0.03215520190087773,False,0.5281157080025878,2,True,False,False,100,7,1e-06,4.0968077996694774e-07,0.0,"[-107.56194756443162, -107.54880976122784, -107.54943044917317, -107.54945048302204, -107.5494791783385, -107.54947931060077, -107.54947972028155]","[0.09170945799996844, 0.06721766700502485, 0.06503816699841991, 0.06978254199930234, 0.07237258300301619, 0.0664717500039842, 0.05709254199609859]",BS N Comm,True,block2_pauli,N2_corr
BS_N_Comm_Fiedler,3,-107.5668217027152,0.014813219467228578,False,0.5221352919979836,3,True,False,False,100,7,1e-06,6.554139417858096e-07,0.0,"[-107.57250021485024, -107.56597075546745, -107.56678097131993, -107.56683417099869, -107.56683415468915, -107.56682235812914, -107.5668217027152]","[0.08618266700068489, 0.06476012500206707, 0.06422474999999395, 0.06995525000093039, 0.07009620899771107, 0.07102949999534758, 0.06443479200243019]",BS N Comm,True,block2_pauli,N2_corr
BS_N_Comm_Fiedler,4,-107.57105424491395,0.010580677268478667,False,1.0877277920008055,4,True,False,False,100,14,1e-06,3.6615551834984217e-07,0.0,"[-107.57508432364287, -107.57048652680429, -107.57082112919116, -107.57096952796351, -107.57090938604583, -107.57109287842238, -107.57104884305744, -107.5710844794373, -107.57106324606397, -107.57106865240603, -107.5710580439004, -107.57105927757813, -107.57105387875843, -107.57105424491395]","[0.09057233399653342, 0.07517729100072756, 0.08081491699704202, 0.07469291700545, 0.07235375000163913, 0.07423066699993797, 0.07004179200157523, 0.06954012499772944, 0.07056249999732245, 0.06990399999631336, 0.07789295799739193, 0.07495462500082795, 0.06993949999741744, 0.07271633299387759]",BS N Comm,True,block2_pauli,N2_corr
BS_N_Comm_Fiedler,5,-107.57590396870128,0.005730953481148049,False,0.8834066670024185,5,True,False,False,100,10,1e-06,2.3108623281586915e-07,0.0,"[-107.57618107222814, -107.57567814075485, -107.5759925634733, -107.57595087922746, -107.57592218243221, -107.57591698994064, -107.57590921031375, -107.57590819518694, -107.57590419978752, -107.57590396870128]","[0.09720058400125708, 0.08194312499836087, 0.08144070799608016, 0.08208733299397863, 0.09759449999546632, 0.08294954200391658, 0.07802854199690046, 0.07939408299716888, 0.08839829199860105, 0.08116395799879683]",BS N Comm,True,block2_pauli,N2_corr
BS_N_Comm_Fiedler,6,-107.57826210239463,0.0033728197877991306,False,0.6737488750004559,6,True,False,False,100,7,1e-06,3.5648561436119053e-07,0.0,"[-107.57748180389251, -107.57825030838755, -107.57825484771354, -107.5782600872204, -107.57826203083204, -107.57826174590902, -107.57826210239463]","[0.10687791699456284, 0.08982516600372037, 0.09367533299518982, 0.08864962499501416, 0.08932866599934641, 0.08815816700371215, 0.08568883399857441]",BS N Comm,True,block2_pauli,N2_corr
BS_N_Comm_Fiedler,7,-107.57949529498242,0.002139627200008931,False,0.7154653339966899,7,True,False,False,100,7,1e-06,2.2175186131789815e-09,0.0,"[-107.57890766038878, -107.5794843833527, -107.57949377706544, -107.57949540167472, -107.5794953840142, -107.57949529719994, -107.57949529498242]","[0.10721266600012314, 0.10078183300356613, 0.09380824999971082, 0.0988875420007389, 0.0969823749983334, 0.09529337500134716, 0.09046058300009463]",BS N Comm,True,block2_pauli,N2_corr
BS_N_Comm_Fiedler,8,-107.5802706968641,0.001364225318326362,True,0.6524665000033565,8,True,False,False,100,7,1e-06,2.343498550771983e-07,0.0,"[-107.57956824865308, -107.58013137689653, -107.5802536151405, -107.58026490550921, -107.58027052698056, -107.58027046251425, -107.5802706968641]","[0.10835920800309395, 0.0871207919990411, 0.08634000000165543, 0.08473154200328281, 0.08689224999397993, 0.08506545799900778, 0.08389249999891035]",BS N Comm,True,block2_pauli,N2_corr
raw_fermionic_su2,1,-107.17582171697968,0.279333880726071,False,0.09667429199907929,1,True,False,False,100,7,1e-06,0.0,0.0,"[-107.28567167139875, -107.17582171697968, -107.17582171697968, -107.17582171697968, -107.17582171697968, -107.17582171697968, -107.17582171697968]","[0.014815707996604033, 0.013877750003302936, 0.0093762920005247, 0.01662654199753888, 0.008627750001323875, 0.01542712499940535, 0.009296167001593858]",,False,block2_su2,N2_diss
raw_fermionic_su2,2,-107.17582841422737,0.2793271834783866,False,0.11609858400333906,2,True,False,False,100,8,1e-06,3.325340003357269e-12,0.0,"[-107.28567167139875, -107.19693015928844, -107.19693015927722, -107.19693015928756, -107.1969301592213, -107.196930159268, -107.17582841422404, -107.17582841422737]","[0.015069708999362774, 0.0121731249964796, 0.0175670419994276, 0.012125499997637235, 0.01195204199757427, 0.013479708002705593, 0.010965540997858625, 0.014663000001746695]",,False,block2_su2,N2_diss
raw_fermionic_su2,3,-107.29064034008324,0.1645152576225115,False,0.1262658339983318,3,True,False,False,100,8,1e-06,2.886224592657527e-11,0.0,"[-107.31023335294458, -107.27337306147145, -107.29109790986445, -107.29109888386873, -107.2906293814442, -107.29062938309208, -107.29064034005438, -107.29064034008324]","[0.025249916994653177, 0.011693459004163742, 0.01037595899833832, 0.015238874999340624, 0.014521541001158766, 0.0148469589985325, 0.010032583995780442, 0.015898915997240692]",,False,block2_su2,N2_diss
raw_fermionic_su2,4,-107.30857276012068,0.14658283758507196,False,0.23535816599905957,4,True,False,False,100,14,1e-06,1.1517811060457461e-07,0.0,"[-107.31828039007252, -107.3100276640525, -107.31892101033608, -107.31892242859462, -107.31719598255198, -107.31719600067413, -107.31468757210341, -107.31468157260443, -107.31189002862891, -107.31187112115313, -107.30975622694251, -107.30976112388193, -107.30857264494257, -107.30857276012068]","[0.02125812500162283, 0.011727083001460414, 0.015293915996153373, 0.015816709004866425, 0.011327541003993247, 0.02487704200029839, 0.014717917001689784, 0.012199999997392297, 0.0107895830005873, 0.01495666600385448, 0.010886459000175819, 0.015272083997842856, 0.022782833999372087, 0.019865959002345335]",,False,block2_su2,N2_diss
raw_fermionic_su2,5,-107.34308114065904,0.1120744570467167,False,0.13771874999656575,5,True,False,False,100,8,1e-06,6.181721801112872e-11,0.0,"[-107.343967437413, -107.31007610964679, -107.34430953131519, -107.34431568116437, -107.34389929772726, -107.34389930237796, -107.34308114059722, -107.34308114065904]","[0.017556834005517885, 0.01367745800234843, 0.015094624999619555, 0.01831166699412279, 0.016740708000725135, 0.018623291995027103, 0.016951249999692664, 0.012609167002665345]",,False,block2_su2,N2_diss
raw_fermionic_su2,6,-107.3822792458638,0.07287635184195551,False,0.1391260410018731,6,True,False,False,100,8,1e-06,3.0814874207862886e-08,0.0,"[-107.37082964453359, -107.36035923681438, -107.3633759506139, -107.36337594712246, -107.37890149743856, -107.37890148769023, -107.38227927667867, -107.3822792458638]","[0.021093458999530412, 0.02218916700076079, 0.013942625002528075, 0.017983541001740377, 0.017363667000608984, 0.013164999996661209, 0.011223624998820014, 0.011747417003789451]",,False,block2_su2,N2_diss
raw_fermionic_su2,7,-107.37512193049427,0.08003366721148097,False,0.12272583400044823,7,True,False,False,100,8,1e-06,1.7706724975141697e-11,0.0,"[-107.37747344154886, -107.3708557041493, -107.38397331396052, -107.38397331386949, -107.38514246456322, -107.38514246447194, -107.37512193047657, -107.37512193049427]","[0.017145290999906138, 0.01474216699716635, 0.013889583002310246, 0.01426641700527398, 0.01310475000354927, 0.014034083003934938, 0.012137874997279141, 0.015970874999766238]",,False,block2_su2,N2_diss
raw_fermionic_su2,8,-107.37873668120923,0.07641891649652166,False,0.1815987089939881,8,True,False,False,100,8,1e-06,2.8691715669992846e-11,0.0,"[-107.37806061711036, -107.37115836347293, -107.39487451830583, -107.39487451828884, -107.3965245940058, -107.39365115535033, -107.37873668123792, -107.37873668120923]","[0.04019433299981756, 0.027701250000973232, 0.03274033300112933, 0.019153667002683505, 0.013616208998428192, 0.013124167002388276, 0.013593667004897725, 0.013444791999063455]",,False,block2_su2,N2_diss
raw_fermionic_su2,9,-107.36530142800221,0.08985416970354265,False,0.12690374999510823,9,True,False,False,100,8,1e-06,7.841549631848466e-11,0.0,"[-107.3785222849712, -107.37854421639906, -107.37652312108659, -107.37652312110103, -107.37052880228629, -107.3705288022705, -107.3653014279238, -107.36530142800221]","[0.019841833993268665, 0.014300208000349812, 0.013903332997870166, 0.01711129099567188, 0.013567250003688969, 0.01474900000175694, 0.013201166002545506, 0.01257558399811387]",,False,block2_su2,N2_diss
raw_fermionic_su2,10,-107.40697756190022,0.04817803580553459,False,0.1299044999977923,10,True,False,False,100,8,1e-06,9.023892744153272e-12,0.0,"[-107.3785431869707, -107.37856500360684, -107.39548965520402, -107.39548965517537, -107.40435590073089, -107.40123589405859, -107.40697756190924, -107.40697756190022]","[0.017257584004255477, 0.015708958002505824, 0.01463629199861316, 0.015675917005864903, 0.015208291995804757, 0.014456625001912471, 0.012347541996859945, 0.016565334000915755]",,False,block2_su2,N2_diss
raw_fermionic_su2,12,-107.40702422416472,0.04813137354103958,False,0.1495464159961557,12,True,False,False,100,8,1e-06,6.45599129711627e-11,0.0,"[-107.37867486660407, -107.37869662800028, -107.41063792214065, -107.41063792217098, -107.41593052442357, -107.4159305244277, -107.40702422410016, -107.40702422416472]","[0.018754792006802745, 0.019501249997119885, 0.018422790999466088, 0.018066707998514175, 0.01586574999964796, 0.017391042005328927, 0.013337666001461912, 0.012688000002526678]",,False,block2_su2,N2_diss
raw_fermionic_su2,14,-107.41888286467413,0.03627273303162326,False,0.1340940000009141,14,True,False,False,100,7,1e-06,1.933666737841122e-08,0.0,"[-107.37950729842152, -107.37979421950678, -107.40989767694322, -107.41685081889473, -107.41888284533549, -107.41888284533746, -107.41888286467413]","[0.01772379199974239, 0.019590625001001172, 0.018431166994560044, 0.018722875000094064, 0.0181115419982234, 0.018170124996686354, 0.016025334000005387]",,False,block2_su2,N2_diss
raw_fermionic_su2,16,-107.41892523698705,0.036230360718704446,False,0.17118325000046752,16,True,False,False,100,7,1e-06,1.615781854980014e-07,0.0,"[-107.37952698793842, -107.38020126562103, -107.41196409368648, -107.41892402672606, -107.41892539855955, -107.41892539856524, -107.41892523698705]","[0.022254666000662837, 0.043191208998905495, 0.021435459006170277, 0.020724209003674332, 0.019235082996601705, 0.018836833005480003, 0.018056708002404775]",,False,block2_su2,N2_diss
raw_fermionic_su2,18,-107.4199957040621,0.035159893643651685,False,0.19552220799960196,18,True,False,False,100,8,1e-06,4.2021497392852325e-11,0.0,"[-107.37957632827623, -107.38031741537561, -107.41127690070441, -107.4196349936769, -107.41988635897088, -107.41988635896988, -107.41999570402008, -107.4199957040621]","[0.025883082998916507, 0.03076166699611349, 0.02554066699667601, 0.023614624995389022, 0.021502083996892907, 0.02167475000169361, 0.019843374997435603, 0.019257957996160258]",,False,block2_su2,N2_diss
raw_fermionic_su2,20,-107.42034297223361,0.034812625472142145,False,0.21946083399961935,20,True,False,False,100,8,1e-06,4.7620574150641914e-11,0.0,"[-107.37958623119663, -107.3803062741099, -107.41036840255995, -107.4199768561634, -107.42038087031099, -107.42038087030323, -107.42034297228123, -107.42034297223361]","[0.0201301670022076, 0.036897375000989996, 0.027207042003283277, 0.028533834003610536, 0.023798458998498973, 0.025888666001264937, 0.02627658299752511, 0.023465833997761365]",,False,block2_su2,N2_diss
raw_fermionic_su2,30,-107.45480566013443,0.000349937571328951,True,0.3000772910017986,30,True,False,False,100,8,1e-06,6.060638213511993e-08,0.0,"[-107.37993685447536, -107.41961102577135, -107.45470042231119, -107.45480193585774, -107.45480737237723, -107.45480927731623, -107.45480559952804, -107.45480566013443]","[0.02454412499355385, 0.040896749997045845, 0.04139004099852173, 0.041339124996738974, 0.03800245800084667, 0.03959579199727159, 0.034197417000541463, 0.032734209002228454]",,False,block2_su2,N2_diss
raw_qubit,1,-107.29940953283321,0.15574606487254528,False,0.492201583001588,1,True,False,False,100,7,1e-06,0.0,0.0,"[-107.29940953283321, -107.29940953283321, -107.29940953283321, -107.29940953283321, -107.29940953283321, -107.29940953283321, -107.29940953283321]","[0.0728217500000028, 0.06569266699807486, 0.07049470899801236, 0.059503500000573695, 0.05729616600001464, 0.05135841599985724, 0.07879550000507152]",,False,block2_pauli,N2_diss
raw_qubit,2,-107.2994095328321,0.15574606487365372,False,0.47254433300258825,2,True,False,False,100,7,1e-06,0.0,0.0,"[-107.29940953283204, -107.29940953283207, -107.29940953283207, -107.2994095328321, -107.2994095328321, -107.2994095328321, -107.2994095328321]","[0.07485445799829904, 0.07500862500455696, 0.06350216600549174, 0.04809795799519634, 0.05053504199895542, 0.047852083000179846, 0.06547070799570065]",,False,block2_pauli,N2_diss
raw_qubit,3,-107.29940953279726,0.15574606490849874,False,0.3804823749960633,3,True,False,False,100,7,1e-06,0.0,0.0,"[-107.29940953279734, -107.29940953279747, -107.2994095327973, -107.29940953279726, -107.29940953279723, -107.29940953279726, -107.29940953279726]","[0.07010199999785982, 0.05209770799410762, 0.04740250000031665, 0.04634116699890001, 0.04377483300049789, 0.05163991599692963, 0.041431833000387996]",,False,block2_pauli,N2_diss
raw_qubit,4,-107.29940953281694,0.1557460648888167,False,0.36727287500252714,4,True,False,False,100,7,1e-06,1.4210854715202004e-14,0.0,"[-107.29940953281684, -107.29940953281695, -107.29940953281692, -107.29940953281694, -107.29940953281694, -107.29940953281692, -107.29940953281694]","[0.0684097919947817, 0.05123379200085765, 0.04417924999870593, 0.044753041001968086, 0.044315708000794984, 0.044614499995077495, 0.041394666994165163]",,False,block2_pauli,N2_diss
raw_qubit,5,-107.30470350049163,0.1504520972141279,False,1.0472891249955865,5,True,False,False,100,18,1e-06,2.395406255573107e-07,0.0,"[-107.2998811480359, -107.30016072629648, -107.30021991826172, -107.30023322771618, -107.30023875071039, -107.30024695382102, -107.30028291197024, -107.30050120892224, -107.3013659610973, -107.30180148881473, -107.30183950686093, -107.30184248193139, -107.30194600046332, -107.30462954381917, -107.30469930987988, -107.3047017312501, -107.304703260951, -107.30470350049163]","[0.09607179199520033, 0.05824820899579208, 0.05127958299999591, 0.05312525000044843, 0.056082333001540974, 0.0570727079975768, 0.05092750000039814, 0.05122945800394518, 0.05108733299857704, 0.05379029100004118, 0.06853316699562129, 0.05457300000125542, 0.050411625001288485, 0.05165212500287453, 0.06446629199490417, 0.049806000002718065, 0.0485921670042444, 0.04736054199747741]",,False,block2_pauli,N2_diss
raw_qubit,6,-107.40988457850929,0.0452710191964627,False,0.6692932500009192,6,True,False,False,100,11,1e-06,3.7014541476310114e-07,0.0,"[-107.30184246136965, -107.30184274247654, -107.3018427451239, -107.30469209591595, -107.3047018204778, -107.40291901776433, -107.40960421918355, -107.40987502827889, -107.40988318078271, -107.40988420836388, -107.40988457850929]","[0.08205124999949476, 0.05351570800121408, 0.051884041997254826, 0.05678687500039814, 0.06511270799819613, 0.06618179200449958, 0.05722299999615643, 0.053260084001522046, 0.050576749999891035, 0.05111558400676586, 0.05197608400339959]",,False,block2_pauli,N2_diss
raw_qubit,7,-107.42574504396293,0.029410553742820866,False,0.6396679999961634,7,True,False,False,100,9,1e-06,1.3938958431936044e-08,0.0,"[-107.301841919466, -107.30200783585396, -107.30462926465543, -107.3132497371235, -107.39629201414914, -107.42552685813077, -107.42573825886167, -107.42574503002398, -107.42574504396293]","[0.0913665830012178, 0.05916520900063915, 0.07669924999936484, 0.06686258300032932, 0.061666333000175655, 0.07814820900239283, 0.058026250000693835, 0.056001124998147134, 0.06297608399472665]",,False,block2_pauli,N2_diss
raw_qubit,8,-107.3864392697094,0.06871632799635563,False,1.1297627500025555,8,True,False,False,100,18,1e-06,2.5718362905990944e-07,0.0,"[-107.30184228139146, -107.30184274353992, -107.30184274726702, -107.30184296843211, -107.30187460460513, -107.30452060508223, -107.30468489670342, -107.30469983998617, -107.30477392874101, -107.30478472477327, -107.30480102286148, -107.34956903724273, -107.38392105199603, -107.38425630031385, -107.38598379386826, -107.38643125583818, -107.38643901252577, -107.3864392697094]","[0.08320275000005495, 0.05667554200044833, 0.055231292004464194, 0.05439004200161435, 0.06000104100530734, 0.0639214999973774, 0.05944462500337977, 0.08027883299655514, 0.054662208996887784, 0.054452124997624196, 0.054506542001035996, 0.05620429100235924, 0.05917737499839859, 0.05777545799355721, 0.05939708300138591, 0.06727862500702031, 0.06037500000093132, 0.05946012499771314]",,False,block2_pauli,N2_diss
raw_qubit,9,-107.38643919990689,0.06871639779886607,False,0.6948402499983786,9,True,False,False,100,9,1e-06,2.2089032825078903e-07,0.0,"[-107.30434805126528, -107.30470181203944, -107.30572729047046, -107.30647538054134, -107.34857494092113, -107.38614916819719, -107.38643560023831, -107.38643897901656, -107.38643919990689]","[0.10419974999967963, 0.06378312499873573, 0.07045945799472975, 0.07284904200059827, 0.07229937500233063, 0.07633504100522259, 0.07373083299899008, 0.07110599999577971, 0.062095917004626244]",,False,block2_pauli,N2_diss
raw_qubit,10,-107.42573511530955,0.02942048239620476,False,0.9916537079989212,10,True,False,False,100,13,1e-06,9.564531069372606e-07,0.0,"[-107.30470137297345, -107.30470181687434, -107.30470181838203, -107.33451840015289, -107.33708706615926, -107.385177411114, -107.42455659595007, -107.42561839163544, -107.42569697299493, -107.42571623835937, -107.42572969956575, -107.42573415885644, -107.42573511530955]","[0.10623533400212182, 0.06578816699766321, 0.06057062499894528, 0.07620741699793143, 0.07910962499590823, 0.08262575000117067, 0.07523404100356856, 0.07650412499788217, 0.06997383300040383, 0.06719650000013644, 0.06784662500285776, 0.06663837499945657, 0.06873279199498938]",,False,block2_pauli,N2_diss
raw_qubit,12,-107.42880746446889,0.02634813323686558,False,1.1836955000035232,12,True,False,False,100,14,1e-06,6.558261134159693e-07,0.0,"[-107.30440512897573, -107.30469820601678, -107.30470178892233, -107.31480649551395, -107.34474919330127, -107.42167679905928, -107.42845733273732, -107.42872402265863, -107.42875886836798, -107.42879759902561, -107.4288025034189, -107.42880561323582, -107.42880680864278, -107.42880746446889]","[0.1280924579987186, 0.07481720900250366, 0.07420141600596253, 0.08006983299856074, 0.0897980000008829, 0.09178066700405907, 0.08255945800192421, 0.07839720800257055, 0.0759604160048184, 0.07666724999580765, 0.07681374999810942, 0.07415170800231863, 0.07693233399913879, 0.0733483339936356]",,False,block2_pauli,N2_diss
raw_qubit,14,-107.42957664661188,0.025578951093876867,False,2.1805270420009037,14,True,False,False,100,22,1e-06,9.90088437902159e-07,0.0,"[-107.30434726498643, -107.30470180093857, -107.30470181781033, -107.39108878699045, -107.39855835281753, -107.40978226291648, -107.42486769410341, -107.42873052411531, -107.42901866386707, -107.42928234469912, -107.42932386928814, -107.42933399492838, -107.42937459105781, -107.42938853972095, -107.42938174721962, -107.42939720849927, -107.42940102471064, -107.42944411647682, -107.42954946944474, -107.42956508280545, -107.42957565652344, -107.42957664661188]","[0.08846712500235299, 0.08153679200040642, 0.07965387500007637, 0.12654104200191796, 0.10581554199598031, 0.11975199999869801, 0.10402045900264056, 0.1086009999999078, 0.10183645899815019, 0.09749241700046696, 0.09880095800326671, 0.09204204200068489, 0.10094516699609812, 0.09268587499536807, 0.09561974999814993, 0.09224791599990567, 0.09473699999944074, 0.09322612499818206, 0.09997129200201016, 0.09143345900520217, 0.0919045839982573, 0.08956991699960781]",,False,block2_pauli,N2_diss
raw_qubit,16,-107.38643930858669,0.06871628911906669,False,0.6969265000006999,16,True,False,False,100,7,1e-06,1.1682459444273263e-09,0.0,"[-107.35777884625097, -107.38427737958563, -107.38617068754616, -107.38643886440063, -107.38643930098048, -107.38643930741844, -107.38643930858669]","[0.09411091700167162, 0.09274799999548122, 0.10034354100207565, 0.10389595899323467, 0.09520350000093458, 0.09316558399586938, 0.09010520899755647]",,False,block2_pauli,N2_diss
raw_qubit,18,-107.42969302665779,0.02546257104796723,False,1.235959167002875,18,True,False,False,100,9,1e-06,2.2608955418945698e-07,0.0,"[-107.35861526466113, -107.38426238879654, -107.40032744240634, -107.42901277593452, -107.4295505671769, -107.42968426010009, -107.42969178699806, -107.42969280056823, -107.42969302665779]","[0.10461495799972909, 0.12167016599414637, 0.13567699999839533, 0.17696224999963306, 0.1493605830037268, 0.1451202079988434, 0.1304542920042877, 0.12251525000465335, 0.12104970800282899]",,False,block2_pauli,N2_diss
raw_qubit,20,-107.42969075708896,0.025464840616791662,False,1.748195249994751,20,True,False,False,100,12,1e-06,5.440780626031483e-07,0.0,"[-107.35874018885708, -107.38425962292953, -107.38566179061246, -107.41924012627746, -107.428779385499, -107.42949837004014, -107.4296303095566, -107.42966330017927, -107.42967536023899, -107.42968546769089, -107.4296902130109, -107.42969075708896]","[0.11432187500031432, 0.12720508399797836, 0.14230954099912196, 0.17941070899541955, 0.1649360829978832, 0.159739916001854, 0.1457361669963575, 0.14354712500062305, 0.13924545900226803, 0.13237374999880558, 0.138248958006443, 0.13223962500342168]",,False,block2_pauli,N2_diss
raw_qubit,30,-107.42974766828874,0.025407929417013975,False,3.4738119169996935,30,True,False,False,100,10,1e-06,3.375915866854484e-07,0.0,"[-107.35928398486541, -107.38392671610413, -107.3862267245715, -107.42706066880764, -107.42951883577456, -107.42969520598446, -107.42972854902516, -107.42974548619239, -107.42974733069715, -107.42974766828874]","[0.1407749589998275, 0.29090583399374736, 0.6001945000025444, 0.4582438329962315, 0.37124179199599894, 0.3818414169945754, 0.3139001660019858, 0.3099966670051799, 0.29925550000189105, 0.2781147499990766]",,False,block2_pauli,N2_diss
raw_qubit,40,-107.44666149411245,0.008494103593307045,False,6.79567320800561,40,True,False,False,100,13,1e-06,2.7844093608564435e-07,0.0,"[-107.3592949609907, -107.38380944649055, -107.38632019788386, -107.42844754641978, -107.44273230255885, -107.44559050762822, -107.44638720935963, -107.4465527959085, -107.44667473938567, -107.44665913944146, -107.44666991935817, -107.44666177255338, -107.44666149411245]","[0.1619497079955181, 0.37170299999706913, 0.8513209160009865, 0.892011709001963, 0.77276908299973, 0.5901125829986995, 0.487092000003031, 0.4800065419985913, 0.45806933399580885, 0.44590366700140294, 0.4272379589965567, 0.4091732500019134, 0.41644525000447175]",,False,block2_pauli,N2_diss
raw_qubit,50,-107.44693165868424,0.0082239390215193,False,8.888304125001014,50,True,False,False,100,10,1e-06,2.5890554411489575e-07,0.0,"[-107.35929675366397, -107.39264566731833, -107.42970451186677, -107.44661872188715, -107.44675959721096, -107.44684716789011, -107.44689565542043, -107.44692722434542, -107.44693139977869, -107.44693165868424]","[0.16357245800463716, 0.5349427920009475, 1.5750882909997017, 1.3716402089994517, 0.9403931249980815, 1.0091634159980458, 0.7545946669997647, 0.920902040998044, 0.7172538329978124, 0.8714835420032614]",,False,block2_pauli,N2_diss
raw_qubit,60,-107.45500523339574,0.00015036431001647088,True,13.195024208995164,60,True,False,False,100,11,1e-06,7.107009025730804e-07,0.0,"[-107.35929675366397, -107.41983911826267, -107.44981173816615, -107.45457187695737, -107.45476557832174, -107.45498445270684, -107.45500917809412, -107.4549929397318, -107.45498912915917, -107.45500452269484, -107.45500523339574]","[0.1666703749942826, 0.6092487920031999, 2.1577822920007748, 2.1506555840023793, 1.2895763749984326, 1.4250532919977559, 1.045699041998887, 1.2230744590051472, 0.9845552909973776, 1.2046405420041992, 0.907594207994407]",,False,block2_pauli,N2_diss
seniority_Nover2,1,-107.07206668762069,0.38308891008506407,False,0.517138083007012,1,True,False,False,100,7,1e-06,0.0,0.0,"[-107.340316756859, -107.07206668762069, -107.07206668762069, -107.07206668762069, -107.07206668762069, -107.07206668762069, -107.07206668762069]","[0.09198608299629996, 0.06942454099771567, 0.06055695900431601, 0.06724949999625096, 0.056816457996319514, 0.06743216699396726, 0.058079250004084315]",Seniority N/2,False,block2_pauli,N2_diss
seniority_Nover2,2,-107.29940953490895,0.15574606279680836,False,0.6240921249991516,2,True,False,False,100,10,1e-06,3.738605869330058e-09,0.0,"[-107.36971406460839, -107.27212938638138, -107.26771294626066, -107.26797624757552, -107.28263920143765, -107.28263927101779, -107.27797247055582, -107.29871564078849, -107.29940953117034, -107.29940953490895]","[0.11148608299845364, 0.05395912500534905, 0.05176987499726238, 0.05311174999951618, 0.05376474999502534, 0.05559799999900861, 0.04878849999658996, 0.05075929199665552, 0.045313208996958565, 0.046307832999445964]",Seniority N/2,False,block2_pauli,N2_diss
seniority_Nover2,3,-107.2998796170508,0.15527598065494885,False,0.5061881250003353,3,True,False,False,100,7,1e-06,3.649432755992166e-07,0.0,"[-107.38295579667755, -107.30350032692769, -107.29394804433261, -107.299686160866, -107.29976181036554, -107.29987925210753, -107.2998796170508]","[0.13462345900188666, 0.05172008299996378, 0.050372958001389634, 0.07563366699469043, 0.051307415997143835, 0.05257083300239174, 0.04885245899640722]",Seniority N/2,False,block2_pauli,N2_diss
seniority_Nover2,4,-107.32453730000333,0.1306182977024264,False,0.6151337920018705,4,True,False,False,100,8,1e-06,7.87281351222191e-12,0.0,"[-107.39494813095112, -107.33527711323813, -107.32415929046077, -107.32415928919505, -107.32443522228512, -107.32443522229048, -107.32453729999546, -107.32453730000333]","[0.1342941670009168, 0.05812737499945797, 0.06278616700001294, 0.06145229100366123, 0.055429166997782886, 0.06575695799983805, 0.07415162499819417, 0.05671220800286392]",Seniority N/2,False,block2_pauli,N2_diss
seniority_Nover2,5,-107.36070863183556,0.09444696587019052,False,0.5860271670026123,5,True,False,False,100,8,1e-06,2.0619950191758107e-11,0.0,"[-107.39666872928903, -107.35382624210054, -107.3600488334898, -107.36004883351052, -107.36070005892698, -107.36070005890706, -107.36070863185618, -107.36070863183556]","[0.1361466250018566, 0.059268166005495004, 0.06025933299679309, 0.057707833002496045, 0.0609537909986102, 0.061070208001183346, 0.054358540997782256, 0.05421024999668589]",Seniority N/2,False,block2_pauli,N2_diss
seniority_Nover2,6,-107.3713590901081,0.08379650759765411,False,0.6636112500054878,6,True,False,False,100,9,1e-06,3.5025986733216996e-07,0.0,"[-107.39773728675563, -107.36925040152141, -107.37118439240939, -107.37128829888243, -107.37134357549411, -107.3713539605889, -107.37135728927916, -107.37135873984823, -107.3713590901081]","[0.14112679100071546, 0.06313162500009639, 0.06104279199644225, 0.059851500001968816, 0.06011749999743188, 0.05949670800328022, 0.057391624999581836, 0.059298583000781946, 0.0578237910012831]",Seniority N/2,False,block2_pauli,N2_diss
seniority_Nover2,7,-107.41686940407627,0.03828619362948871,False,0.6798044999959529,7,True,False,False,100,8,1e-06,1.9269918993813917e-11,0.0,"[-107.40655810781787, -107.40655810788081, -107.41498363276253, -107.41498363275893, -107.41689192438176, -107.41689192444483, -107.41686940409554, -107.41686940407627]","[0.16013741699862294, 0.07139491700218059, 0.06707833299878985, 0.07613025000318885, 0.07033691700053168, 0.06790620899846544, 0.06318462499621091, 0.06309579200024018]",Seniority N/2,False,block2_pauli,N2_diss
seniority_Nover2,8,-107.44640157095418,0.008754026751574884,False,0.6676565419984399,8,True,False,False,100,8,1e-06,1.3284306987770833e-10,0.0,"[-107.42494868160802, -107.44457049793834, -107.44631614605036, -107.44631614608554, -107.44639473169678, -107.44639473177926, -107.44640157082134, -107.44640157095418]","[0.15338995800266275, 0.07194429200171726, 0.06651733400212834, 0.0680619589984417, 0.06988750000164146, 0.06666808400041191, 0.062196042003051843, 0.06778374999703374]",Seniority N/2,False,block2_pauli,N2_diss
seniority_Nover2,9,-107.44830272065587,0.006852877049880135,False,0.7916312919987831,9,True,False,False,100,8,1e-06,7.368328169832239e-11,0.0,"[-107.43399780272642, -107.44630737083784, -107.4484604859386, -107.44846048594196, -107.44835001339125, -107.44835001344151, -107.44830272058219, -107.44830272065587]","[0.18615599999611732, 0.08800458299810998, 0.08422350000182632, 0.08158533299865667, 0.08220404199528275, 0.07880570900306338, 0.07380033300432842, 0.07533729200076777]",Seniority N/2,False,block2_pauli,N2_diss
seniority_Nover2,10,-107.45040700842782,0.004748589277937754,False,0.8404864999974961,10,True,False,False,100,8,1e-06,1.7905676941154525e-11,0.0,"[-107.44304362951364, -107.44782667915919, -107.45015783431069, -107.45015783421889, -107.45029243932906, -107.45029243930195, -107.45040700844572, -107.45040700842782]","[0.19253733300138265, 0.09164299999974901, 0.09065191599802347, 0.08701154200389283, 0.08139149999624351, 0.08805083400511649, 0.08579012499831151, 0.08218787499936298]",Seniority N/2,False,block2_pauli,N2_diss
seniority_Nover2,12,-107.45180047769193,0.0033551200138219883,False,0.7942567909994978,12,True,False,False,100,7,1e-06,3.703738116200839e-08,0.0,"[-107.44758089951843, -107.45171563344167, -107.45179994183664, -107.45179994187933, -107.45180051472585, -107.45180051472931, -107.45180047769193]","[0.20313279200490797, 0.09661854200385278, 0.0976404579996597, 0.08727579200058244, 0.09296325000468642, 0.08754537499771686, 0.08796499999880325]",Seniority N/2,False,block2_pauli,N2_diss
seniority_Nover2,14,-107.4523439365361,0.002811661169658919,False,1.1479976659975364,14,True,False,False,100,8,1e-06,1.2562395568238571e-11,0.0,"[-107.44770379206369, -107.45200097386059, -107.45214757745083, -107.45227229471635, -107.45233425743135, -107.45233747286713, -107.45234393652353, -107.4523439365361]","[0.24043795900070108, 0.13057141600438626, 0.13103658299951348, 0.1252471250045346, 0.12865195799531648, 0.11960279099730542, 0.11793074999877717, 0.11306941699876916]",Seniority N/2,False,block2_pauli,N2_diss
seniority_Nover2,16,-107.45299776125086,0.002157836454898643,False,1.6683280840006773,16,True,False,False,100,12,1e-06,9.915702037233132e-07,0.0,"[-107.44817687756084, -107.45237585384068, -107.45242196779708, -107.45244062249688, -107.4524532083417, -107.45257943422837, -107.45286113542178, -107.45290910350383, -107.4529288113581, -107.45293635897855, -107.45299676968065, -107.45299776125086]","[0.2649349169951165, 0.13246629200148163, 0.12807600000087405, 0.11668804099463159, 0.1266667499949108, 0.11779737500182819, 0.1350338330012164, 0.11595724999642698, 0.12463583299540915, 0.11628837500029476, 0.12955554200016195, 0.11702054100169335]",Seniority N/2,False,block2_pauli,N2_diss
seniority_Nover2,18,-107.45313523876837,0.0020203589373863906,False,1.514571084000636,18,True,False,False,100,7,1e-06,9.697774885353283e-07,0.0,"[-107.44825585702176, -107.4529043801921, -107.45304007889989, -107.45309965647496, -107.45313802320241, -107.45313620854586, -107.45313523876837]","[0.330950915995345, 0.20613979199697496, 0.2068990420011687, 0.17697491600119974, 0.2014012920044479, 0.17379670900118072, 0.17782616699696518]",Seniority N/2,False,block2_pauli,N2_diss
seniority_Nover2,20,-107.45406078942362,0.0010948082821329308,True,1.784770459002175,20,True,False,False,100,8,1e-06,2.611662353046995e-08,0.0,"[-107.44805039543837, -107.45295386607967, -107.45395523031868, -107.4540200054853, -107.45406207543962, -107.4540620032641, -107.45406081554025, -107.45406078942362]","[0.3581313329996192, 0.218302749999566, 0.22555512499820907, 0.19562600000062957, 0.19107345800148323, 0.18142841699591372, 0.20217579200107139, 0.17136770900106058]",Seniority N/2,False,block2_pauli,N2_diss
HCT_Nover2_Comm,1,-107.1579532014422,0.2972023962635575,False,0.6600952079970739,1,True,False,False,100,7,1e-06,1.2789769243681803e-13,0.0,"[-107.37231272590395, -107.15795321598897, -107.1579532014525, -107.15795320143839, -107.15795320144005, -107.15795320144207, -107.1579532014422]","[0.12137158299447037, 0.07717929199861828, 0.07632600000215461, 0.07313183299993398, 0.07632895799906692, 0.0814124169992283, 0.07262091699521989]",HCT N/2 Comm,False,block2_pauli,N2_diss
HCT_Nover2_Comm,2,-107.38637911168729,0.06877648601846431,False,0.6826536250009667,2,True,False,False,100,8,1e-06,5.542233338928781e-13,0.0,"[-107.38596693263361, -107.38597061583562, -107.38609471980209, -107.38630710007659, -107.38637702644854, -107.38637702645529, -107.38637911168784, -107.38637911168729]","[0.1424148329970194, 0.06588279199786484, 0.06288537500222446, 0.07463158300379291, 0.06753770799696213, 0.06347466700390214, 0.05809216700436082, 0.057549291996110696]",HCT N/2 Comm,False,block2_pauli,N2_diss
HCT_Nover2_Comm,3,-107.39945057593187,0.05570502177388903,False,0.638091707995045,3,True,False,False,100,7,1e-06,3.935554104828043e-10,0.0,"[-107.38596672712416, -107.38597342745226, -107.39544051483006, -107.39917668113003, -107.399448576074, -107.39945057553831, -107.39945057593187]","[0.16103820799617097, 0.0694366669995361, 0.0673014999993029, 0.07910579199960921, 0.068619249999756, 0.06509341699711513, 0.06039041600160999]",HCT N/2 Comm,False,block2_pauli,N2_diss
HCT_Nover2_Comm,4,-107.42959073429323,0.025564863412526506,False,0.7566634579998208,4,True,False,False,100,8,1e-06,1.1262123678079661e-07,0.0,"[-107.40484133428849, -107.41832929619873, -107.42731397616244, -107.42871025484975, -107.429609771651, -107.42961576993363, -107.42959062167199, -107.42959073429323]","[0.18895266600156901, 0.0727543750035693, 0.07002304199704668, 0.07504570799937937, 0.06990283400227781, 0.0710484999945038, 0.06531333299790276, 0.06506933299533557]",HCT N/2 Comm,False,block2_pauli,N2_diss
HCT_Nover2_Comm,5,-107.42174271608933,0.03341288161642808,False,1.1943857500009472,5,True,False,False,100,13,1e-06,4.715638652896814e-07,0.0,"[-107.41613235503334, -107.4161387315232, -107.41652306500372, -107.41955360451598, -107.4204306421246, -107.42095256282869, -107.42133568168865, -107.42163464289578, -107.42171855063742, -107.42173659223432, -107.42174110493215, -107.42174224452546, -107.42174271608933]","[0.18721100000402657, 0.08262795899645425, 0.08154904199909652, 0.08037166699796217, 0.08035670800018124, 0.07969879200391006, 0.07491441599995596, 0.07093949999398319, 0.07302287500351667, 0.09664408399839886, 0.07428462499956368, 0.07047983400116209, 0.07110070799535606]",HCT N/2 Comm,False,block2_pauli,N2_diss
HCT_Nover2_Comm,6,-107.42258131108613,0.03257428661962081,False,1.178335207994678,6,True,False,False,100,11,1e-06,1.950570549524855e-08,0.0,"[-107.41613235669234, -107.4161395119207, -107.41646685834769, -107.41754933081091, -107.42101714307367, -107.421942998675, -107.42249414340534, -107.42257499835904, -107.42257976452015, -107.42258129158043, -107.42258131108613]","[0.2224602499991306, 0.08363737499894341, 0.08694712500437163, 0.09705983300227672, 0.0981199999951059, 0.11659700000018347, 0.08436479200463509, 0.08008662499923958, 0.08221770900127012, 0.081085042002087, 0.07624612499785144]",HCT N/2 Comm,False,block2_pauli,N2_diss
HCT_Nover2_Comm,7,-107.4250960286039,0.03005956910185148,False,1.039007583000057,7,True,False,False,100,9,1e-06,2.5053736862901133e-11,0.0,"[-107.41613219594524, -107.41615572128359, -107.41791311776666, -107.42097402729564, -107.42481806037674, -107.42496935494876, -107.42503908467828, -107.42509602857885, -107.4250960286039]","[0.22931666699878406, 0.09002924999367679, 0.10379458299576072, 0.09942099999898346, 0.0938882080008625, 0.0884561670027324, 0.08694695800659247, 0.08191962499404326, 0.09643991600023583]",HCT N/2 Comm,False,block2_pauli,N2_diss
HCT_Nover2_Comm,8,-107.44237695581074,0.012778641895010878,False,0.9924330420035403,8,True,False,False,100,8,1e-06,7.65538743507932e-11,0.0,"[-107.41613195910446, -107.44189583474733, -107.44220202221823, -107.4422020221716, -107.44233338399624, -107.44233338391231, -107.4423769558873, -107.44237695581074]","[0.2656744170017191, 0.09796549999737181, 0.09545533399796113, 0.09202829200512497, 0.09151383300195448, 0.0945860840001842, 0.09161408300133189, 0.08446120900043752]",HCT N/2 Comm,False,block2_pauli,N2_diss
HCT_Nover2_Comm,9,-107.44319651476381,0.011959082941942256,False,1.2428149999977904,9,True,False,False,100,8,1e-06,8.024869657674571e-11,0.0,"[-107.41688797650417, -107.4424531574863, -107.44271895792181, -107.44271895782123, -107.44304878216732, -107.44304878205867, -107.44319651484406, -107.44319651476381]","[0.28900883399910526, 0.11809429099957924, 0.12257208300434286, 0.11636662499950035, 0.12229395900067175, 0.15246495800238336, 0.14036595799552742, 0.11525512499792967]",HCT N/2 Comm,False,block2_pauli,N2_diss
HCT_Nover2_Comm,10,-107.44409196643159,0.011063631274168984,False,1.2136715839951648,10,True,False,False,100,8,1e-06,2.7924329515371937e-11,0.0,"[-107.41824111688295, -107.44334802716921, -107.44387630292158, -107.44387630295661, -107.44400922148594, -107.44400922133875, -107.44409196645951, -107.44409196643159]","[0.29378904200711986, 0.1305495830019936, 0.12348850000125822, 0.12093720800476149, 0.12647458299761638, 0.12905699999828357, 0.11653900000237627, 0.10795304200291866]",HCT N/2 Comm,False,block2_pauli,N2_diss
HCT_Nover2_Comm,12,-107.44825340499432,0.006902192711436328,False,1.239582624999457,12,True,False,False,100,7,1e-06,1.034490537676902e-08,0.0,"[-107.41727203367518, -107.44735834871848, -107.4481615657329, -107.44824992456132, -107.44825237625491, -107.44825339464941, -107.44825340499432]","[0.3348437919994467, 0.1576623329965514, 0.15160137500060955, 0.13912345800054027, 0.13445558399689617, 0.13295391699648462, 0.12230362499394687]",HCT N/2 Comm,False,block2_pauli,N2_diss
HCT_Nover2_Comm,14,-107.4514819442315,0.003673653474251637,False,1.502221875001851,14,True,False,False,100,7,1e-06,7.58969065373094e-09,0.0,"[-107.41671456739968, -107.44882656663819, -107.45144077541602, -107.4514704314386, -107.45148104951934, -107.4514819518212, -107.4514819442315]","[0.31259249999857275, 0.2235515829961514, 0.19202716700237943, 0.18836399999418063, 0.18238500000006752, 0.1777836670007673, 0.15946054199594073]",HCT N/2 Comm,False,block2_pauli,N2_diss
HCT_Nover2_Comm,16,-107.45232312073406,0.002832476971690312,False,1.4985452909968444,16,True,False,False,100,7,1e-06,7.630175247186344e-07,0.0,"[-107.4167322010405, -107.45000013494897, -107.45206929081606, -107.45218106011104, -107.45227151531162, -107.45232388375159, -107.45232312073406]","[0.34945266699651256, 0.21875370899942936, 0.1857856249989709, 0.1674728750003851, 0.17865737499960233, 0.16760366600647103, 0.16579983400151832]",HCT N/2 Comm,False,block2_pauli,N2_diss
HCT_Nover2_Comm,18,-107.4525758385322,0.002579759173556795,False,3.039130999997724,18,True,False,False,100,10,1e-06,4.6137631670717383e-07,0.0,"[-107.4166446894956, -107.4516399320302, -107.45229095110292, -107.45243481603313, -107.4524527900439, -107.4524996818685, -107.45256428230417, -107.4525630473876, -107.45257629990851, -107.4525758385322]","[0.4062363339980948, 0.38046383400069317, 0.3242582079983549, 0.284751832994516, 0.27349245799996424, 0.25913849999778904, 0.2790613749966724, 0.2513447079982143, 0.26378283300437033, 0.24940579200483626]",HCT N/2 Comm,False,block2_pauli,N2_diss
HCT_Nover2_Comm,20,-107.45310753811631,0.002048059589441209,False,3.093583917005162,20,True,False,False,100,10,1e-06,8.307463872370136e-08,0.0,"[-107.41664686426371, -107.45193620224354, -107.45232922760427, -107.4527342295559, -107.45299847512663, -107.45309351246013, -107.45310223749344, -107.45310494234076, -107.45310762119095, -107.45310753811631]","[0.47345724999468075, 0.3740808750008, 0.31820270900061587, 0.29447795799933374, 0.3034551249947981, 0.27615004199469695, 0.26709370900061913, 0.24145062499883352, 0.2430732079956215, 0.2349811249951017]",HCT N/2 Comm,False,block2_pauli,N2_diss
HCT_Nover2_Comm,30,-107.45442713037943,0.0007284673263256991,True,5.111919791001128,30,True,False,False,100,7,1e-06,2.5956842364394106e-07,0.0,"[-107.41656359146276, -107.4533078319738, -107.4542631800853, -107.45438853830325, -107.45441881984165, -107.454426870811, -107.45442713037943]","[0.5514877079986036, 1.0612513750020298, 0.8269674160037539, 0.649013542002649, 0.7159067079992383, 0.6237634159988374, 0.6182786249992205]",HCT N/2 Comm,False,block2_pauli,N2_diss
HCT_N_Comm,1,-107.36408343366591,0.09107216403984353,False,0.5776455000013812,1,True,False,False,100,7,1e-06,3.0781706072957604e-09,0.0,"[-107.39256316515328, -107.36340223648594, -107.36398904669515, -107.36407814497551, -107.36407870117753, -107.36408343058774, -107.36408343366591]","[0.1046573339990573, 0.07355595800618175, 0.0714115419978043, 0.0660291669992148, 0.07574524999654386, 0.06829999999899883, 0.06987300000037067]",HCT N Comm,False,block2_pauli,N2_diss
HCT_N_Comm,2,-107.4002007537824,0.0549548439233547,False,0.6728345420051483,2,True,False,False,100,9,1e-06,1.3229308137852058e-07,0.0,"[-107.39819648186517, -107.39576222713562, -107.39925566866026, -107.39999643144478, -107.40016734471094, -107.40019422071984, -107.40019644330607, -107.40020088607548, -107.4002007537824]","[0.14176887500070734, 0.06596941699535819, 0.06330958399485098, 0.061315834005654324, 0.062217999999120366, 0.0608471660016221, 0.059421332996862475, 0.055779333000828046, 0.054918374997214414]",HCT N Comm,False,block2_pauli,N2_diss
HCT_N_Comm,3,-107.42039785376596,0.03475774393979236,False,0.6755214580043685,3,True,False,False,100,8,1e-06,1.6949798009591177e-07,0.0,"[-107.428650701192, -107.42767026928695, -107.41930537428217, -107.41930854008993, -107.42068421248167, -107.42068337868051, -107.42039768426798, -107.42039785376596]","[0.14321258300333284, 0.0741187079984229, 0.07095291699806694, 0.06526208299328573, 0.07753941700502764, 0.06798804199934239, 0.060664208001981024, 0.07229354100127239]",HCT N Comm,False,block2_pauli,N2_diss
HCT_N_Comm,4,-107.44071632680249,0.014439270903267243,False,0.7672966670070309,4,True,False,False,100,8,1e-06,4.350550000253861e-07,0.0,"[-107.4234926886655, -107.43421231695675, -107.44068859913466, -107.44113543367925, -107.4409961298791, -107.44100703053063, -107.44071589174749, -107.44071632680249]","[0.16963379200024065, 0.07759424999676412, 0.07479350000357954, 0.08257004199549556, 0.08071395799925085, 0.09072304100118345, 0.07387883299816167, 0.07327520800026832]",HCT N Comm,False,block2_pauli,N2_diss
HCT_N_Comm,5,-107.42663365849597,0.02852193920978152,False,1.7164629580001929,5,True,False,False,100,21,1e-06,9.89002558071661e-07,0.0,"[-107.42166894781246, -107.42599538823283, -107.42635423526428, -107.42643392861882, -107.42644498577786, -107.42648120410493, -107.42648543692701, -107.42652930881685, -107.42653460290711, -107.42656215584392, -107.42656664993328, -107.42658569136837, -107.42658913006508, -107.42660297100176, -107.42660552034963, -107.42661582630899, -107.42661768819016, -107.42662544784355, -107.42662680398686, -107.42663266949342, -107.42663365849597]","[0.15358704199752538, 0.07769333299802383, 0.0766180840000743, 0.07509754199418239, 0.07615999999688938, 0.07559187500010012, 0.07670187499752501, 0.07250724999903468, 0.08022633300424786, 0.07511462500406196, 0.07528679200186161, 0.08742583300045226, 0.07569983400026103, 0.0711819589996594, 0.07285950000368757, 0.071691874996759, 0.07359200000064448, 0.07494679099909263, 0.07471862500096904, 0.07364637499995297, 0.07333416600158671]",HCT N Comm,False,block2_pauli,N2_diss
HCT_N_Comm,6,-107.42781746318498,0.02733813452077527,False,1.0067950000011479,6,True,False,False,100,11,1e-06,8.673647755585989e-08,0.0,"[-107.42240246687386, -107.42664140075775, -107.42688347082397, -107.42730004571061, -107.42756109456704, -107.42771541894504, -107.42775653154186, -107.42780184860032, -107.42780450422576, -107.42781754992146, -107.42781746318498]","[0.16107991700118873, 0.08225687499361811, 0.08597779199772049, 0.08138445800432237, 0.08122766599990427, 0.08004312500270316, 0.07572091600013664, 0.07626854100089986, 0.075837042000785, 0.07552620800561272, 0.08095191699976567]",HCT N Comm,False,block2_pauli,N2_diss
HCT_N_Comm,7,-107.42839902598489,0.026756571720866873,False,0.7411372079950524,7,True,False,False,100,7,1e-06,1.147823951441751e-07,0.0,"[-107.42297366672231, -107.4277762172471, -107.42826409758673, -107.42839287600131, -107.42839522070305, -107.42839914076728, -107.42839902598489]","[0.16351066700008232, 0.09617179199995007, 0.09321237500262214, 0.08606979199976195, 0.08867041699704714, 0.08556674999999814, 0.08474625000235392]",HCT N Comm,False,block2_pauli,N2_diss
HCT_N_Comm,8,-107.42967977471959,0.025475822986166463,False,0.7010904579947237,8,True,False,False,100,7,1e-06,1.5935441410874773e-08,0.0,"[-107.42724018617429, -107.42826969024568, -107.42933114720358, -107.42965893095072, -107.42966184619385, -107.42967979065503, -107.42967977471959]","[0.17221304200211307, 0.08572758400259772, 0.08471120800095377, 0.07943083300051512, 0.08145258299919078, 0.07975683399854461, 0.07646120800200151]",HCT N Comm,False,block2_pauli,N2_diss
HCT_N_Comm,9,-107.42972230061551,0.025433297090245333,False,0.8837872910007718,9,True,False,False,100,7,1e-06,9.549751212034607e-09,0.0,"[-107.42801027514906, -107.42922140923719, -107.42944316283243, -107.42971958309235, -107.42971970035033, -107.42972229106576, -107.42972230061551]","[0.1981889169983333, 0.1117449579978711, 0.1112022919987794, 0.13505620800424367, 0.09830187499755993, 0.09632279200013727, 0.09147062500414904]",HCT N Comm,False,block2_pauli,N2_diss
HCT_N_Comm,10,-107.42972592496268,0.02542967274307273,False,0.8816182090013172,10,True,False,False,100,7,1e-06,9.752909591043135e-11,0.0,"[-107.42838763925945, -107.42962648790618, -107.42972490202717, -107.42972622972474, -107.42972625092683, -107.42972592506021, -107.42972592496268]","[0.20319941700290656, 0.11054054099804489, 0.10966175000066869, 0.09939545800443739, 0.12079329100379255, 0.10055591700074729, 0.09526558299694443]",HCT N Comm,False,block2_pauli,N2_diss
HCT_N_Comm,12,-107.45327874685029,0.0018768508554671826,False,2.8776143340001,12,True,False,False,100,21,1e-06,7.259063750097994e-08,0.0,"[-107.4363152603718, -107.44952635498863, -107.45079974009523, -107.4522688256573, -107.45262494442969, -107.45309084840454, -107.45311841569504, -107.45316710237847, -107.45317238403582, -107.45319007159257, -107.45319830853296, -107.453214488219, -107.45322674785862, -107.45324066707335, -107.45325354602343, -107.45326274550173, -107.45327054883757, -107.45327484659433, -107.45327726243116, -107.45327881944092, -107.45327874685029]","[0.24658300000010058, 0.13254804200551007, 0.1344144579998101, 0.13014062499860302, 0.13237729200045578, 0.1305383750004694, 0.12061454200011212, 0.12806362500123214, 0.1260270839993609, 0.12486599999829195, 0.12922229199466528, 0.12794570899859536, 0.12829229199996917, 0.1263390829990385, 0.12998620899452362, 0.1236324169949512, 0.1535674589977134, 0.12552724999841303, 0.1281854589979048, 0.12774150000041118, 0.12132937499700347]",HCT N Comm,False,block2_pauli,N2_diss
HCT_N_Comm,14,-107.45396808833061,0.0011875093751427812,True,3.27461041600327,14,True,False,False,100,18,1e-06,8.977306151791709e-07,0.0,"[-107.4356953446623, -107.45109645353104, -107.45254771958903, -107.45373294508119, -107.45375985142093, -107.45390307688342, -107.45391196311047, -107.45392966797804, -107.45393545114678, -107.4539443416075, -107.4539489180444, -107.45395448977186, -107.45395780627382, -107.45396116944906, -107.45396357193971, -107.45396542792817, -107.4539671906, -107.45396808833061]","[0.28272962500341237, 0.187351332999242, 0.18724199999996927, 0.17171374999452382, 0.17925270800333237, 0.17551279199687997, 0.17332045800139895, 0.16590158300095936, 0.1767594159973669, 0.16591662500286475, 0.1730816249983036, 0.16320745799748693, 0.1770237500022631, 0.16683650000049965, 0.17396358300175052, 0.16560654200293357, 0.17575262500031386, 0.16395612499763956]",HCT N Comm,False,block2_pauli,N2_diss
Pauli_BLISS+HCT_N_Comm,1,-107.42138165392544,0.03377394378031795,False,0.9188434169991524,1,True,False,False,100,7,1e-06,7.615028607688146e-10,0.0,"[-107.43358964511457, -107.41911581777771, -107.42138248687019, -107.42138248687158, -107.42138165468691, -107.42138165468694, -107.42138165392544]","[0.2368537500005914, 0.08721533299831208, 0.09778508299496025, 0.09697529099503299, 0.08742270900256699, 0.08153504100482678, 0.07491329099866562]",Pauli BLISS+HCT N Comm,False,block2_pauli,N2_diss
Pauli_BLISS+HCT_N_Comm,2,-107.43072321163075,0.024432386075005752,False,1.0588921250018757,2,True,False,False,100,8,1e-06,7.142659796954831e-10,0.0,"[-107.4360070722417, -107.42897368730891, -107.43043253654619, -107.43066801489684, -107.43069935083237, -107.43069934430065, -107.43072321091648, -107.43072321163075]","[0.3131114999996498, 0.09032529200339923, 0.08573637500376208, 0.08719225000095321, 0.08930720899661537, 0.08788983400154393, 0.08119016700220527, 0.0831782090026536]",Pauli BLISS+HCT N Comm,False,block2_pauli,N2_diss
Pauli_BLISS+HCT_N_Comm,3,-107.4380667066275,0.017088891078259394,False,1.3112239159963792,3,True,False,False,100,8,1e-06,6.122162687915988e-07,0.0,"[-107.43646819561796, -107.43466623009178, -107.43814442399999, -107.43816902396745, -107.43812115425737, -107.43812237806347, -107.43806609441123, -107.4380667066275]","[0.3975607079992187, 0.11098316699644784, 0.10874858400347875, 0.10909974999958649, 0.11012216699600685, 0.124159792001592, 0.10337016600533389, 0.11377412499859929]",Pauli BLISS+HCT N Comm,False,block2_pauli,N2_diss
Pauli_BLISS+HCT_N_Comm,4,-107.44038909671737,0.01476650098838661,False,1.7686129590001656,4,True,False,False,100,8,1e-06,2.005393184845161e-09,0.0,"[-107.43571132707811, -107.43702643482627, -107.44045907605283, -107.44045902918111, -107.44039111329585, -107.44039109325888, -107.44038909471197, -107.44038909671737]","[0.5436012919963105, 0.1833513329984271, 0.15522291699744528, 0.15849375000107102, 0.1414259579978534, 0.1597928339979262, 0.1374728330047219, 0.15529283299838426]",Pauli BLISS+HCT N Comm,False,block2_pauli,N2_diss
Pauli_BLISS+HCT_N_Comm,5,-107.44161256805921,0.013543029646541527,False,2.39251420799701,5,True,False,False,100,8,1e-06,8.916740625863895e-07,0.0,"[-107.44033389309814, -107.43957803164463, -107.44116750183355, -107.44147528633115, -107.44157736481824, -107.4415826982504, -107.44161167638515, -107.44161256805921]","[0.6029860000053304, 0.2467144590045791, 0.2288160840034834, 0.24269099999946775, 0.24618212500354275, 0.24124704099813243, 0.23318337499949848, 0.23233116699702805]",Pauli BLISS+HCT N Comm,False,block2_pauli,N2_diss
Pauli_BLISS+HCT_N_Comm,6,-107.44356797378298,0.01158762392277879,False,2.6869680829986464,6,True,False,False,100,7,1e-06,5.7072341519415204e-08,0.0,"[-107.44888254702445, -107.44241715955695, -107.44356831774041, -107.44356702196606, -107.44356803902247, -107.44356803085532, -107.44356797378298]","[0.7608298749983078, 0.30258566600241465, 0.29975904199818615, 0.29503133300022455, 0.30843904199718963, 0.29811324999900535, 0.29607629100064514]",Pauli BLISS+HCT N Comm,False,block2_pauli,N2_diss
Pauli_BLISS+HCT_N_Comm,7,-107.4486769123541,0.006478685351652302,False,6.157402457996795,7,True,False,False,100,16,1e-06,3.062777693685348e-07,0.0,"[-107.45236599860311, -107.44798186221485, -107.4478700536867, -107.44785817379011, -107.44780893677233, -107.44783208538774, -107.44849192924033, -107.44855934630743, -107.44874122844274, -107.44875999192196, -107.44870276873573, -107.44869735244546, -107.44868152247498, -107.44868033521084, -107.44867721863187, -107.4486769123541]","[0.8141902909992496, 0.36253074999694945, 0.346156792002148, 0.34874520800076425, 0.3519208330035326, 0.3558706670009997, 0.33789704099763185, 0.3445975830036332, 0.3432667910019518, 0.34326166700338945, 0.34428816600120626, 0.3561353330005659, 0.3382302499958314, 0.3511236669946811, 0.3378006249986356, 0.34712308299640426]",Pauli BLISS+HCT N Comm,False,block2_pauli,N2_diss
Pauli_BLISS+HCT_N_Comm,8,-107.45158221505147,0.0035733826542809766,False,2.987177333001455,8,True,False,False,100,7,1e-06,1.5431167810220359e-07,0.0,"[-107.45389955309437, -107.45171366952916, -107.4515853689689, -107.4515865673628, -107.45158245162355, -107.45158236936315, -107.45158221505147]","[0.7608029159964644, 0.33983833299862454, 0.35076049999770476, 0.3401818749989616, 0.37420900000142865, 0.36464074999821605, 0.33900983299827203]",Pauli BLISS+HCT N Comm,False,block2_pauli,N2_diss
Pauli_BLISS+HCT_N_Comm,9,-107.45304337476205,0.002112222943708275,False,4.318885874999978,9,True,False,False,100,7,1e-06,3.683087612671443e-07,0.0,"[-107.45448882990092, -107.45289913481861, -107.45302187073814, -107.45304485718296, -107.45303641059007, -107.45304374307081, -107.45304337476205]","[1.0106860000014422, 0.5532491249978193, 0.5394944170038798, 0.5083865409978898, 0.5436422500060871, 0.5080420419981238, 0.5294808750040829]",Pauli BLISS+HCT N Comm,False,block2_pauli,N2_diss
Pauli_BLISS+HCT_N_Comm,10,-107.45373824073772,0.0014173569680338005,True,5.119830957999511,10,True,False,False,100,8,1e-06,1.2172449714853428e-08,0.0,"[-107.45478056900517, -107.45382247299344, -107.45376454831211, -107.45376252175257, -107.45374120208584, -107.45374099336581, -107.45373825291017, -107.45373824073772]","[1.1108384170001955, 0.560171541001182, 0.5714831250006682, 0.5485705830069492, 0.5744452920043841, 0.56155900000158, 0.5515024169944809, 0.5188538340007653]",Pauli BLISS+HCT N Comm,False,block2_pauli,N2_diss
BS_Nover2_Comm,1,-107.30314282003103,0.15201277767472732,False,0.5338056670007063,1,True,False,False,100,7,1e-06,1.4210854715202004e-14,0.0,"[-107.3032149640253, -107.30274283006463, -107.30314282003104, -107.30314282003103, -107.30314282003103, -107.30314282003104, -107.30314282003103]","[0.0806109999975888, 0.07269291699776659, 0.0723447499985923, 0.06570437500340631, 0.0713416660000803, 0.07837137499882374, 0.061324082998908125]",BS N/2 Comm,False,block2_pauli,N2_diss
BS_Nover2_Comm,2,-107.32414207432373,0.13101352338202332,False,1.2968443749996368,2,True,False,False,100,21,1e-06,4.638119008859576e-07,0.0,"[-107.31507821394763, -107.19260451656793, -107.19383989970554, -107.2249336910044, -107.25357975134085, -107.3030011341796, -107.30377855599679, -107.3041112271867, -107.3046761945632, -107.30568973100954, -107.32710276767689, -107.32758909215713, -107.32371895354638, -107.32426157892274, -107.32409031200436, -107.32415427300313, -107.32413241856456, -107.32414187231262, -107.3241400378118, -107.32414161051183, -107.32414207432373]","[0.09723395799665013, 0.077707582997391, 0.06314612500136718, 0.060982958995737135, 0.059917792001215275, 0.059900625004956964, 0.05195708300016122, 0.05308320799667854, 0.05190854200191097, 0.05369204100134084, 0.0535435419951682, 0.053783832998306025, 0.05164370899728965, 0.06272399999579648, 0.05772987499949522, 0.055138207993877586, 0.05239383300067857, 0.06530279199796496, 0.05914704199676635, 0.058056791000126395, 0.0538930420007091]",BS N/2 Comm,False,block2_pauli,N2_diss
BS_Nover2_Comm,3,-107.33952443483682,0.1156311628689366,False,0.5178065830041305,3,True,False,False,100,7,1e-06,9.987458327032073e-08,0.0,"[-107.3206502451802, -107.32736873397312, -107.33262290799527, -107.3357340654466, -107.3390843198246, -107.3395245347114, -107.33952443483682]","[0.10538599999563303, 0.06265770800382597, 0.05923133399483049, 0.06023066699708579, 0.07589966600062326, 0.0601885409996612, 0.05509179199725622]",BS N/2 Comm,False,block2_pauli,N2_diss
BS_Nover2_Comm,4,-107.37164098794429,0.08351460976146541,False,1.1026582080012304,4,True,False,False,100,16,1e-06,9.487147991649181e-07,0.0,"[-107.33318326747673, -107.33890092900943, -107.33973675880415, -107.35523196593954, -107.37050762405582, -107.37101964164768, -107.3712131332982, -107.37123726677672, -107.3710691457273, -107.37107181352172, -107.3712168954824, -107.37121855585458, -107.3715694041457, -107.37157149742663, -107.37164193665909, -107.37164098794429]","[0.10435899999720277, 0.06783954200363951, 0.06603204199927859, 0.0741111249953974, 0.06659599999693455, 0.06558004199905554, 0.06042841699672863, 0.06177999999636086, 0.06080379200284369, 0.06134362499869894, 0.060912250002729706, 0.06165645799774211, 0.06059179200383369, 0.06110179200186394, 0.06624166699475609, 0.061688999994657934]",BS N/2 Comm,False,block2_pauli,N2_diss
BS_Nover2_Comm,5,-107.42879401742243,0.026361580283321473,False,0.6748243749971152,5,True,False,False,100,8,1e-06,3.884942998411134e-07,0.0,"[-107.34013152823826, -107.41843867438254, -107.4284081403889, -107.42863492351474, -107.42878398174182, -107.4287903769818, -107.42879440591673, -107.42879401742243]","[0.12752320799336303, 0.0816190000041388, 0.07285008300095797, 0.06967520799662452, 0.07065829200291773, 0.0701282089939923, 0.06577549999929033, 0.06447991599998204]",BS N/2 Comm,False,block2_pauli,N2_diss
BS_Nover2_Comm,6,-107.4290868559255,0.026068741780250093,False,0.6018055840031593,6,True,False,False,100,7,1e-06,2.513282879590406e-07,0.0,"[-107.36859720840145, -107.40657679960566, -107.42870377375755, -107.42897024251715, -107.42905637072985, -107.42908660459722, -107.4290868559255]","[0.11957991699455306, 0.07796670799871208, 0.07599362499604467, 0.07450212499679765, 0.07354833299905295, 0.0739107499975944, 0.07305374999850756]",BS N/2 Comm,False,block2_pauli,N2_diss
BS_Nover2_Comm,7,-107.42938268970286,0.025772908002892336,False,0.6346084159958991,7,True,False,False,100,7,1e-06,4.3101437086079386e-07,0.0,"[-107.36817929548428, -107.39881086530781, -107.42909492734694, -107.42923643034499, -107.42934198844056, -107.42938225868849, -107.42938268970286]","[0.11907754199637566, 0.0849625830014702, 0.08307662500010338, 0.08173837499634828, 0.07746266599860974, 0.07855750000453554, 0.07600441700196825]",BS N/2 Comm,False,block2_pauli,N2_diss
BS_Nover2_Comm,8,-107.42959749954653,0.025558098159223164,False,0.6063416250035516,8,True,False,False,100,7,1e-06,2.125876790159964e-07,0.0,"[-107.37158955238078, -107.42890922254958, -107.42949519284541, -107.42955345561464, -107.42959684586843, -107.42959728695885, -107.42959749954653]","[0.11833395800204016, 0.07982362499751616, 0.07470337499398738, 0.07634975000109989, 0.07627525000134483, 0.07498491699516308, 0.07332045800285414]",BS N/2 Comm,False,block2_pauli,N2_diss
BS_Nover2_Comm,9,-107.42974734447697,0.02540825322878959,False,0.7365653329979978,9,True,False,False,100,7,1e-06,1.5534598674094013e-07,0.0,"[-107.36291064837734, -107.41454924090354, -107.42871084066603, -107.42970252824237, -107.42974439136947, -107.42974718913098, -107.42974734447697]","[0.15288333300122758, 0.10842883300210815, 0.08992475000559352, 0.09645766700123204, 0.09075445799680892, 0.08754941599909216, 0.07732658300665207]",BS N/2 Comm,False,block2_pauli,N2_diss
BS_Nover2_Comm,10,-107.42974772533013,0.025407872375623697,False,1.178460333001567,10,True,False,False,100,11,1e-06,3.4268823867478204e-07,0.0,"[-107.37119450842228, -107.39856452162564, -107.40978843630938, -107.42501639553068, -107.42916120231544, -107.42939201790139, -107.42950488047802, -107.42966207243406, -107.42974569876155, -107.42974738264189, -107.42974772533013]","[0.16831775000173366, 0.10769616600009613, 0.10478487499494804, 0.10442716700345045, 0.10430116600036854, 0.09817883300274843, 0.09545679100119742, 0.09307412500493228, 0.09041362500283867, 0.08788320799794747, 0.08740195800055517]",BS N/2 Comm,False,block2_pauli,N2_diss
BS_Nover2_Comm,12,-107.42973232178053,0.025423275925220423,False,0.8099469169974327,12,True,False,False,100,7,1e-06,5.471011377267132e-08,0.0,"[-107.37220769830853, -107.42903787644403, -107.42969108166574, -107.42971235617522, -107.42973210544143, -107.42973226707042, -107.42973232178053]","[0.17270979099703254, 0.10997179200057872, 0.10476004099473357, 0.09982937499444233, 0.09961137500067707, 0.09607066599710379, 0.09431112499441952]",BS N/2 Comm,False,block2_pauli,N2_diss
BS_Nover2_Comm,14,-107.4297478262421,0.025407771463648032,False,0.9839511669997592,14,True,False,False,100,7,1e-06,4.916955731459893e-12,0.0,"[-107.39139534857186, -107.4291232846666, -107.42974314591333, -107.42974757153698, -107.42974780851142, -107.42974782623719, -107.4297478262421]","[0.19721804199798498, 0.16205504199751886, 0.13412041700212285, 0.12502374999894528, 0.11278462500195019, 0.11627633299940499, 0.1029189580003731]",BS N/2 Comm,False,block2_pauli,N2_diss
BS_Nover2_Comm,16,-107.45429900921442,0.0008565884913309674,True,1.245932666999579,16,True,False,False,100,8,1e-06,1.0020073659688933e-10,0.0,"[-107.38303529071884, -107.42922429339497, -107.43438880619686, -107.45127246325706, -107.45435266148971, -107.45435266146558, -107.45429900911422, -107.45429900921442]","[0.21119241599808447, 0.15426733300409978, 0.16321029200480552, 0.13771354100026656, 0.1401389590027975, 0.13767775000451365, 0.13539795800170396, 0.13144112499867333]",BS N/2 Comm,False,block2_pauli,N2_diss
BS_N_Comm,1,-107.42911150188422,0.026044095821532665,False,0.8113269999957993,1,True,False,False,100,9,1e-06,3.3861510928545613e-07,0.0,"[-107.40957481788632, -107.40503650318097, -107.40716238694597, -107.42765329091925, -107.42765456802897, -107.42908639914103, -107.42908372259983, -107.42911184049933, -107.42911150188422]","[0.12432295799953863, 0.08003962499788031, 0.07977637499425327, 0.0787099160006619, 0.08500154200010002, 0.0831981250012177, 0.08202441599860322, 0.07387429200025508, 0.06606387499778066]",BS N Comm,False,block2_pauli,N2_diss
BS_N_Comm,2,-107.43866854903396,0.016487048671791626,False,1.3017139169969596,2,True,False,False,100,17,1e-06,1.660302615391629e-07,0.0,"[-107.41262077885713, -107.41086926449401, -107.4116373433496, -107.41286595683545, -107.41531784851767, -107.42191423244068, -107.42800973457409, -107.43003403723249, -107.43055658216755, -107.43106634336407, -107.43253840729159, -107.43713892129878, -107.43802241522732, -107.43874949358872, -107.43866322505625, -107.43866871506422, -107.43866854903396]","[0.13721912499750033, 0.0694846249971306, 0.07600520800042432, 0.07065624999813735, 0.06860800000140443, 0.07631924999441253, 0.06526095799927134, 0.0641147079950315, 0.06947316600417253, 0.07418608300213236, 0.06545683400327107, 0.07104545799666084, 0.06791949999751523, 0.06603933400037931, 0.06538291600008961, 0.06420791699929396, 0.06367804099863861]",BS N Comm,False,block2_pauli,N2_diss
BS_N_Comm,3,-107.4243036193484,0.03085197835736153,False,0.6394937079967349,3,True,False,False,100,7,1e-06,4.861107072429149e-09,0.0,"[-107.42502550109126, -107.42428086442226, -107.42430194163293, -107.4243034662077, -107.4243035914296, -107.42430361448729, -107.4243036193484]","[0.1437679590017069, 0.07262870900012786, 0.07513362499594223, 0.07338133300072514, 0.07683154199912678, 0.0732802919956157, 0.06938191600056598]",BS N Comm,False,block2_pauli,N2_diss
BS_N_Comm,4,-107.42848359716976,0.02667200053599572,False,0.7230554999987362,4,True,False,False,100,7,1e-06,5.7150941756844986e-08,0.0,"[-107.42813335029619, -107.42835262198368, -107.42847851654885, -107.42848413272021, -107.42848352131226, -107.4284836543207, -107.42848359716976]","[0.17473387499921955, 0.08603554200090002, 0.08305308299895842, 0.08263116700254614, 0.07968237500608666, 0.08298591699713143, 0.0773181670010672]",BS N Comm,False,block2_pauli,N2_diss
BS_N_Comm,5,-107.42908165090412,0.02607394680163111,False,0.7649235419958131,5,True,False,False,100,7,1e-06,1.0065207334264414e-08,0.0,"[-107.42888359313099, -107.42899353584642, -107.42907444450856, -107.42908122209816, -107.42908156806982, -107.42908164083892, -107.42908165090412]","[0.17253212499781512, 0.09476174999872455, 0.09344687499833526, 0.08818433400301728, 0.08893704199726926, 0.08810079200338805, 0.0841160830023]",BS N Comm,False,block2_pauli,N2_diss
BS_N_Comm,6,-107.4292646831918,0.025890914513951202,False,0.7952776250021998,6,True,False,False,100,7,1e-06,9.679541506102396e-07,0.0,"[-107.42916180260154, -107.42917962820314, -107.42925765387577, -107.42926109971961, -107.42926349436124, -107.42926371523765, -107.4292646831918]","[0.15992562499741325, 0.10116874999948777, 0.10292395899887197, 0.0977282079984434, 0.0967669589954312, 0.09485549999953946, 0.08607312499952968]",BS N Comm,False,block2_pauli,N2_diss
BS_N_Comm,7,-107.42958020608141,0.025575391624343524,False,0.8549670409993269,7,True,False,False,100,7,1e-06,6.054715129266697e-08,0.0,"[-107.42946128676056, -107.4294819390621, -107.42951535539244, -107.429551676328, -107.4295517858127, -107.42958014553426, -107.42958020608141]","[0.17500537500018254, 0.106931792004616, 0.10851516700495267, 0.10373591599636711, 0.10487499999726424, 0.10302483400300844, 0.0980595410001115]",BS N Comm,False,block2_pauli,N2_diss
BS_N_Comm,8,-107.42967513622874,0.025480461477016547,False,0.8226769589964533,8,True,False,False,100,7,1e-06,1.7394086171407253e-10,0.0,"[-107.42962183900059, -107.42965597517984, -107.42967307378501, -107.42967502521938, -107.42967502962364, -107.42967513640268, -107.42967513622874]","[0.18608320799830835, 0.09933675000502262, 0.1000245420000283, 0.09406049999961397, 0.09884208300354658, 0.09335999999893829, 0.0950315420050174]",BS N Comm,False,block2_pauli,N2_diss
BS_N_Comm,9,-107.42973501861862,0.025420579087139572,False,0.9877742090029642,9,True,False,False,100,7,1e-06,3.5178686630388256e-09,0.0,"[-107.4297233229392, -107.42972260314002, -107.4297350293628, -107.42973485197932, -107.42973506560998, -107.42973501510075, -107.42973501861862]","[0.22751516599964816, 0.12866054099868052, 0.11922520799998892, 0.11544524999771966, 0.11694875000102911, 0.11497529199550627, 0.10929754199605668]",BS N Comm,False,block2_pauli,N2_diss
BS_N_Comm,10,-107.42974606873838,0.025409528967372808,False,1.043327292005415,10,True,False,False,100,7,1e-06,1.5956887011725485e-07,0.0,"[-107.42972903589282, -107.42973834477246, -107.42974587304224, -107.42974577128366, -107.42974593888313, -107.42974590916951, -107.42974606873838]","[0.23855141700187232, 0.13528766699892003, 0.12598341699776938, 0.12440954199701082, 0.12385612499929266, 0.12151733299833722, 0.1190768329979619]",BS N Comm,False,block2_pauli,N2_diss
BS_N_Comm,12,-107.42974747573494,0.025408121970812658,False,1.0920290840003872,12,True,False,False,100,7,1e-06,2.3751614719458303e-07,0.0,"[-107.42973470398199, -107.4297466170755, -107.42974687044548, -107.42974687212852, -107.42974719156496, -107.4297472382188, -107.42974747573494]","[0.2622151670002495, 0.14251775000593625, 0.1277153749979334, 0.1289344999968307, 0.12933499999780906, 0.12521470800129464, 0.1219192499993369]",BS N Comm,False,block2_pauli,N2_diss
BS_N_Comm,14,-107.42974773706982,0.02540786063593714,False,1.3373987500017392,14,True,False,False,100,7,1e-06,6.478728664660593e-11,0.0,"[-107.42973739359877, -107.42974729778037, -107.42974769518929, -107.42974771122408, -107.42974772577958, -107.4297477371346, -107.42974773706982]","[0.30012387500028126, 0.1987217080022674, 0.16553233399463352, 0.15567058399756206, 0.15581220899912296, 0.15608862500084797, 0.15089725000143517]",BS N Comm,False,block2_pauli,N2_diss
BS_N_Comm,16,-107.42974779728665,0.025407800419102955,False,1.4139407080001547,16,True,False,False,100,7,1e-06,3.9406700125255156e-11,0.0,"[-107.42973920514878, -107.42974770913025, -107.42974779285129, -107.42974779562891, -107.42974779724858, -107.42974779724724, -107.42974779728665]","[0.32867979100410594, 0.18635087500297232, 0.17143970900360728, 0.1686777909999364, 0.1624595829998725, 0.15897562499594642, 0.18152004099829355]",BS N Comm,False,block2_pauli,N2_diss
BS_N_Comm,18,-107.45506850984543,8.70878603222991e-05,True,2.5166725829985808,18,True,False,False,100,8,1e-06,9.956124813470524e-11,0.0,"[-107.42974043092255, -107.43263743214179, -107.45470167481483, -107.45496913046028, -107.4550627540934, -107.45506275409821, -107.45506850974587, -107.45506850984543]","[0.3837763750052545, 0.3895962909955415, 0.3205931659977068, 0.2989660829989589, 0.26727737500186777, 0.2771344170032535, 0.25602920800156426, 0.26690237499860814]",BS N Comm,False,block2_pauli,N2_diss
HCT_N_Comm_Fiedler,1,-107.36408349011774,0.09107210758801898,False,0.6422674580026069,1,True,False,False,100,8,1e-06,6.934897101018578e-12,0.0,"[-107.37348975172414, -107.36343794076386, -107.36421335032173, -107.36408001488553, -107.36408515841238, -107.36408515851306, -107.3640834901108, -107.36408349011774]","[0.07874904200434685, 0.0821512500042445, 0.08219087500037858, 0.07320404199708719, 0.06850166699587135, 0.07634495900128968, 0.0679452910044347, 0.07462833400495583]",HCT N Comm,True,block2_pauli,N2_diss
HCT_N_Comm_Fiedler,2,-107.40465715699511,0.05049844071064058,False,0.5384783749977942,2,True,False,False,100,7,1e-06,2.5153212845907547e-12,0.0,"[-107.39994228752806, -107.40435627579936, -107.40435627585029, -107.4046563009311, -107.40465630093382, -107.4046571569926, -107.40465715699511]","[0.09802870899875415, 0.06761537499551196, 0.07862241600378184, 0.06544158299948322, 0.0629858750035055, 0.06936249999853317, 0.05650679200334707]",HCT N Comm,True,block2_pauli,N2_diss
HCT_N_Comm_Fiedler,3,-107.42461634668874,0.030539251017017932,False,0.5216160830023,3,True,False,False,100,7,1e-06,6.25334450887749e-10,0.0,"[-107.4246254619654, -107.42461336801543, -107.42461420101203, -107.42461633565676, -107.42461632113432, -107.42461634731407, -107.42461634668874]","[0.08868995800003177, 0.0685561249993043, 0.06183887500083074, 0.07087187499564607, 0.07272312499844702, 0.06298904199502431, 0.05830308399890782]",HCT N Comm,True,block2_pauli,N2_diss
HCT_N_Comm_Fiedler,4,-107.42586507063334,0.02929052707241908,False,0.5990287919994444,4,True,False,False,100,7,1e-06,2.971489720948739e-11,0.0,"[-107.42565639790817, -107.42586163834565, -107.42586163826411, -107.42586445375832, -107.4258644536801, -107.42586507060362, -107.42586507063334]","[0.10109658300643787, 0.07800295799825108, 0.0833924579928862, 0.07235595900419867, 0.07091312499687774, 0.08360574999824166, 0.06598937500530155]",HCT N Comm,True,block2_pauli,N2_diss
HCT_N_Comm_Fiedler,5,-107.42759670814738,0.02755888955837804,False,0.6127297919956618,5,True,False,False,100,7,1e-06,5.128953262101277e-08,0.0,"[-107.42739477721163, -107.427571483317, -107.42759394455766, -107.4275951502421, -107.42759657746805, -107.42759665685784, -107.42759670814738]","[0.11150916600308847, 0.07812541699968278, 0.07796858400251949, 0.07587266599875875, 0.0753164999987348, 0.07561891699879197, 0.0801472079983796]",HCT N Comm,True,block2_pauli,N2_diss
HCT_N_Comm_Fiedler,6,-107.42941079656566,0.025744801140092477,False,0.6550484999970649,6,True,False,False,100,7,1e-06,1.6426326965301996e-10,0.0,"[-107.42940514760386, -107.42941071380352, -107.42941087856775, -107.42941105202, -107.42941105267937, -107.42941079672993, -107.42941079656566]","[0.11383791700063739, 0.08212175000517163, 0.08434483299788553, 0.08350566700391937, 0.08330545899661956, 0.0807144580030581, 0.08595895799953723]",HCT N Comm,True,block2_pauli,N2_diss
HCT_N_Comm_Fiedler,7,-107.42969529789812,0.025460299807633646,False,0.7130775420009741,7,True,False,False,100,7,1e-06,4.253735141901416e-08,0.0,"[-107.42949646130478, -107.42961931974307, -107.42969540135329, -107.42969454366057, -107.4296953854733, -107.42969525536077, -107.42969529789812]","[0.116639457999554, 0.08703091699862853, 0.09608504199422896, 0.09265829100331757, 0.08646604100067634, 0.08920137499808334, 0.08527504199446412]",HCT N Comm,True,block2_pauli,N2_diss
HCT_N_Comm_Fiedler,8,-107.45189524470962,0.003260352996136362,False,0.7190218750038184,8,True,False,False,100,7,1e-06,3.9179326449811924e-11,0.0,"[-107.45292448657638, -107.4516040510479, -107.45160405102675, -107.4518661223548, -107.4518661221725, -107.4518952447488, -107.45189524470962]","[0.13302058299450437, 0.09116670799994608, 0.08988795799814397, 0.09221870799956378, 0.09327212499920279, 0.09251066700380761, 0.08905558400147129]",HCT N Comm,True,block2_pauli,N2_diss
HCT_N_Comm_Fiedler,9,-107.4533579313539,0.0017976663518481928,False,0.8976797080031247,9,True,False,False,100,7,1e-06,2.0474999473663047e-10,0.0,"[-107.45292448657638, -107.45312494574546, -107.4531249455021, -107.45333189931182, -107.45333189955007, -107.45335793114916, -107.4533579313539]","[0.14822608300164575, 0.12119354099559132, 0.1184386250024545, 0.12157450000086101, 0.11662124999566004, 0.11629366700071841, 0.11681912500353064]",HCT N Comm,True,block2_pauli,N2_diss
HCT_N_Comm_Fiedler,10,-107.45465071931591,0.000504878389847363,True,0.9566084999969462,10,True,False,False,100,7,1e-06,9.734435479913373e-12,0.0,"[-107.45322436942058, -107.45465479249107, -107.4546547924499, -107.4546510706907, -107.45465107070085, -107.45465071930617, -107.45465071931591]","[0.1563910830009263, 0.12871016699500615, 0.13189541600149823, 0.12229245799971977, 0.13220550000551157, 0.1257358340008068, 0.1213928750003106]",HCT N Comm,True,block2_pauli,N2_diss
BS_N_Comm_Fiedler,1,-107.42901923634213,0.026136361363626293,False,0.6109875839974848,1,True,False,False,100,7,1e-06,3.943344921708558e-07,0.0,"[-107.43623298396543, -107.42615742765732, -107.42917180841343, -107.42903789570028, -107.42902161263714, -107.42901963067662, -107.42901923634213]","[0.1005853750029928, 0.08459920799941756, 0.07812808400194626, 0.07844016700255452, 0.0782637500014971, 0.07816729100159137, 0.07387537500471808]",BS N Comm,True,block2_pauli,N2_diss
BS_N_Comm_Fiedler,2,-107.43982832951176,0.015327268193999544,False,0.6479629999957979,2,True,False,False,100,8,1e-06,1.2039691910104011e-08,0.0,"[-107.43796219624792, -107.43861339232737, -107.43973426528699, -107.43973411274422, -107.43977227893674, -107.43977226309724, -107.43982831747206, -107.43982832951176]","[0.10569870800100034, 0.07111099999747239, 0.07060320800519548, 0.07761575000040466, 0.07031699999788543, 0.07001720799598843, 0.06884029200591613, 0.06316912500187755]",BS N Comm,True,block2_pauli,N2_diss
BS_N_Comm_Fiedler,3,-107.4412152248172,0.01394037288855543,False,0.6457490410030005,3,True,False,False,100,8,1e-06,2.3375434921035776e-09,0.0,"[-107.4373303122639, -107.44031510290819, -107.4410443912291, -107.44104470039846, -107.44115317008979, -107.44115318428007, -107.44121522247966, -107.4412152248172]","[0.11129770800471306, 0.07119170800433494, 0.0698447090035188, 0.07842641599563649, 0.07090354200045113, 0.07064191699464573, 0.07015429199964274, 0.06508558300265577]",BS N Comm,True,block2_pauli,N2_diss
BS_N_Comm_Fiedler,4,-107.44778935250221,0.007366245203542121,False,0.6951027499962947,4,True,False,False,100,7,1e-06,8.734743488503227e-07,0.0,"[-107.4463854118289, -107.44740872722507, -107.4477646221898, -107.44779819056629, -107.44779043481479, -107.44779022597656, -107.44778935250221]","[0.13596904100268148, 0.0915357080011745, 0.08516454199707368, 0.08705200000258628, 0.08640212500176858, 0.0892507079988718, 0.08201062499574618]",BS N Comm,True,block2_pauli,N2_diss
BS_N_Comm_Fiedler,5,-107.45056666539571,0.004588932310042537,False,0.8141758749989094,5,True,False,False,100,7,1e-06,5.62587942454229e-07,0.0,"[-107.44917072047416, -107.45006064033177, -107.45040840229339, -107.45054585689834, -107.45054381828686, -107.45056722798365, -107.45056666539571]","[0.14543604200298432, 0.1022984160008491, 0.10533279099763604, 0.1220854590064846, 0.10338929199497215, 0.1003529579975293, 0.09691308299807133]",BS N Comm,True,block2_pauli,N2_diss
BS_N_Comm_Fiedler,6,-107.4531586649176,0.001996932788159711,False,0.8757245839951793,6,True,False,False,100,7,1e-06,2.4082959271254367e-07,0.0,"[-107.45142114296031, -107.45277980196974, -107.45303685550013, -107.4531484497675, -107.45314827968923, -107.453158424088, -107.4531586649176]","[0.1402322499998263, 0.11451408299762988, 0.11782441599643789, 0.11419470799592091, 0.1259671250008978, 0.1115365000005113, 0.11352137500216486]",BS N Comm,True,block2_pauli,N2_diss
BS_N_Comm_Fiedler,7,-107.45369456826424,0.0014610294415149383,True,0.9244106250043842,7,True,False,False,100,7,1e-06,2.6487984428058553e-07,0.0,"[-107.45241346802392, -107.45357253696096, -107.4536154677929, -107.45369331196346, -107.45369311052026, -107.4536943033844, -107.45369456826424]","[0.14535816699935822, 0.13365350000094622, 0.12930245800089324, 0.11949824999464909, 0.12476091600547079, 0.12105595900357002, 0.11266204199637286]",BS N Comm,True,block2_pauli,N2_diss
raw_fermionic_su2,1,-107.49845898787599,0.15566345964654715,False,0.07748262499808334,1,True,False,False,100,7,1e-06,0.0,0.0,"[-107.64167024788362, -107.49845898787599, -107.49845898787599, -107.49845898787599, -107.49845898787599, -107.49845898787599, -107.49845898787599]","[0.012242917000548914, 0.008418333003646694, 0.0080900409957394, 0.007952416002808604, 0.008305791001475882, 0.013202417001593858, 0.008756374998483807]",,False,block2_su2,N2_eqm
raw_fermionic_su2,2,-107.55311835873407,0.10100408878847134,False,0.201502709001943,2,True,False,False,100,16,1e-06,5.531430531391379e-07,0.0,"[-107.64167024788362, -107.5421490241297, -107.54765310893272, -107.54927551261655, -107.55201482382653, -107.55199029606761, -107.55298836181164, -107.552970595876, -107.55312323323524, -107.55311470232503, -107.55312822157971, -107.55312470419172, -107.55312241975237, -107.55312102126076, -107.55311891187712, -107.55311835873407]","[0.020811334004974924, 0.014440375001868233, 0.011319333003484644, 0.011174791005032603, 0.010413750002044253, 0.011401540999941062, 0.009805292000237387, 0.009591665999323595, 0.013936457995441742, 0.00909516699903179, 0.012060166001901962, 0.014319707996037323, 0.010122166000655852, 0.009606750005332287, 0.01525291600410128, 0.009745875002408866]",,False,block2_su2,N2_eqm
raw_fermionic_su2,3,-107.57893334206496,0.07518910545758217,False,0.12498587500158465,3,True,False,False,100,8,1e-06,5.971313612462836e-07,0.0,"[-107.64167024788362, -107.57868033716922, -107.57889608183432, -107.57891149824918, -107.57892680338686, -107.57892924585134, -107.5789327449336, -107.57893334206496]","[0.030270292001659982, 0.011012250004569069, 0.009917750001477543, 0.013500459004717413, 0.01183770799980266, 0.012756083000567742, 0.017671166999207344, 0.009954500004823785]",,False,block2_su2,N2_eqm
raw_fermionic_su2,4,-107.59941875684008,0.05470369068245873,False,0.11775508399296086,4,True,False,False,100,7,1e-06,4.2795306853804504e-08,0.0,"[-107.64167024788362, -107.59713857662796, -107.5994188965734, -107.59941935652238, -107.59941879195237, -107.59941879963539, -107.59941875684008]","[0.02165995799441589, 0.012687207999988459, 0.016987542003334966, 0.021101833001011983, 0.011763583999709226, 0.01563733399962075, 0.009992417006287724]",,False,block2_su2,N2_eqm
raw_fermionic_su2,5,-107.60845487764261,0.045667569879924486,False,0.12657216600200627,5,True,False,False,100,7,1e-06,1.4934141745470697e-07,0.0,"[-107.64167024788362, -107.60640856600638, -107.60845643820763, -107.60845679429805, -107.60845501949858, -107.60845502698403, -107.60845487764261]","[0.019648250003228895, 0.013721666997298598, 0.022601290998863988, 0.013848999995389022, 0.01458683300006669, 0.018408290998195298, 0.016363709000870585]",,False,block2_su2,N2_eqm
raw_fermionic_su2,6,-107.61654782723214,0.03757462029039971,False,0.1513302079983987,6,True,False,False,100,8,1e-06,4.0245140553452075e-11,0.0,"[-107.64167024788362, -107.61647738023679, -107.61654437507393, -107.6165444507901, -107.61654973018393, -107.61654973404966, -107.6165478271919, -107.61654782723214]","[0.026782041000842582, 0.016951083998719696, 0.013540416999603622, 0.01694895800028462, 0.01939666700491216, 0.02295800000138115, 0.014450999995460734, 0.012533375003840774]",,False,block2_su2,N2_eqm
raw_fermionic_su2,7,-107.62416037852519,0.029962068997349434,False,0.14926841700071236,7,True,False,False,100,8,1e-06,6.337256763799815e-08,0.0,"[-107.64167024788362, -107.62408619681564, -107.62324853394433, -107.62324853394269, -107.6232493199674, -107.62324931996686, -107.62416044189776, -107.62416037852519]","[0.01644904100248823, 0.014259666997531895, 0.014305791999504436, 0.013943792000645772, 0.02028545799839776, 0.013550957999541424, 0.01228583299962338, 0.03280458399967756]",,False,block2_su2,N2_eqm
raw_fermionic_su2,8,-107.630780534897,0.023341912625539862,False,0.12865616700582905,8,True,False,False,100,8,1e-06,6.225246806934592e-08,0.0,"[-107.64167024788362, -107.63081327197399, -107.62965351587029, -107.62965351586335, -107.62965214870296, -107.62965214869406, -107.63078047264453, -107.630780534897]","[0.01849775000300724, 0.014585042001272086, 0.014042874994629528, 0.013395957998000085, 0.017230541998287663, 0.012459791003493592, 0.011178332999406848, 0.010966916997858789]",,False,block2_su2,N2_eqm
raw_fermionic_su2,9,-107.63742191729027,0.016700530232270694,False,0.11772291699890047,9,True,False,False,100,8,1e-06,1.5820006638023187e-07,0.0,"[-107.64167024788362, -107.63736706356163, -107.63636013042567, -107.63636235115446, -107.63640838120635, -107.6364084596298, -107.6374217590902, -107.63742191729027]","[0.019721584001672454, 0.014401458000065759, 0.013589415997557808, 0.013430624996544793, 0.013121542004228104, 0.013274666998768225, 0.01154704100190429, 0.011361207994923461]",,False,block2_su2,N2_eqm
raw_fermionic_su2,10,-107.64143894679007,0.012683500732464381,False,0.12181995799619472,10,True,False,False,100,8,1e-06,6.821210263296962e-13,0.0,"[-107.64167024788362, -107.64139686547547, -107.63920162765034, -107.63920162763323, -107.63921335817248, -107.63921335817228, -107.64143894679076, -107.64143894679007]","[0.015378750002128072, 0.013927040999988094, 0.013798125000903383, 0.013888041001337115, 0.013432499996270053, 0.013676166003278922, 0.01183741599379573, 0.018611291001434438]",,False,block2_su2,N2_eqm
raw_fermionic_su2,12,-107.64609582884374,0.008026618678798059,False,0.14929391700570704,12,True,False,False,100,8,1e-06,3.3457547488069395e-07,0.0,"[-107.64167024788362, -107.64406353392484, -107.64413222466835, -107.64524393315075, -107.64532035652213, -107.64532150123803, -107.64609549426827, -107.64609582884374]","[0.01882737500272924, 0.0189066249949974, 0.019909458998881746, 0.01821866699901875, 0.01645345900033135, 0.018574791996798012, 0.015636167001503054, 0.014904208001098596]",,False,block2_su2,N2_eqm
raw_fermionic_su2,14,-107.64687948567148,0.007242961851062546,False,0.2294982079984038,14,True,False,False,100,13,1e-06,5.341861992746999e-07,0.0,"[-107.64245986469025, -107.6445839518628, -107.64604517468997, -107.64677870623414, -107.64676619696122, -107.64677331999344, -107.64686920742899, -107.64689346874529, -107.64689672097491, -107.64687556066836, -107.64687728123901, -107.64688001985768, -107.64687948567148]","[0.01772299999720417, 0.019472415995551273, 0.018320916999073233, 0.018244582999614067, 0.018261457997141406, 0.017573375000210945, 0.016077082997071557, 0.016170916002010927, 0.018617875000927597, 0.016101916000479832, 0.015275625002686866, 0.015002708001702558, 0.015132624997931998]",,False,block2_su2,N2_eqm
raw_fermionic_su2,16,-107.64732291297871,0.006799534543830532,False,0.2444286249956349,16,True,False,False,100,11,1e-06,1.1010030220859335e-08,0.0,"[-107.64277954281808, -107.645231266478, -107.64682464781684, -107.64751433670112, -107.64743138256169, -107.64743115045492, -107.64732735819292, -107.64732625035917, -107.64732391339321, -107.64732290196868, -107.64732291297871]","[0.0181096670057741, 0.020593166002072394, 0.01989799999864772, 0.02153225000074599, 0.020466916997975204, 0.020028457998705562, 0.01901420799549669, 0.01931545799743617, 0.018200999998953193, 0.03669320799963316, 0.02313141700142296]",,False,block2_su2,N2_eqm
raw_fermionic_su2,18,-107.6486200719318,0.005502375590737074,False,0.22628241699567297,18,True,False,False,100,10,1e-06,2.595627677237644e-07,0.0,"[-107.6432153554254, -107.64589767327313, -107.64716643467663, -107.64813691085176, -107.64811758260727, -107.64811716544627, -107.64868533278069, -107.64868805357726, -107.64861981236903, -107.6486200719318]","[0.017821208995883353, 0.02318741699855309, 0.021031625001342036, 0.02166824999585515, 0.02054112500627525, 0.021532833998207934, 0.01906829200015636, 0.03150883300259011, 0.020521332997304853, 0.021995958995830733]",,False,block2_su2,N2_eqm
raw_fermionic_su2,20,-107.64905910259908,0.005063344923456725,False,0.19720887500443496,20,True,False,False,100,8,1e-06,3.803832271387364e-07,0.0,"[-107.64325728554836, -107.64591496336091, -107.64748645967147, -107.64881683840962, -107.64885037886278, -107.64885015031568, -107.64905872221586, -107.64905910259908]","[0.01878687499993248, 0.02347879200533498, 0.02435570800298592, 0.02354337499855319, 0.022331457999825943, 0.025837249995674938, 0.02671079100400675, 0.025008040996908676]",,False,block2_su2,N2_eqm
raw_fermionic_su2,30,-107.65368875388451,0.0004336936380298084,True,0.3471634579982492,30,True,False,False,100,10,1e-06,3.491663846943993e-09,0.0,"[-107.64352664265765, -107.65225739434352, -107.65305675517628, -107.6531752873333, -107.65368425465788, -107.65368424947273, -107.65367618707647, -107.65368742557588, -107.65368875737617, -107.65368875388451]","[0.024768999996013008, 0.04527191600209335, 0.03653258400299819, 0.0369776669977, 0.0336715000012191, 0.03391683399968315, 0.030702207994181663, 0.033904083000379615, 0.03194000000075903, 0.03203475000191247]",,False,block2_su2,N2_eqm
raw_qubit,1,-107.49650051179765,0.15762193572489025,False,0.48030533300334355,1,True,False,False,100,7,1e-06,0.0,0.0,"[-107.6416702478832, -107.49650051179765, -107.49650051179765, -107.49650051179765, -107.49650051179765, -107.49650051179765, -107.49650051179765]","[0.07919720900099492, 0.07046787499712082, 0.06182962500315625, 0.05651508299342822, 0.06496233300276799, 0.05414937499881489, 0.0597500410003704]",,False,block2_pauli,N2_eqm
raw_qubit,2,-107.53451950226793,0.11960294525461279,False,0.4770556670046062,2,True,False,False,100,7,1e-06,2.842170943040401e-14,0.0,"[-107.6416702478832, -107.53735933751366, -107.53451950226793, -107.53451950226793, -107.53451950226794, -107.53451950226795, -107.53451950226793]","[0.10762270799750695, 0.05704241700004786, 0.0527865829935763, 0.0579732089972822, 0.06874208299996099, 0.049497291998704895, 0.044604834001802374]",,False,block2_pauli,N2_eqm
raw_qubit,3,-107.57629475525889,0.0778276922636536,False,0.5499008750048233,3,True,False,False,100,10,1e-06,7.637634951151995e-07,0.0,"[-107.6416702478832, -107.57416522756705, -107.5750911739629, -107.57514335991313, -107.57515302328956, -107.57514642318654, -107.57514762771875, -107.57515161965645, -107.57629399149539, -107.57629475525889]","[0.07010499999887543, 0.05390508400159888, 0.050087167001038324, 0.047076500006369315, 0.04787912500614766, 0.04850166699907277, 0.05380137499741977, 0.046293041996250395, 0.04453479199582944, 0.04337041699909605]",,False,block2_pauli,N2_eqm
raw_qubit,4,-107.58678751381993,0.06733493370261101,False,0.6186922499982757,4,True,False,False,100,11,1e-06,9.79258530264815e-07,0.0,"[-107.64167024788321, -107.5851942040261, -107.58582544045495, -107.58592034404336, -107.58591852246535, -107.58591558560215, -107.5859278719827, -107.58593190483455, -107.58678745899192, -107.58678849307846, -107.58678751381993]","[0.0749997919992893, 0.050814832997275516, 0.05085516600229312, 0.05161650000081863, 0.05794374999823049, 0.055374582996591926, 0.04814845899818465, 0.04723804200330051, 0.04737695900257677, 0.04771204200369539, 0.04685416699794587]",,False,block2_pauli,N2_eqm
raw_qubit,5,-107.59915772160554,0.054964725917002966,False,0.6137346249961411,5,True,False,False,100,10,1e-06,2.918847314958839e-07,0.0,"[-107.64167024788321, -107.59898684450582, -107.5986706951048, -107.59862998025619, -107.59911525304332, -107.59911622114085, -107.5986505565804, -107.59865552684582, -107.5991574297208, -107.59915772160554]","[0.07554499999969266, 0.05255400000169175, 0.05117374999827007, 0.05107483299798332, 0.06964700000389712, 0.05528712500381516, 0.05003933299303753, 0.050432042000466026, 0.07364766600221628, 0.05036850000033155]",,False,block2_pauli,N2_eqm
raw_qubit,6,-107.60139321702097,0.05272923050156919,False,0.5039409589953721,6,True,False,False,100,8,1e-06,9.576679360634444e-08,0.0,"[-107.64167024788321, -107.60120460178408, -107.60133573921561, -107.60134036255438, -107.60139778320736, -107.60139828448973, -107.60139312125418, -107.60139321702097]","[0.08367474999977276, 0.060667334000754636, 0.053803458002221305, 0.054360250003810506, 0.0551910419962951, 0.05642708399682306, 0.05240924999816343, 0.05246262499713339]",,False,block2_pauli,N2_eqm
raw_qubit,7,-107.6106979832435,0.043424464279041786,False,0.5650942079955712,7,True,False,False,100,8,1e-06,8.286231434340152e-08,0.0,"[-107.64167024788321, -107.6112025981625, -107.61145485937865, -107.6114540655937, -107.61117930228173, -107.61107686968658, -107.61069790038118, -107.6106979832435]","[0.07767587499984074, 0.058326083002611995, 0.06457424999825889, 0.06527012500009732, 0.06466837499465328, 0.07285825000144541, 0.06186799999704817, 0.06561733400303638]",,False,block2_pauli,N2_eqm
raw_qubit,8,-107.61071504506305,0.04340740245949348,False,1.4389876249988447,8,True,False,False,100,22,1e-06,7.318032544390007e-07,0.0,"[-107.64167024788321, -107.61054470511439, -107.61054323993073, -107.61056570720876, -107.61053494083404, -107.61055016297902, -107.61064505215995, -107.61064619869127, -107.61056793254221, -107.61057259285056, -107.61055351796367, -107.61055160611951, -107.61068335929147, -107.61068540220086, -107.61056496536773, -107.61056635549534, -107.61056341860598, -107.61056551547946, -107.61056323964624, -107.61055779530436, -107.6107157768663, -107.61071504506305]","[0.10617766699579079, 0.05934066700137919, 0.06470158400043147, 0.06029833300272003, 0.05820429099549074, 0.06014783400314627, 0.06717166700400412, 0.06015024999942398, 0.08727799999905983, 0.057811708000372164, 0.06151887500163866, 0.05747125000198139, 0.0557583749978221, 0.06064958299975842, 0.06947570899501443, 0.06098266600019997, 0.06022674999985611, 0.05768495800293749, 0.061009875003946945, 0.057102583996311296, 0.05913658299687086, 0.05560787500144215]",,False,block2_pauli,N2_eqm
raw_qubit,9,-107.61604595104842,0.038076496474118926,False,0.5021992080000928,9,True,False,False,100,7,1e-06,1.0668085792531201e-07,0.0,"[-107.64167024788321, -107.61585089604841, -107.61601526270013, -107.61604109024128, -107.61604518710189, -107.61604584436756, -107.61604595104842]","[0.0832227499995497, 0.06757054100307869, 0.06590287500148406, 0.06559108300280059, 0.06146058299782453, 0.06554316699475748, 0.05869341700599762]",,False,block2_pauli,N2_eqm
raw_qubit,10,-107.61839739312055,0.03572505440199336,False,0.6080144170045969,10,True,False,False,100,8,1e-06,3.385713398529333e-08,0.0,"[-107.64167024788321, -107.61832996320834, -107.61840501842485, -107.61853551925903, -107.61855684464884, -107.6185591624386, -107.61839735926341, -107.61839739312055]","[0.08807187500497093, 0.0700104170027771, 0.06835024999600137, 0.06959870799619239, 0.07229495800129371, 0.07201458299823571, 0.06877637500292622, 0.06534200000169221]",,False,block2_pauli,N2_eqm
raw_qubit,12,-107.62637432599422,0.027748121528318848,False,0.7417384590007714,12,True,False,False,100,9,1e-06,8.562327025174454e-08,0.0,"[-107.64167024788321, -107.62630240777303, -107.62632837411323, -107.62633987861902, -107.62634054344528, -107.6263638208903, -107.62636504881068, -107.62637441161749, -107.62637432599422]","[0.08923579200200038, 0.07754866700270213, 0.07788699999946402, 0.07731270800286438, 0.07969054199929815, 0.07804100000066683, 0.07413879100204213, 0.07643862499389797, 0.07818674999725772]",,False,block2_pauli,N2_eqm
raw_qubit,14,-107.63262467674045,0.021497770782090697,False,1.0824432090012124,14,True,False,False,100,11,1e-06,3.5424230304670346e-07,0.0,"[-107.64167024788321, -107.63154435993349, -107.63131180459635, -107.63142460929765, -107.63156926063738, -107.63214370617561, -107.63214126274605, -107.63271258691401, -107.63270856858458, -107.63262432249815, -107.63262467674045]","[0.09647204200155102, 0.09307524999894667, 0.09237837500404567, 0.094047499995213, 0.1218712499976391, 0.098378667003999, 0.09356295900215628, 0.09216737499809824, 0.08844708299875492, 0.09226045900140889, 0.08536733299843036]",,False,block2_pauli,N2_eqm
raw_qubit,16,-107.63756946476627,0.016552982756266488,False,0.7055875419973745,16,True,False,False,100,7,1e-06,4.827988675515371e-08,0.0,"[-107.64167024788321, -107.63812546472914, -107.63756038437165, -107.637569286912, -107.63756840062067, -107.63756951304616, -107.63756946476627]","[0.1011685409976053, 0.09113749999960419, 0.09648541700153146, 0.09647816600045189, 0.0969249160043546, 0.09380008299922338, 0.09587362500315066]",,False,block2_pauli,N2_eqm
raw_qubit,18,-107.64017526056199,0.013947186960550084,False,0.8631137499978649,18,True,False,False,100,7,1e-06,4.247539209245588e-09,0.0,"[-107.64167024788321, -107.64010878342575, -107.64010383854233, -107.64026271725436, -107.64026243492705, -107.64017525631445, -107.64017526056199]","[0.11121704200195381, 0.11609983399830526, 0.11593125000217697, 0.12804308399790898, 0.11955675000353949, 0.118432125003892, 0.11819408399605891]",,False,block2_pauli,N2_eqm
raw_qubit,20,-107.64081229799585,0.01331014952668852,False,0.9970313329977216,20,True,False,False,100,8,1e-06,1.0174971976084635e-11,0.0,"[-107.64167024788321, -107.6408085148699, -107.6408190992598, -107.64081926224014, -107.64081889591469, -107.64081889591446, -107.64081229800603, -107.64081229799585]","[0.11438929200085113, 0.12062858299759682, 0.12764658300147858, 0.11967308299790602, 0.12512608399993042, 0.12253362499905052, 0.11583762500231387, 0.11614162499608938]",,False,block2_pauli,N2_eqm
raw_qubit,30,-107.64916955910803,0.0049528884145075835,False,16.73430979099794,30,True,False,False,100,55,1e-06,6.562359828876652e-07,0.0,"[-107.64167024788321, -107.64352804062261, -107.64451283919252, -107.64667522204114, -107.64756372946933, -107.64760662203918, -107.64780425018992, -107.64790197099734, -107.64793894659522, -107.64804704720021, -107.64820609552561, -107.64821940464897, -107.64830913968319, -107.6483671795429, -107.6484185369379, -107.64851586259235, -107.6485736525265, -107.64886906035267, -107.6489131238963, -107.64890205459581, -107.64896679489941, -107.64903243634521, -107.64909037758106, -107.64906548906453, -107.64913572609707, -107.64911362509389, -107.6491479719061, -107.64946815060213, -107.64949122918117, -107.64938009865206, -107.64938312903985, -107.64943277379646, -107.64942949257306, -107.64941723355012, -107.64940397413321, -107.64934409978906, -107.64931420091558, -107.64922848953412, -107.64920600970844, -107.6491765589711, -107.64915741811045, -107.64923193227322, -107.6492051304613, -107.64908085453973, -107.6490687108826, -107.64937845703345, -107.64935880202145, -107.64926480367528, -107.64925580154178, -107.64930824890855, -107.6493043625073, -107.64923396064682, -107.64923265124499, -107.64917021534401, -107.64916955910803]","[0.13466883300134214, 0.2378222920015105, 0.33218366599612636, 0.3644654589952552, 0.32357691600191174, 0.33275770799809834, 0.305289999996603, 0.2953527089994168, 0.3101344579990837, 0.3262542499942356, 0.3186137079974287, 0.30724204199941596, 0.30477937500108965, 0.34840874999645166, 0.30180454200308304, 0.29158629100129474, 0.295876958000008, 0.30657229099597316, 0.31662183399748756, 0.29725416700239293, 0.3003691659978358, 0.2950916670015431, 0.3005214170043473, 0.3056366250020801, 0.3073002919991268, 0.31079791599768214, 0.304737833001127, 0.31222266599797877, 0.30934766700374894, 0.3103202920028707, 0.3099098749953555, 0.31753691699850606, 0.3124510000052396, 0.30388929099717643, 0.30698495800606906, 0.3089812499965774, 0.31183170799340587, 0.311089709000953, 0.30344416700245347, 0.29496529099560576, 0.3029312079961528, 0.3013109169987729, 0.3044397920020856, 0.3065556670044316, 0.3006732499998179, 0.3102839999992284, 0.29511466700205347, 0.29552087500633206, 0.29561216699949, 0.2921920000007958, 0.2971047500032, 0.29672020900034113, 0.2956525839981623, 0.2979352500042296, 0.3003604159966926]",,False,block2_pauli,N2_eqm
raw_qubit,40,-107.65173226815637,0.0023901793661735837,False,13.34435779100022,40,True,False,False,100,30,1e-06,9.97852225737006e-07,0.0,"[-107.64167024788321, -107.6417915396479, -107.64232179286907, -107.64483634829176, -107.64544419532052, -107.64707992548124, -107.65022175687062, -107.65040868443012, -107.65112271808057, -107.65102766429678, -107.65145445043123, -107.65136246033305, -107.65144391515508, -107.65142919273322, -107.65144433780333, -107.65153353074939, -107.65155559209963, -107.6516563225555, -107.65167699792724, -107.65154112604904, -107.6515572360671, -107.65160384898248, -107.65161977297733, -107.65171017137838, -107.65172550230585, -107.65172137802404, -107.65173236860615, -107.65172796640867, -107.65173326600859, -107.65173226815637]","[0.14620745799766155, 0.25621866699657403, 0.4605074589999276, 0.5689185410010396, 0.5054546669998672, 0.5332399999970221, 0.49767220800276846, 0.49270904100558255, 0.4781845409961534, 0.47012454200012144, 0.49024241699953564, 0.45821487499779323, 0.46673154099698877, 0.4404136250013835, 0.46069508300570305, 0.4351916669984348, 0.45924958400428295, 0.4311725000006845, 0.4507975419983268, 0.43136124999728054, 0.45072904200060293, 0.4411307080008555, 0.46757079199596774, 0.4177986670038081, 0.4490328750034678, 0.42393250000168337, 0.4543015000017476, 0.4199771249986952, 0.4322375830015517, 0.4119123330019647]",,False,block2_pauli,N2_eqm
raw_qubit,50,-107.6527537919443,0.001368655578232847,True,12.631052749995433,50,True,False,False,100,15,1e-06,2.8759610870565666e-07,0.0,"[-107.64167024788321, -107.64179165530729, -107.64252537482542, -107.64996290849533, -107.6518383161071, -107.65236977304707, -107.65262696516918, -107.65268950332202, -107.65269632206014, -107.65271981297607, -107.6527258866897, -107.6527587571427, -107.65276124394396, -107.6527535043482, -107.6527537919443]","[0.1465102080037468, 0.30244870799651835, 0.7417365839937702, 1.3645418750020326, 0.974004125004285, 1.1867102499963949, 0.8297202500034473, 1.0534201250047772, 0.8187062919969321, 1.0356395830021938, 0.7849559590031276, 0.9217646249962854, 0.7796894170023734, 0.8792518330010353, 0.7744804589965497]",,False,block2_pauli,N2_eqm
seniority_Nover2,1,-107.49845898787564,0.15566345964690242,False,0.5229098339987104,1,True,False,False,100,7,1e-06,0.0,0.0,"[-107.6416702478833, -107.49845898787564, -107.49845898787564, -107.49845898787564, -107.49845898787564, -107.49845898787564, -107.49845898787564]","[0.07998770900303498, 0.06976999999460531, 0.07334366699797101, 0.07160299999668496, 0.055733832996338606, 0.0679490420006914, 0.06282387499959441]",Seniority N/2,False,block2_pauli,N2_eqm
seniority_Nover2,2,-107.56849597608286,0.0856264714396815,False,0.48751941599766724,2,True,False,False,100,7,1e-06,1.2960299500264227e-11,0.0,"[-107.6416702478833, -107.56733577970178, -107.56733578932798, -107.56818970764765, -107.56818970765926, -107.5684959760699, -107.56849597608286]","[0.08263333400100237, 0.06549570799688809, 0.06977241599815898, 0.05374566700629657, 0.059954124997602776, 0.06118029200297315, 0.048748041001090314]",Seniority N/2,False,block2_pauli,N2_eqm
seniority_Nover2,3,-107.60759317566445,0.04652927185809119,False,0.4410671670048032,3,True,False,False,100,7,1e-06,9.74519309693278e-08,0.0,"[-107.6416702478833, -107.60678850444701, -107.60755140794166, -107.60759263799505, -107.60759163157051, -107.60759327311638, -107.60759317566445]","[0.0839176250010496, 0.060090250000939704, 0.05153275000338908, 0.05020058299851371, 0.049640542005363386, 0.05909537499974249, 0.050390917000186164]",Seniority N/2,False,block2_pauli,N2_eqm
seniority_Nover2,4,-107.62224297564941,0.03187947187312545,False,0.5221242910047295,4,True,False,False,100,8,1e-06,6.565414878423326e-12,0.0,"[-107.6416702478833, -107.62383709536694, -107.62208236323596, -107.62208236322876, -107.62222456400889, -107.62222456400204, -107.62224297565598, -107.62224297564941]","[0.08985366700653685, 0.055168292004964314, 0.053934750001644716, 0.055231457998161204, 0.0540751669977908, 0.05477808400610229, 0.071082957998442, 0.05134045900194906]",Seniority N/2,False,block2_pauli,N2_eqm
seniority_Nover2,5,-107.62928640531234,0.02483604221019675,False,0.703173792004236,5,True,False,False,100,7,1e-06,4.4802774823438085e-08,0.0,"[-107.64167024788331, -107.62971204057001, -107.62928510021246, -107.62928510021314, -107.62928636050884, -107.62928636050957, -107.62928640531234]","[0.1236720829983824, 0.21023008300107904, 0.08144624999840744, 0.0736536660042475, 0.06300666699826252, 0.06076825000491226, 0.05467887499980861]",Seniority N/2,False,block2_pauli,N2_eqm
seniority_Nover2,6,-107.64058489245014,0.013537555072403507,False,0.5603822499979287,6,True,False,False,100,8,1e-06,2.1546578921061155e-07,0.0,"[-107.64777818677112, -107.63989493805343, -107.64057722316707, -107.64057841767816, -107.64058333605749, -107.64058298064425, -107.64058510791592, -107.64058489245014]","[0.08901841600163607, 0.06651666700054193, 0.06129845800023759, 0.06143433300167089, 0.0632041660064715, 0.06274645799567224, 0.06019087500317255, 0.0595486250022077]",Seniority N/2,False,block2_pauli,N2_eqm
seniority_Nover2,7,-107.64579088354762,0.008331563974920186,False,0.6301695000001928,7,True,False,False,100,7,1e-06,8.1392744277764e-07,0.0,"[-107.64973887778213, -107.64601377240263, -107.64575844719126, -107.64575844719005, -107.64579006963271, -107.64579006962018, -107.64579088354762]","[0.11010658300074283, 0.07758874999854015, 0.07421191700268537, 0.08128841600409942, 0.07050937500025611, 0.07671483299782267, 0.10126183399552247]",Seniority N/2,False,block2_pauli,N2_eqm
seniority_Nover2,8,-107.6482951965792,0.0058272509433408,False,0.5745098340048571,8,True,False,False,100,7,1e-06,1.052283522540165e-07,0.0,"[-107.65008352358305, -107.64814942833178, -107.64829560328877, -107.64829560327794, -107.64829530181899, -107.64829530180755, -107.6482951965792]","[0.10115400000358932, 0.06375241700152401, 0.06920908400206827, 0.07027162500162376, 0.06777079200401204, 0.0710174999985611, 0.09581095800240291]",Seniority N/2,False,block2_pauli,N2_eqm
seniority_Nover2,9,-107.64958139903408,0.004541048488462707,False,0.6470940829967731,9,True,False,False,100,7,1e-06,3.455767227933393e-09,0.0,"[-107.65016172062437, -107.65006036329956, -107.64957911121056, -107.64957926103435, -107.64958140249516, -107.64958140248984, -107.64958139903408]","[0.11927799999830313, 0.08409987500635907, 0.08501741699728882, 0.08103595799912, 0.07970791700063273, 0.07825933300046017, 0.08243866699922364]",Seniority N/2,False,block2_pauli,N2_eqm
seniority_Nover2,10,-107.65083704327525,0.0032854042472933997,False,0.6630467499999213,10,True,False,False,100,7,1e-06,2.6906405992122018e-09,0.0,"[-107.65059735010269, -107.65060733925783, -107.65083694219447, -107.6508369421895, -107.65083704058956, -107.6508370405846, -107.65083704327525]","[0.11261566699977266, 0.08153858399600722, 0.09873208300268743, 0.08774925000034273, 0.08646812500228407, 0.08602341699588578, 0.07529212500230642]",Seniority N/2,False,block2_pauli,N2_eqm
seniority_Nover2,12,-107.65177501159957,0.0023474359229709307,False,0.6871002500047325,12,True,False,False,100,7,1e-06,1.4293969741174806e-07,0.0,"[-107.65098901783006, -107.65178044175181, -107.65177487745375, -107.65177433398259, -107.65177486505948, -107.65177486865987, -107.65177501159957]","[0.12587687500490574, 0.08644812500278931, 0.09117408400197746, 0.08729366699844832, 0.09152679099497618, 0.08706483399873832, 0.08258012500300538]",Seniority N/2,False,block2_pauli,N2_eqm
seniority_Nover2,14,-107.65241093418473,0.0017115133378098335,False,0.953949292001198,14,True,False,False,100,8,1e-06,1.9977619558630977e-10,0.0,"[-107.65134575384407, -107.65218111148698, -107.65219007382463, -107.65220166841755, -107.65240317142394, -107.65240317176068, -107.65241093398495, -107.65241093418473]","[0.14021725000202423, 0.10788991700246697, 0.10987929199473001, 0.10951283299800707, 0.12181366699951468, 0.11221020799712278, 0.10784091700043064, 0.10880008300591726]",Seniority N/2,False,block2_pauli,N2_eqm
seniority_Nover2,16,-107.65301897913413,0.0011034683884076912,True,1.0144667080021463,16,True,False,False,100,8,1e-06,1.8474111129762605e-13,0.0,"[-107.65198080258429, -107.65283736720946, -107.65288759497926, -107.65288759497989, -107.6529990402241, -107.65299904023247, -107.65301897913395, -107.65301897913413]","[0.16010787500272272, 0.11452220800128998, 0.12456779200147139, 0.11365337500319583, 0.12732979200518457, 0.11536229200282833, 0.1144837500032736, 0.10896458299976075]",Seniority N/2,False,block2_pauli,N2_eqm
HCT_Nover2_Comm,1,-107.53320237350175,0.12092007402078764,False,0.6118979579987354,1,True,False,False,100,7,1e-06,1.4210854715202004e-14,0.0,"[-107.64167037537268, -107.53320249752905, -107.53320237350621, -107.53320237350175, -107.53320237350175, -107.53320237350177, -107.53320237350175]","[0.1163334169978043, 0.07447362500533927, 0.06658783400052926, 0.06835445899923798, 0.07892849999916507, 0.06936141699407017, 0.06619979200331727]",HCT N/2 Comm,False,block2_pauli,N2_eqm
HCT_Nover2_Comm,2,-107.59777222805586,0.05635021946667962,False,0.5328002499954891,2,True,False,False,100,7,1e-06,3.3942484378712834e-09,0.0,"[-107.6448235574131, -107.59712626943556, -107.59777308795441, -107.59777305324573, -107.59777223143493, -107.59777223145011, -107.59777222805586]","[0.11014883399911923, 0.06395650000195019, 0.06276516600337345, 0.061369292001472786, 0.058264999999664724, 0.058449750002182554, 0.055019874998833984]",HCT N/2 Comm,False,block2_pauli,N2_eqm
HCT_Nover2_Comm,3,-107.60596595405912,0.048156493463423544,False,0.6114616249979008,3,True,False,False,100,7,1e-06,1.7860770640254486e-09,0.0,"[-107.64610323750972, -107.60414250871736, -107.6059805825588, -107.60598134041017, -107.60596595475334, -107.60596595584519, -107.60596595405912]","[0.11181791600392899, 0.06202016700262902, 0.0721386250006617, 0.08561929099960253, 0.07356958400487201, 0.06803366600070149, 0.0762036249943776]",HCT N/2 Comm,False,block2_pauli,N2_eqm
HCT_Nover2_Comm,4,-107.61616125650283,0.03796119101970419,False,0.6189319589975639,4,True,False,False,100,7,1e-06,3.308471718810324e-09,0.0,"[-107.64822815889862, -107.61503195380001, -107.61617436718424, -107.61617505150954, -107.61616125637347, -107.6161612598113, -107.61616125650283]","[0.12179200000537094, 0.07826587500312598, 0.07358654199924786, 0.06927437499689404, 0.06733545900351601, 0.07162383400282124, 0.07985775000270223]",HCT N/2 Comm,False,block2_pauli,N2_eqm
HCT_Nover2_Comm,5,-107.6236436125848,0.030478834937738952,False,0.65126187500573,5,True,False,False,100,7,1e-06,3.556436070084601e-07,0.0,"[-107.64822815889862, -107.62355171248245, -107.62364570012349, -107.6236457001246, -107.62364396822866, -107.62364396822841, -107.6236436125848]","[0.12675958299951162, 0.08791308299987577, 0.07851862499956042, 0.07590841600176645, 0.07566066599974874, 0.07998174999374896, 0.06907454199972562]",HCT N/2 Comm,False,block2_pauli,N2_eqm
HCT_Nover2_Comm,6,-107.63196714384796,0.022155303674580296,False,0.7407591250012047,6,True,False,False,100,7,1e-06,3.476802135082835e-08,0.0,"[-107.64825198640304, -107.63139437017364, -107.63194920723663, -107.63194920723646, -107.63196710908022, -107.63196710907994, -107.63196714384796]","[0.13923420799983433, 0.10510495800554054, 0.08839924999483628, 0.08394391700130654, 0.09472637499857228, 0.09161024999775691, 0.08101199999509845]",HCT N/2 Comm,False,block2_pauli,N2_eqm
HCT_Nover2_Comm,7,-107.63671424127865,0.017408206243885616,False,0.8287087499993504,7,True,False,False,100,7,1e-06,8.654463101720467e-08,0.0,"[-107.64856763469655, -107.63590631337095, -107.63661872437896, -107.63669670047281, -107.63671326988293, -107.63671415473402, -107.63671424127865]","[0.15681533399765613, 0.1142062500002794, 0.09307224999793107, 0.104286082998442, 0.09968299999309238, 0.09987333299795864, 0.10060370899736881]",HCT N/2 Comm,False,block2_pauli,N2_eqm
HCT_Nover2_Comm,8,-107.63991443273254,0.014208014790000334,False,0.8151927500002785,8,True,False,False,100,8,1e-06,1.544889300930663e-07,0.0,"[-107.64887110920006, -107.63996540843301, -107.64023208233343, -107.64023735428319, -107.64016252579238, -107.64016282457496, -107.63991427824361, -107.63991443273254]","[0.1468094160009059, 0.08410258300136775, 0.08600616600597277, 0.08499537500028964, 0.08522416600317229, 0.09454625000216765, 0.08687225000176113, 0.0842660829948727]",HCT N/2 Comm,False,block2_pauli,N2_eqm
HCT_Nover2_Comm,9,-107.64128694343037,0.012835504092166161,False,0.9236921249976149,9,True,False,False,100,8,1e-06,4.428994770933059e-08,0.0,"[-107.64887110920006, -107.64172193084252, -107.64161778304825, -107.64162622978043, -107.64154862084425, -107.6415494615749, -107.64128689914043, -107.64128694343037]","[0.16562745799456025, 0.10249787499924423, 0.10383854099927703, 0.10121054099727189, 0.10189937499671942, 0.10044104199914727, 0.09755462500470458, 0.09555604199704248]",HCT N/2 Comm,False,block2_pauli,N2_eqm
HCT_Nover2_Comm,10,-107.64505330975786,0.009069137764683433,False,0.8587149169979966,10,True,False,False,100,7,1e-06,2.2411158795421215e-07,0.0,"[-107.64887110920006, -107.64568019923095, -107.64508882992786, -107.64506607238371, -107.6450536632259, -107.64505353386944, -107.64505330975786]","[0.16876079099893104, 0.10880795899720397, 0.10725375000038184, 0.10433266700420063, 0.10730754199903458, 0.10434962499857647, 0.10317275000124937]",HCT N/2 Comm,False,block2_pauli,N2_eqm
HCT_Nover2_Comm,12,-107.64864016181502,0.005482285707515189,False,0.916736541003047,12,True,False,False,100,7,1e-06,9.458403837925289e-09,0.0,"[-107.64944010652835, -107.64845036769375, -107.64863596121955, -107.64863982478786, -107.64864013619538, -107.64864015235662, -107.64864016181502]","[0.1791364579985384, 0.1164504170010332, 0.11380829200061271, 0.11459058400214417, 0.11489254199841525, 0.11350645900529344, 0.10986883399891667]",HCT N/2 Comm,False,block2_pauli,N2_eqm
HCT_Nover2_Comm,14,-107.65076763814827,0.0033548093742723495,False,1.1661299580009654,14,True,False,False,100,7,1e-06,2.4703638246137416e-08,0.0,"[-107.64961793141045, -107.6504547605671, -107.65077525752088, -107.65077065681706, -107.65077017955234, -107.6507676628519, -107.65076763814827]","[0.21048162499937462, 0.15555933299765456, 0.14987187500082655, 0.149439083004836, 0.14813616700121202, 0.14785899999696994, 0.14770654200401623]",HCT N/2 Comm,False,block2_pauli,N2_eqm
HCT_Nover2_Comm,16,-107.65121922977724,0.0029032177452990027,False,1.1824315000048955,16,True,False,False,100,7,1e-06,8.469757517559628e-08,0.0,"[-107.65049646453355, -107.65111854610686, -107.65121495714675, -107.65121751181924, -107.65121872495233, -107.65121914507966, -107.65121922977724]","[0.24003662500035716, 0.1556253749949974, 0.14970266700402135, 0.1429622499999823, 0.15270766599860508, 0.14400458300224273, 0.14245737500459654]",HCT N/2 Comm,False,block2_pauli,N2_eqm
HCT_Nover2_Comm,18,-107.65197220532006,0.002150242202475283,False,1.6945972079993226,18,True,False,False,100,7,1e-06,1.1965319401952001e-07,0.0,"[-107.65114854896746, -107.65173355936287, -107.65196245325689, -107.65196925044077, -107.6519714435045, -107.65197208566687, -107.65197220532006]","[0.323980749999464, 0.2604556669975864, 0.20854329199937638, 0.20343833299557446, 0.20030208300158847, 0.19996104200254194, 0.2422244999979739]",HCT N/2 Comm,False,block2_pauli,N2_eqm
HCT_Nover2_Comm,20,-107.65252731436499,0.0015951331575507766,True,2.035156875004759,20,True,False,False,100,7,1e-06,1.3454389602429728e-07,0.0,"[-107.65140089176566, -107.65202695568567, -107.65249062454636, -107.65249413796268, -107.65252668450758, -107.65252717982109, -107.65252731436499]","[0.40048475000367034, 0.2680641250044573, 0.2361068750033155, 0.23832525000034366, 0.22781537500122795, 0.2283441249965108, 0.20725037500233157]",HCT N/2 Comm,False,block2_pauli,N2_eqm
HCT_N_Comm,1,-107.54587757074562,0.10824487677692218,False,0.5242295420030132,1,True,False,False,100,7,1e-06,2.08737418461169e-07,0.0,"[-107.64168975786266, -107.54578538881037, -107.5458731897718, -107.54587138621628, -107.54587740206667, -107.5458773620082, -107.54587757074562]","[0.07543445900228107, 0.07351858300535241, 0.07493504100420978, 0.07307225000113249, 0.06535954200080596, 0.07091249999939464, 0.06140195899934042]",HCT N Comm,False,block2_pauli,N2_eqm
HCT_N_Comm,2,-107.61907242305887,0.035050024463672,False,0.49323016600101255,2,True,False,False,100,7,1e-06,5.144233909959439e-07,0.0,"[-107.64475121706732, -107.61905146230191, -107.61941749051454, -107.619138138595, -107.61912907167243, -107.61907293748226, -107.61907242305887]","[0.07845558400003938, 0.08092658300301991, 0.06117808400449576, 0.06098737499996787, 0.05900754200411029, 0.06059520800044993, 0.05238824999833014]",HCT N Comm,False,block2_pauli,N2_eqm
HCT_N_Comm,3,-107.63320686696605,0.020915580556490454,False,0.4494523340035812,3,True,False,False,100,7,1e-06,2.8076922831132833e-07,0.0,"[-107.64672920504768, -107.63026076578197, -107.63188973704352, -107.63315719121816, -107.63315740549044, -107.63320714773528, -107.63320686696605]","[0.0696772500014049, 0.05900487500184681, 0.05813133299670881, 0.059056792000774294, 0.05820316699828254, 0.058560459001455456, 0.05542320799577283]",HCT N Comm,False,block2_pauli,N2_eqm
HCT_N_Comm,4,-107.64521352171968,0.008908925802856515,False,0.6090802090038778,4,True,False,False,100,7,1e-06,2.0748807116888202e-07,0.0,"[-107.64924074706545, -107.64497091453296, -107.64521241840387, -107.64521789992557, -107.64521353833892, -107.64521372920775, -107.64521352171968]","[0.083822833999875, 0.06692525000107707, 0.07396116699965205, 0.07785812500515021, 0.07042516700312262, 0.12537079200410517, 0.07607062500028405]",HCT N Comm,False,block2_pauli,N2_eqm
HCT_N_Comm,5,-107.64906825921392,0.0050541883086197,False,0.5588478749996284,5,True,False,False,100,7,1e-06,2.7768010113504715e-11,0.0,"[-107.64924074706545, -107.64906302150509, -107.6490630214771, -107.64906802303372, -107.6490680230059, -107.64906825924169, -107.64906825921392]","[0.08953116700286046, 0.07142925000516698, 0.07124775000556838, 0.07650866600306472, 0.07131870799639728, 0.07160904200281948, 0.06849320800392888]",HCT N Comm,False,block2_pauli,N2_eqm
HCT_N_Comm,6,-107.65102467864153,0.003097768881005436,False,1.3374566249985946,6,True,False,False,100,7,1e-06,1.478365163620765e-07,0.0,"[-107.65038391043501, -107.65104317161641, -107.65102671247953, -107.65102617343824, -107.65102461571814, -107.65102482647805, -107.65102467864153]","[0.092388832999859, 0.08200845799728995, 0.0775413329974981, 0.0890726670040749, 0.0897629999963101, 0.7805284160058363, 0.0937078749993816]",HCT N Comm,False,block2_pauli,N2_eqm
HCT_N_Comm,7,-107.65216572256028,0.0019567249622554073,False,1.1540162909950595,7,True,False,False,100,11,1e-06,2.495093553989136e-07,0.0,"[-107.65155844420508, -107.65223022452207, -107.65222202005518, -107.6521848977402, -107.65216335582889, -107.65216596599242, -107.65215719932507, -107.65216509433488, -107.65216348371843, -107.65216597206964, -107.65216572256028]","[0.15590208300272934, 0.11562495800171746, 0.11025058299856028, 0.09698566699807998, 0.09730570800456917, 0.09747087499999907, 0.08798633300466463, 0.09061391700379318, 0.09249733400065452, 0.08760854200227186, 0.0829440000015893]",HCT N Comm,False,block2_pauli,N2_eqm
HCT_N_Comm,8,-107.65341857792149,0.0007038696010539525,True,0.6003510000009555,8,True,False,False,100,7,1e-06,1.5347723092418164e-12,0.0,"[-107.65293042317097, -107.65341560893648, -107.65341560895551, -107.65341854251888, -107.65341854251761, -107.65341857792302, -107.65341857792149]","[0.09302095799648669, 0.07679637499677483, 0.0765670409964514, 0.07672320900019258, 0.08323687500524102, 0.0819450830022106, 0.08047791599528864]",HCT N Comm,False,block2_pauli,N2_eqm
Pauli_BLISS+HCT_N_Comm,1,-107.5657600915856,0.08836235593693686,False,1.3087732089989004,1,True,False,False,100,8,1e-06,3.3990178849307995e-07,0.0,"[-107.641791634739, -107.56597877826488, -107.56597877826485, -107.56581746312472, -107.56577151541454, -107.56576221780247, -107.56576043148739, -107.5657600915856]","[0.1916263750026701, 0.21051662499667145, 0.35109662499598926, 0.2002474590044585, 0.07148062500345986, 0.07392345799598843, 0.06633641599910334, 0.06828733300062595]",Pauli BLISS+HCT N Comm,False,block2_pauli,N2_eqm
Pauli_BLISS+HCT_N_Comm,2,-107.6242800173589,0.029842430163640188,False,0.6454897079966031,2,True,False,False,100,7,1e-06,3.8360497001121985e-09,0.0,"[-107.64628803575398, -107.62331996398315, -107.62430485462532, -107.62428118432686, -107.62428124827966, -107.62428001352285, -107.6242800173589]","[0.1301932080023107, 0.07630170899938093, 0.08315795800444903, 0.08129283400194254, 0.07548458300152561, 0.07731862500077114, 0.07080324999697041]",Pauli BLISS+HCT N Comm,False,block2_pauli,N2_eqm
Pauli_BLISS+HCT_N_Comm,3,-107.635480497548,0.018641949974536942,False,1.04545262499596,3,True,False,False,100,7,1e-06,2.0977353187845438e-09,0.0,"[-107.64816900302147, -107.63399134054168, -107.63551386400891, -107.6354827860961, -107.63548165203187, -107.63548049545027, -107.635480497548]","[0.16316595799435163, 0.10142562500550412, 0.09533287500380538, 0.09863004200451542, 0.09910183300235076, 0.3302089999997406, 0.09841716600203654]",Pauli BLISS+HCT N Comm,False,block2_pauli,N2_eqm
Pauli_BLISS+HCT_N_Comm,4,-107.64092827347555,0.013194174046986973,False,1.4472141250007553,4,True,False,False,100,10,1e-06,3.0065142198054673e-07,0.0,"[-107.65033436264224, -107.6445223719128, -107.64071891896783, -107.64070402199052, -107.64087470341221, -107.64087046092112, -107.64091889979485, -107.64091762431745, -107.64092857412697, -107.64092827347555]","[0.20832183299353346, 0.14633458299795166, 0.14004033299715957, 0.13848070899985032, 0.12993204199301545, 0.1323687920012162, 0.12283679200481856, 0.1252827909993357, 0.11852800000633579, 0.12887879100162536]",Pauli BLISS+HCT N Comm,False,block2_pauli,N2_eqm
Pauli_BLISS+HCT_N_Comm,5,-107.64791487534242,0.006207572180116472,False,1.219199082996056,5,True,False,False,100,7,1e-06,1.896685830615752e-08,0.0,"[-107.65033436264224, -107.647963338511, -107.64791245473066, -107.64791476931802, -107.6479147816017, -107.64791485637556, -107.64791487534242]","[0.22842162500455743, 0.161129375002929, 0.15859895900211995, 0.15814549999777228, 0.1547089160012547, 0.15710045799642103, 0.14853866600606125]",Pauli BLISS+HCT N Comm,False,block2_pauli,N2_eqm
Pauli_BLISS+HCT_N_Comm,6,-107.649112992999,0.005009454523545287,False,1.9030613330032793,6,True,False,False,100,7,1e-06,3.191473751940066e-10,0.0,"[-107.651458817409, -107.64895406851959, -107.6491135803012, -107.6491129345693, -107.64911294698354, -107.64911299267985, -107.649112992999]","[0.23741695799981244, 0.19942037500004517, 0.20732979199965484, 0.2315080409971415, 0.241201540993643, 0.2878929170037736, 0.4381262910028454]",Pauli BLISS+HCT N Comm,False,block2_pauli,N2_eqm
Pauli_BLISS+HCT_N_Comm,7,-107.65194235300007,0.0021800945224725865,False,2.400723750004545,7,True,False,False,100,7,1e-06,5.559857925163669e-07,0.0,"[-107.65170336888303, -107.6519456712127, -107.65193881591382, -107.65194510932065, -107.65194198420001, -107.65194290898586, -107.65194235300007]","[0.7676121249969583, 0.22876812500180677, 0.21662458399805473, 0.2375112090012408, 0.20908016700559529, 0.2329885409999406, 0.20238474999496248]",Pauli BLISS+HCT N Comm,False,block2_pauli,N2_eqm
Pauli_BLISS+HCT_N_Comm,8,-107.65316149786521,0.0009609496573261822,True,2.197355583004537,8,True,False,False,100,7,1e-06,3.197442310920451e-12,0.0,"[-107.65227947220065, -107.65312927041806, -107.65312927042005, -107.65315925169847, -107.65315925170232, -107.65316149786202, -107.65316149786521]","[0.28102812499855645, 0.2195135419970029, 0.25909679100004723, 0.6180208750010934, 0.26499916600005236, 0.25716908300091745, 0.2433397499989951]",Pauli BLISS+HCT N Comm,False,block2_pauli,N2_eqm
BS_Nover2_Comm,1,-107.52189823235327,0.1322242151692734,False,0.4787943749979604,1,True,False,False,100,7,1e-06,2.914987362601096e-09,0.0,"[-107.64170911364215, -107.52184816080351, -107.52189810204905, -107.52189810204908, -107.52189822943828, -107.52189822943828, -107.52189823235327]","[0.07541354099521413, 0.06690754200099036, 0.06536129100277321, 0.06059770899446448, 0.06006241599970963, 0.061419042001944035, 0.05474687500100117]",BS N/2 Comm,False,block2_pauli,N2_eqm
BS_Nover2_Comm,2,-107.57586180346809,0.07826064405445265,False,0.6536322079991805,2,True,False,False,100,8,1e-06,1.6607461361672904e-07,0.0,"[-107.64170931035531, -107.57505057284108, -107.5759382548643, -107.57581519690258, -107.57585575346242, -107.57584847417779, -107.5758619695427, -107.57586180346809]","[0.07716691699897638, 0.06268987499788636, 0.0823508750036126, 0.08191866700508399, 0.0777297919994453, 0.07751862499571871, 0.07659554199926788, 0.0771336660036468]",BS N/2 Comm,False,block2_pauli,N2_eqm
BS_Nover2_Comm,3,-107.61444887582222,0.0396735717003196,False,0.7025726669962751,3,True,False,False,100,7,1e-06,6.063247610654798e-07,0.0,"[-107.64170931035531, -107.61406571821136, -107.61444014747931, -107.61443988736758, -107.61444856071, -107.61444826949746, -107.61444887582222]","[0.11123729099927004, 0.08872891699866159, 0.08648304199596168, 0.08836449999944307, 0.08881058300175937, 0.09652808400278445, 0.09191062499303371]",BS N/2 Comm,False,block2_pauli,N2_eqm
BS_Nover2_Comm,4,-107.62003433547865,0.034088112043889396,False,2.816282499996305,4,True,False,False,100,8,1e-06,9.492850949754938e-12,0.0,"[-107.64170964448448, -107.61992704917199, -107.62015568645828, -107.6201556864369, -107.62006353107552, -107.62006353109949, -107.62003433546916, -107.62003433547865]","[0.13642708299448714, 0.12299012500443496, 0.193184999996447, 0.2258774169968092, 0.6899973330000648, 0.7286099589982769, 0.3467651669998304, 0.3013768329983577]",BS N/2 Comm,False,block2_pauli,N2_eqm
BS_Nover2_Comm,5,-107.63297268936137,0.02114975816117237,False,1.793295333001879,5,True,False,False,100,8,1e-06,1.3642420526593924e-12,0.0,"[-107.64232818731092, -107.63169622823486, -107.63282968896003, -107.6328296889597, -107.63298417958603, -107.6329841795853, -107.63297268936, -107.63297268936137]","[0.29814770800294355, 0.2409235000013723, 0.22975708400190342, 0.20806608400016557, 0.16010033400380053, 0.1568894160009222, 0.17385412500152597, 0.20951195799716515]",BS N/2 Comm,False,block2_pauli,N2_eqm
BS_Nover2_Comm,6,-107.64147901953623,0.0126434279863048,False,4.6160847499995725,6,True,False,False,100,8,1e-06,6.148483180368203e-07,0.0,"[-107.64459284402791, -107.64097300728244, -107.64140623050162, -107.64147561041923, -107.64147448193043, -107.64148053545844, -107.64147840468792, -107.64147901953623]","[1.1924119589966722, 0.932565875002183, 0.37533558300492587, 0.2933881669960101, 0.3908173750023707, 0.34648112500144634, 0.3853663339978084, 0.36770870799955446]",BS N/2 Comm,False,block2_pauli,N2_eqm
BS_Nover2_Comm,7,-107.64358746773998,0.01053497978256246,False,4.253372999999556,7,True,False,False,100,15,1e-06,4.4046377922768443e-07,0.0,"[-107.64641926095035, -107.64354606397707, -107.64358406387458, -107.64353321687946, -107.64357041556953, -107.6435321918276, -107.6435919178009, -107.6435727300239, -107.64359285936732, -107.6435845407969, -107.6435897759938, -107.64358666403012, -107.64358812245418, -107.6435870272762, -107.64358746773998]","[0.415409291999822, 0.31623429199680686, 0.27871720799885225, 0.29614745800063247, 0.39994016599666793, 0.2876905830053147, 0.2498384580030688, 0.2461084159949678, 0.27388845899986336, 0.22180541700072354, 0.20938979199854657, 0.2303685829974711, 0.23935350000101607, 0.2341930000038701, 0.2136047919993871]",BS N/2 Comm,False,block2_pauli,N2_eqm
BS_Nover2_Comm,8,-107.64566665027485,0.008455797247691521,False,3.714237457999843,8,True,False,False,100,15,1e-06,4.627916894150985e-07,0.0,"[-107.64801466313129, -107.6460073243552, -107.64594441993923, -107.64583905627768, -107.64581726166116, -107.6457054100932, -107.64574451901424, -107.64567968605644, -107.64569683645304, -107.64567142260955, -107.64567652023646, -107.64566768910488, -107.64566918356392, -107.64566618748316, -107.64566665027485]","[0.2491915840000729, 0.25083470800018404, 0.2342667499979143, 0.21402204100013478, 0.18537566700251773, 0.1748215839979821, 0.15390491599828238, 0.15607304100558395, 0.16492662499513244, 0.12966795800457476, 0.12288387500302633, 0.12891191599919694, 0.19040154200047255, 0.9068318330027978, 0.3428560419997666]",BS N/2 Comm,False,block2_pauli,N2_eqm
BS_Nover2_Comm,9,-107.64707753332503,0.007044914197507524,False,2.4111412499987637,9,True,False,False,100,9,1e-06,6.208887128877905e-07,0.0,"[-107.64835229620819, -107.64694878413889, -107.64705795500419, -107.64706253001458, -107.64705415821513, -107.64706963962249, -107.64706707662899, -107.64707815421374, -107.64707753332503]","[0.38688483399891993, 0.3410150830022758, 0.3051891670038458, 0.23558208399481373, 0.21746816600352759, 0.21701670800393913, 0.20038791700062575, 0.19359600000461796, 0.18986783300351817]",BS N/2 Comm,False,block2_pauli,N2_eqm
BS_Nover2_Comm,10,-107.64956200660815,0.004560440914389119,False,3.862703999999212,10,True,False,False,100,10,1e-06,4.5892518585333164e-07,0.0,"[-107.64856460210589, -107.64991063752458, -107.65018577817807, -107.65005180732359, -107.64995218634064, -107.64981868035272, -107.64966804468264, -107.64961585347132, -107.64956154768296, -107.64956200660815]","[0.23550179200537968, 0.23845304100541398, 0.4752238340006443, 0.6046448339984636, 0.4359846250008559, 0.5247526669991203, 0.32186375000310363, 0.3022239170022658, 0.3067304169962881, 0.3349284159994568]",BS N/2 Comm,False,block2_pauli,N2_eqm
BS_Nover2_Comm,12,-107.65179683830036,0.002325609222182834,False,2.1332425000000512,12,True,False,False,100,7,1e-06,9.81282539669337e-08,0.0,"[-107.65021180827748, -107.65138712414321, -107.65179124922982, -107.65179293172693, -107.65179724756601, -107.65179693642861, -107.65179683830036]","[0.46129129199835006, 0.30529350000142585, 0.2798949589996482, 0.23985862499830546, 0.20749020800576545, 0.1849367920003715, 0.1625877920014318]",BS N/2 Comm,False,block2_pauli,N2_eqm
BS_Nover2_Comm,14,-107.65272252413732,0.0013999233852217685,True,1.701571249999688,14,True,False,False,100,11,1e-06,5.255655679547999e-07,0.0,"[-107.65127811238489, -107.65181892345616, -107.6525563505231, -107.65255595439687, -107.6526317298972, -107.65265498267155, -107.65267058832285, -107.65270272463914, -107.65270446996757, -107.65272199857175, -107.65272252413732]","[0.28910008299862966, 0.14614304199494654, 0.1424914169983822, 0.14325654199637938, 0.1399939999973867, 0.14097154200135265, 0.1301714590008487, 0.12729054100054782, 0.12998849999712547, 0.1270824579987675, 0.13012674999481533]",BS N/2 Comm,False,block2_pauli,N2_eqm
BS_N_Comm,1,-107.58040249722589,0.07371995029664902,False,1.3689356250033597,1,True,False,False,100,7,1e-06,4.661768571168068e-08,0.0,"[-107.64167090173319, -107.5801763599778, -107.58040199768956, -107.58040199768958, -107.5804024506082, -107.5804024506082, -107.58040249722589]","[0.2522525829990627, 0.2938583750001271, 0.12517933399794856, 0.2882833749972633, 0.15490841700375313, 0.09583754200139083, 0.08286641700397013]",BS N Comm,False,block2_pauli,N2_eqm
BS_N_Comm,2,-107.63482679132346,0.019295656199076916,False,0.6719092499988619,2,True,False,False,100,8,1e-06,6.59383658785373e-12,0.0,"[-107.64168537042055, -107.63449278318005, -107.63482475321678, -107.63482475322303, -107.6348291269403, -107.63482912694681, -107.63482679131687, -107.63482679132346]","[0.0954495420010062, 0.08204670799750602, 0.07632979200570844, 0.07725883300008718, 0.0706303749975632, 0.0769910000017262, 0.07034545799979242, 0.07587891699949978]",BS N Comm,False,block2_pauli,N2_eqm
BS_N_Comm,3,-107.64438303174592,0.00973941577662174,False,0.6743413330041221,3,True,False,False,100,8,1e-06,1.7053025658242404e-12,0.0,"[-107.64360882423827, -107.64387455427791, -107.64434957717656, -107.64434957717529, -107.6443793318704, -107.64437933186866, -107.64438303174762, -107.64438303174592]","[0.10230458399746567, 0.07983662499464117, 0.07482958400214557, 0.07846495800185949, 0.07429512499948032, 0.07602287500048988, 0.07107537500269245, 0.07185662499978207]",BS N Comm,False,block2_pauli,N2_eqm
BS_N_Comm,4,-107.64663872783008,0.00748371969245909,False,3.276451834004547,4,True,False,False,100,29,1e-06,3.8408431635161833e-07,0.0,"[-107.64546558387616, -107.64676419370473, -107.64672800057663, -107.64671985714827, -107.64671192865725, -107.64670057057293, -107.64670187834642, -107.64668912689636, -107.64669474034497, -107.64668160869425, -107.64669273120707, -107.64667922699249, -107.64669546470562, -107.64668044163616, -107.64670072591596, -107.64668234787567, -107.64670501496983, -107.64668153451792, -107.64670307443514, -107.64667532915973, -107.64669075238096, -107.6466646423811, -107.64667247736321, -107.64665339622269, -107.64665639820493, -107.64664433574393, -107.6466453638771, -107.64663834374576, -107.64663872783008]","[0.12122229200031143, 0.16501912500098115, 0.11609120800130768, 0.10848949999490287, 0.10002979100681841, 0.19322208299854537, 0.1718715829993016, 0.1630618749986752, 0.14571712500037393, 0.11284354199597146, 0.22784587500063935, 0.11512595899694134, 0.0855423749962938, 0.09798045799834654, 0.10145537499920465, 0.08110537500033388, 0.09036495899636066, 0.08606479199806927, 0.08128462500462774, 0.08804870799940545, 0.09569041700160597, 0.08242229200550355, 0.09057379199657589, 0.08255562499834923, 0.09072133299923735, 0.0828304160022526, 0.08232666600088123, 0.08154287499928614, 0.07990233299642568]",BS N Comm,False,block2_pauli,N2_eqm
BS_N_Comm,5,-107.64817196638083,0.005950481141709929,False,0.9552842920020339,5,True,False,False,100,10,1e-06,8.853362487570848e-10,0.0,"[-107.64714440055201, -107.64838995508039, -107.64817814186938, -107.64834767684331, -107.64821951552557, -107.64823114960899, -107.64818717359415, -107.64818863180642, -107.6481719654955, -107.64817196638083]","[0.11329783400287852, 0.09593533300358104, 0.0900136249983916, 0.09300966600130778, 0.09144691600522492, 0.0927148330010823, 0.08265212499827612, 0.08057358299993211, 0.09248304199718405, 0.08009204200061504]",BS N Comm,False,block2_pauli,N2_eqm
BS_N_Comm,6,-107.65025975617613,0.0038626913464128165,False,0.8942391250020592,6,True,False,False,100,9,1e-06,4.174373486875993e-07,0.0,"[-107.64941408320908, -107.6498642779233, -107.6501352481466, -107.65022408498676, -107.65023302387935, -107.65025409765991, -107.65025569045915, -107.65025933873878, -107.65025975617613]","[0.10917745899496367, 0.09601849999307888, 0.09954475000267848, 0.09137850000115577, 0.10292387500521727, 0.09618041599605931, 0.08733183400181588, 0.08552975000202423, 0.08916179100197041]",BS N Comm,False,block2_pauli,N2_eqm
BS_N_Comm,7,-107.65181172099678,0.0023107265257635845,False,0.7857444580004085,7,True,False,False,100,7,1e-06,7.460667603709226e-07,0.0,"[-107.65108307871228, -107.65163330118193, -107.65176952311714, -107.65178420928117, -107.65180397544489, -107.65181246706354, -107.65181172099678]","[0.1322292090044357, 0.11162008300016169, 0.10027145899948664, 0.09988737499952549, 0.10820004100241931, 0.09951449999789475, 0.09637083399866242]",BS N Comm,False,block2_pauli,N2_eqm
BS_N_Comm,8,-107.65258341296621,0.0015390345563304209,True,0.9156428749993211,8,True,False,False,100,9,1e-06,7.009873570495984e-07,0.0,"[-107.65192321841246, -107.65243756780926, -107.65252179254873, -107.65255465979772, -107.65257579879604, -107.65257834031213, -107.65258163545772, -107.65258271197885, -107.65258341296621]","[0.11175620799622266, 0.09358191700448515, 0.09353308400022797, 0.0945977499941364, 0.09764829200139502, 0.09425641700363485, 0.0973880410019774, 0.09221875000366708, 0.10319179199723294]",BS N Comm,False,block2_pauli,N2_eqm
HCT_N_Comm_Fiedler,1,-107.53329826565667,0.12082418186587063,False,0.9655259159990237,1,True,False,False,100,7,1e-06,7.716550953773549e-09,0.0,"[-107.64167024788333, -107.53310786842466, -107.53330607622108, -107.5332979338312, -107.53329839374419, -107.53329825794012, -107.53329826565667]","[0.12321433299803175, 0.10476220899727196, 0.09049395900365198, 0.2768651250007679, 0.09759520900115604, 0.1240913330038893, 0.0998219590037479]",HCT N Comm,True,block2_pauli,N2_eqm
HCT_N_Comm_Fiedler,2,-107.6231767454193,0.03094570210323866,False,0.6545559590012999,2,True,False,False,100,7,1e-06,2.7036003302782774e-07,0.0,"[-107.64181548567781, -107.61891096190344, -107.6232371254407, -107.62318012795643, -107.62317983411208, -107.62317647505927, -107.6231767454193]","[0.10405229100433644, 0.08212400000047637, 0.076696375006577, 0.08536945899686543, 0.07377716700284509, 0.08073412499652477, 0.09675574999710079]",HCT N Comm,True,block2_pauli,N2_eqm
HCT_N_Comm_Fiedler,3,-107.63893457978845,0.015187867734084648,False,0.8210394999987329,3,True,False,False,100,8,1e-06,7.46734073686639e-07,0.0,"[-107.642286652916, -107.63735001918133, -107.63891352113644, -107.63891379990389, -107.63891747891167, -107.63891921314152, -107.63893383305438, -107.63893457978845]","[0.11975275000440888, 0.08320541599823628, 0.14185079099843279, 0.1327230419992702, 0.08451345799403498, 0.07136929200351005, 0.07081633400230203, 0.06417829199926928]",HCT N Comm,True,block2_pauli,N2_eqm
HCT_N_Comm_Fiedler,4,-107.64321867256305,0.010903774959487578,False,0.6926842920001945,4,True,False,False,100,8,1e-06,1.2317610753598274e-07,0.0,"[-107.64586852714301, -107.64204653834227, -107.64260164553257, -107.64260445750101, -107.64307839792941, -107.64307966523886, -107.64321879573916, -107.64321867256305]","[0.10415937500511063, 0.08056674999534152, 0.07715904100041371, 0.07802441700187046, 0.07917029200325487, 0.07914679199893726, 0.07295316700037802, 0.07849825000448618]",HCT N Comm,True,block2_pauli,N2_eqm
HCT_N_Comm_Fiedler,5,-107.64705944604667,0.007063001475870578,False,0.7918634169982397,5,True,False,False,100,8,1e-06,6.967759702547482e-08,0.0,"[-107.64725505928197, -107.64657377353363, -107.64704840104675, -107.64704871079147, -107.64706082420997, -107.64706076896302, -107.64705951572427, -107.64705944604667]","[0.11370183299732162, 0.09682033399440115, 0.08973824999702629, 0.08868683299806435, 0.08908099999825936, 0.09012183400045615, 0.08880879199568881, 0.08975658300187206]",HCT N Comm,True,block2_pauli,N2_eqm
HCT_N_Comm_Fiedler,6,-107.64898647422946,0.005135973293079132,False,0.7593001249988447,6,True,False,False,100,7,1e-06,3.0372308401638293e-07,0.0,"[-107.64899730503457, -107.64884657990501, -107.64898437327867, -107.64898813291424, -107.64898645230178, -107.64898677795254, -107.64898647422946]","[0.1229614159965422, 0.10640041699662106, 0.09998074999748496, 0.09598737500346033, 0.09498600000370061, 0.10041458300111117, 0.09324362500046846]",HCT N Comm,True,block2_pauli,N2_eqm
HCT_N_Comm_Fiedler,7,-107.65046259094751,0.0036598565750267653,False,1.262806584003556,7,True,False,False,100,8,1e-06,7.412251079585985e-08,0.0,"[-107.65011235085635, -107.65037876192898, -107.65046781671415, -107.65047351573979, -107.65046436025682, -107.65046446679753, -107.65046266507002, -107.65046259094751]","[0.1550054170002113, 0.1261369170024409, 0.13669170800130814, 0.18873883400374325, 0.188496666996798, 0.1565239159972407, 0.12281083299603779, 0.12554187500063563]",HCT N Comm,True,block2_pauli,N2_eqm
HCT_N_Comm_Fiedler,8,-107.65143679266913,0.002685654853408437,False,0.934241375005513,8,True,False,False,100,7,1e-06,7.388971710042824e-07,0.0,"[-107.65062935466096, -107.65105629858576, -107.65141514938489, -107.65143682111282, -107.65143752448213, -107.6514375315663, -107.65143679266913]","[0.2071330830003717, 0.12411966599756852, 0.1273904159970698, 0.127032042000792, 0.11048966600355925, 0.09568062499602092, 0.09401829100534087]",HCT N Comm,True,block2_pauli,N2_eqm
HCT_N_Comm_Fiedler,9,-107.65211205739436,0.002010390128177164,False,1.9432091250055237,9,True,False,False,100,15,1e-06,6.385381823292846e-07,0.0,"[-107.65129995341448, -107.65177010793484, -107.65185542350753, -107.65186106157859, -107.65197289709735, -107.65197923159755, -107.65206665646292, -107.65207305747177, -107.65209691158259, -107.6521007085367, -107.65210613250119, -107.65210834801802, -107.65210998248634, -107.65211141885618, -107.65211205739436]","[0.13970183299534256, 0.12674416699883295, 0.1260627090014168, 0.1245387499948265, 0.12522683299903292, 0.12227433299995027, 0.11999875000037719, 0.11866237500362331, 0.11509229100192897, 0.12209970799449366, 0.13590824999846518, 0.1251493749950896, 0.14557133399648592, 0.12351466700056335, 0.12409612500050571]",HCT N Comm,True,block2_pauli,N2_eqm
HCT_N_Comm_Fiedler,10,-107.65259275209831,0.001529695424224542,True,1.363686749995395,10,True,False,False,100,10,1e-06,5.796569553240261e-07,0.0,"[-107.65193248128853, -107.65231263197222, -107.65252192610907, -107.65253535246347, -107.65257664149982, -107.65257990879861, -107.65258880394259, -107.65259001948942, -107.65259217244136, -107.65259275209831]","[0.14714770799764665, 0.1381362500032992, 0.1252091249989462, 0.13294858299923362, 0.13384512499760604, 0.13405216699902667, 0.12777362500492018, 0.1251786670036381, 0.127947207998659, 0.1246861670006183]",HCT N Comm,True,block2_pauli,N2_eqm
BS_N_Comm_Fiedler,1,-107.57607742954534,0.0780450179772032,False,0.6431512919953093,1,True,False,False,100,7,1e-06,2.866248678401462e-07,0.0,"[-107.64200158474645, -107.57559429623302, -107.57606839863365, -107.57606898041445, -107.5760771453719, -107.57607714292047, -107.57607742954534]","[0.0981087500040303, 0.09213033300329698, 0.08182737499737414, 0.09689658300339943, 0.08716333399934229, 0.078678249999939, 0.07094775000587106]",BS N Comm,True,block2_pauli,N2_eqm
BS_N_Comm_Fiedler,2,-107.63193173586501,0.022190711657529505,False,0.6583436669970979,2,True,False,False,100,7,1e-06,1.851957449616748e-07,0.0,"[-107.64461245373676, -107.63202654196975, -107.6319288307916, -107.63193628014696, -107.63193155643502, -107.63193192106075, -107.63193173586501]","[0.09910775000025751, 0.08859495800425066, 0.08890920799603919, 0.07876912500069011, 0.07985908399859909, 0.0986662079958478, 0.07541066699923249]",BS N Comm,True,block2_pauli,N2_eqm
BS_N_Comm_Fiedler,3,-107.64204118443567,0.012081263086869853,False,0.6625072079987149,3,True,False,False,100,7,1e-06,2.4244492635716597e-07,0.0,"[-107.64827929231171, -107.64205815670991, -107.64209924151652, -107.64205104640575, -107.6420503431031, -107.6420414268806, -107.64204118443567]","[0.09626324999408098, 0.08150691600167193, 0.09549574999982724, 0.07932762500422541, 0.08781825000187382, 0.10843387500062818, 0.07272341699717799]",BS N Comm,True,block2_pauli,N2_eqm
BS_N_Comm_Fiedler,4,-107.64547841428248,0.008644033240059912,False,1.1696649169971352,4,True,False,False,100,12,1e-06,9.500794391215095e-07,0.0,"[-107.64898469344487, -107.64529002716664, -107.64552470840462, -107.64553027910401, -107.64552628917497, -107.64550816484605, -107.64550217120133, -107.64548797298991, -107.64548449364693, -107.64547899993681, -107.64547746420304, -107.64547841428248]","[0.12355658400338143, 0.09543120799935423, 0.09168283300095936, 0.09457999999722233, 0.08867825000197627, 0.09135699999751523, 0.08361637499911012, 0.09572116700292099, 0.09002216599765234, 0.08533833399997093, 0.08905483300623018, 0.09103712499927497]",BS N Comm,True,block2_pauli,N2_eqm
BS_N_Comm_Fiedler,5,-107.64782846291762,0.006293984604923253,False,1.275129375004326,5,True,False,False,100,11,1e-06,3.5786315777386335e-07,0.0,"[-107.64965441862239, -107.6474079660239, -107.64751906253073, -107.64749743317259, -107.64765795772254, -107.64764348255467, -107.64781371447053, -107.64781972438443, -107.64784078644975, -107.64782810505446, -107.64782846291762]","[0.11826845800533192, 0.10116554200067185, 0.10714091599948006, 0.10791004099883139, 0.13745945900154766, 0.12930412499554222, 0.11862141700112261, 0.11285504199622665, 0.10291045800113352, 0.09618804099591216, 0.09820704199955799]",BS N Comm,True,block2_pauli,N2_eqm
BS_N_Comm_Fiedler,6,-107.65007166504083,0.004050782481712645,False,0.9346684589982033,6,True,False,False,100,8,1e-06,3.4678379279284854e-08,0.0,"[-107.65022637942529, -107.64996441584663, -107.65002955840492, -107.65004591121723, -107.650067193278, -107.6500675625505, -107.6500716997192, -107.65007166504083]","[0.12496933300280944, 0.11036250000324799, 0.11485679099860135, 0.11366545900091296, 0.11424770800658735, 0.11298091700155055, 0.10187641700031236, 0.10119449999911012]",BS N Comm,True,block2_pauli,N2_eqm
BS_N_Comm_Fiedler,7,-107.65153639945643,0.0025860480661066276,False,1.7095056670004851,7,True,False,False,100,14,1e-06,7.692988930330102e-07,0.0,"[-107.65091181499793, -107.65142158474285, -107.65140235682551, -107.65147025730266, -107.65148658468918, -107.65149822264087, -107.65151054198387, -107.65151508375607, -107.65152343796186, -107.65152565588949, -107.651531004121, -107.65153227157299, -107.65153563015754, -107.65153639945643]","[0.12435987500066403, 0.12181762499676552, 0.13545275000069523, 0.11827208299655467, 0.12303237499872921, 0.12295208300201921, 0.12991841699840734, 0.11152874999970663, 0.11325512500479817, 0.11052729099901626, 0.11334341600013431, 0.11500625000189757, 0.11185487500188174, 0.11308087500219699]",BS N Comm,True,block2_pauli,N2_eqm
BS_N_Comm_Fiedler,8,-107.65254006419238,0.0015823833301595869,True,0.9002730829961365,8,True,False,False,100,8,1e-06,5.959656448339956e-07,0.0,"[-107.65158999270146, -107.65252254590436, -107.65254367771475, -107.65255234207845, -107.65254614474512, -107.65254433821954, -107.65254066015802, -107.65254006419238]","[0.12359175000165123, 0.10252500000206055, 0.10531283300224459, 0.10404058299900498, 0.10460070899716811, 0.11288008399424143, 0.10804341699986253, 0.09796975000062957]",BS N Comm,True,block2_pauli,N2_eqm
raw_fermionic_su2,1,-147.63216699068232,0.11186844294522302,False,0.10773333399993135,1,True,False,False,100,7,1e-06,0.0,0.0,"[-147.73943503654036, -147.63216699068232, -147.63216699068232, -147.63216699068232, -147.63216699068232, -147.63216699068232, -147.63216699068232]","[0.01369258300110232, 0.014542832999723032, 0.013022083003306761, 0.010527834005188197, 0.014755832999071572, 0.010854457999812439, 0.013107832994137425]",,False,block2_su2,O2_1.2075_sto_3g
raw_fermionic_su2,2,-147.67824787904104,0.06578755458650676,False,0.09852425000281073,2,True,False,False,100,7,1e-06,2.8421709430404007e-13,0.0,"[-147.73945377982514, -147.6782478790414, -147.67824787903996, -147.67824787904033, -147.67824787904107, -147.67824787904132, -147.67824787904104]","[0.019074875002843328, 0.011985249999270309, 0.014450333001150284, 0.013814207995892502, 0.01029825000296114, 0.011466124997241423, 0.009892291003779974]",,False,block2_su2,O2_1.2075_sto_3g
raw_fermionic_su2,3,-147.69669693639315,0.04733849723439221,False,0.1181551660047262,3,True,False,False,100,7,1e-06,1.3232127571427554e-07,0.0,"[-147.73947376173098, -147.69667441922724, -147.6966965900708, -147.69669659007081, -147.69669680407202, -147.69669680407188, -147.69669693639315]","[0.01894449999963399, 0.017853208002634346, 0.01834249999956228, 0.012824167002690956, 0.02070241700130282, 0.0119892919974518, 0.01040883299720008]",,False,block2_su2,O2_1.2075_sto_3g
raw_fermionic_su2,4,-147.7130100648259,0.031025368801635977,False,0.13443404200370423,4,True,False,False,100,7,1e-06,1.1766061902562797e-07,0.0,"[-147.73948851103617, -147.71232713299727, -147.71300930534056, -147.71300931519704, -147.7130099467072, -147.7130099471653, -147.7130100648259]","[0.015747334000479896, 0.026022333004220854, 0.013328917004400864, 0.017825208000431303, 0.019893374999810476, 0.013173042003472801, 0.018385625000519212]",,False,block2_su2,O2_1.2075_sto_3g
raw_fermionic_su2,5,-147.72910286668215,0.014932566945390136,False,0.16248220899433363,5,True,False,False,100,8,1e-06,1.9099388737231493e-11,0.0,"[-147.73948851103617, -147.72830964249496, -147.72909431611518, -147.72909432011602, -147.72909434233563, -147.72909434234475, -147.72910286666306, -147.72910286668215]","[0.015889832997345366, 0.019525124997016974, 0.017296458994678687, 0.01752979199955007, 0.02041674999782117, 0.014565584002411924, 0.012203167003463022, 0.034130332998756785]",,False,block2_su2,O2_1.2075_sto_3g
raw_fermionic_su2,6,-147.7328047346841,0.01123069894345008,False,0.14868837500398513,6,True,False,False,100,7,1e-06,8.498196280015691e-08,0.0,"[-147.73948851103617, -147.73246737018755, -147.73280073303425, -147.7328007328066, -147.7328046497369, -147.73280464970213, -147.7328047346841]","[0.025822750001680106, 0.017957249998289626, 0.024297707997902762, 0.019132834000629373, 0.0167836670007091, 0.01606520899804309, 0.02098291699803667]",,False,block2_su2,O2_1.2075_sto_3g
raw_fermionic_su2,7,-147.7362409382751,0.0077944953524422544,False,0.1600380420059082,7,True,False,False,100,7,1e-06,1.4371539691637736e-07,0.0,"[-147.73948851103617, -147.73604660828124, -147.7362274517746, -147.7362274742481, -147.73624079457514, -147.7362407945597, -147.7362409382751]","[0.029389082999841776, 0.015198499997495674, 0.0207010000012815, 0.021460292002302594, 0.030153790998156182, 0.022500667000713293, 0.012797833995136898]",,False,block2_su2,O2_1.2075_sto_3g
raw_fermionic_su2,8,-147.73858243051527,0.005453003112279475,False,0.12598091600375483,8,True,False,False,100,7,1e-06,1.0429042163195845e-07,0.0,"[-147.73948910952032, -147.73853588582637, -147.7385798283362, -147.73857984753258, -147.73858232614634, -147.73858232622484, -147.73858243051527]","[0.016925500000070315, 0.014876749999530148, 0.01894654200441437, 0.025230999999621417, 0.014364832997671328, 0.0156654169986723, 0.0134089999992284]",,False,block2_su2,O2_1.2075_sto_3g
raw_fermionic_su2,9,-147.73952014366705,0.004515289960494329,False,0.10456900000281166,9,True,False,False,100,7,1e-06,7.870221452321857e-08,0.0,"[-147.7395039909322, -147.7395012293843, -147.73951992178365, -147.7395198926421, -147.73952006826525, -147.73952006496484, -147.73952014366705]","[0.015557166996586602, 0.014473417002591304, 0.01416504100052407, 0.013799000000290107, 0.013528333998692688, 0.013542042004701216, 0.013048958004219458]",,False,block2_su2,O2_1.2075_sto_3g
raw_fermionic_su2,10,-147.73952312670113,0.004512306926415022,False,0.130024375001085,10,True,False,False,100,7,1e-06,6.366462912410498e-12,0.0,"[-147.73952260736812, -147.73952311788779, -147.73952311808773, -147.73952312662206, -147.73952312661538, -147.7395231267075, -147.73952312670113]","[0.0201418750002631, 0.01487191699561663, 0.01584091599943349, 0.015564333996735513, 0.02105650000157766, 0.01785537500109058, 0.015066917003423441]",,False,block2_su2,O2_1.2075_sto_3g
raw_fermionic_su2,12,-147.74020499750247,0.0038304361250709462,False,0.1369705420001992,12,True,False,False,100,7,1e-06,1.0035029163191211e-07,0.0,"[-147.7395234097079, -147.73952341139156, -147.7395234901832, -147.7398801238782, -147.74019866600315, -147.74020489715218, -147.74020499750247]","[0.018382166002993472, 0.016679292006301694, 0.024196582999138627, 0.018601333002152387, 0.01775333300611237, 0.018390249999356456, 0.015464791002159473]",,False,block2_su2,O2_1.2075_sto_3g
raw_fermionic_su2,14,-147.74378616872127,0.0002492649062730834,True,0.13277937499515247,14,True,False,False,100,7,1e-06,2.9929157108199433e-07,0.0,"[-147.73952344601722, -147.74340308797724, -147.7434051624965, -147.74368715001222, -147.74376044031328, -147.7437858694297, -147.74378616872127]","[0.018339166999794543, 0.019454417000815738, 0.018571916996734217, 0.018114833001163788, 0.017650375004450325, 0.017457041001762263, 0.016201708996959496]",,False,block2_su2,O2_1.2075_sto_3g
raw_qubit,1,-147.63216699068244,0.11186844294510934,False,0.6220602090033935,1,True,False,False,100,7,1e-06,0.0,0.0,"[-147.73940182803625, -147.63216699068244, -147.63216699068244, -147.63216699068244, -147.63216699068244, -147.63216699068244, -147.63216699068244]","[0.10464074999617878, 0.10272516699478729, 0.10070324999833247, 0.08119704200362321, 0.07832954200421227, 0.06701666600565659, 0.05981262500426965]",,False,block2_pauli,O2_1.2075_sto_3g
raw_qubit,2,-147.67811665230593,0.06591878132161355,False,0.4666113330022199,2,True,False,False,100,7,1e-06,0.0,0.0,"[-147.73940182805944, -147.67811665230596, -147.67811665230593, -147.67811665230593, -147.67811665230593, -147.67811665230593, -147.67811665230593]","[0.09867762499925448, 0.07785083400085568, 0.047738791996380314, 0.050000916999124456, 0.048517292001633905, 0.06671683399326866, 0.04504237500077579]",,False,block2_pauli,O2_1.2075_sto_3g
raw_qubit,3,-147.69201840380967,0.05201702981787548,False,0.40172366600017995,3,True,False,False,100,7,1e-06,2.842170943040401e-14,0.0,"[-147.73940182805944, -147.69201840372733, -147.6920184038096, -147.69201840380967, -147.6920184038097, -147.6920184038097, -147.69201840380967]","[0.07324854200123809, 0.04756191699561896, 0.04718824999872595, 0.06374749999667984, 0.04828254099993501, 0.04927970800054027, 0.044094666998717]",,False,block2_pauli,O2_1.2075_sto_3g
raw_qubit,4,-147.70378725732607,0.040248176301474814,False,0.43176712499553105,4,True,False,False,100,7,1e-06,2.842170943040401e-14,0.0,"[-147.73940182818473, -147.70378722750894, -147.7037872573261, -147.7037872573261, -147.7037872573261, -147.7037872573261, -147.70378725732607]","[0.06720687499910127, 0.08169391599949449, 0.05176979099633172, 0.04795404200558551, 0.04863508299604291, 0.059906250004132744, 0.04764341699774377]",,False,block2_pauli,O2_1.2075_sto_3g
raw_qubit,5,-147.72198390046464,0.022051533162908754,False,0.5474194579946925,5,True,False,False,100,7,1e-06,1.0064695743494667e-09,0.0,"[-147.739427245019, -147.7214495029072, -147.72197725413577, -147.72198386891188, -147.7219839292066, -147.7219839014711, -147.72198390046464]","[0.07073970799683593, 0.06674287499481579, 0.06511512500583194, 0.15275275000021793, 0.05696724999870639, 0.05346487500355579, 0.05364112499955809]",,False,block2_pauli,O2_1.2075_sto_3g
raw_qubit,6,-147.72977358715173,0.01426184647581863,False,0.5091333749951445,6,True,False,False,100,7,1e-06,3.940186843465199e-08,0.0,"[-147.73947212996367, -147.7289260149244, -147.7297637719063, -147.72977153027705, -147.72977363533045, -147.72977354774986, -147.72977358715173]","[0.08529129200178431, 0.06192449999798555, 0.05657237499690382, 0.06265374999929918, 0.0646960840022075, 0.08017312499578111, 0.07266283399803797]",,False,block2_pauli,O2_1.2075_sto_3g
raw_qubit,7,-147.735812097271,0.008223336356536493,False,0.4944382920002681,7,True,False,False,100,7,1e-06,9.657867394707864e-09,0.0,"[-147.7395175726409, -147.73512311391383, -147.73580399506068, -147.7358121180465, -147.73581209474472, -147.73581208761314, -147.735812097271]","[0.074373834002472, 0.06663254199520452, 0.06182504200114636, 0.07060308299696771, 0.06143570900167106, 0.06540975000098115, 0.06839104200480506]",,False,block2_pauli,O2_1.2075_sto_3g
raw_qubit,8,-147.73774916323623,0.0062862703913140194,False,0.6411934580028174,8,True,False,False,100,7,1e-06,1.0815426776389359e-08,0.0,"[-147.73952252737354, -147.73774200026844, -147.73774854353059, -147.7377493857867, -147.7377491539451, -147.73774917405166, -147.73774916323623]","[0.07181166699592723, 0.06420754099963233, 0.0673893329949351, 0.1950355830049375, 0.06822025000292342, 0.06959520900272764, 0.07117220900545362]",,False,block2_pauli,O2_1.2075_sto_3g
raw_qubit,9,-147.7392198684549,0.004815565172634706,False,0.5371177079941845,9,True,False,False,100,7,1e-06,1.4650396451543202e-08,0.0,"[-147.7395225946143, -147.73923180045287, -147.7392198461407, -147.7392203475414, -147.73921986029112, -147.7392198831053, -147.7392198684549]","[0.09723891600151546, 0.06930712499888614, 0.075512625000556, 0.0776934590030578, 0.06486237500212155, 0.06545104100223398, 0.060878915995999705]",,False,block2_pauli,O2_1.2075_sto_3g
raw_qubit,10,-147.73938737850523,0.004648055122316919,False,0.5259922500044922,10,True,False,False,100,7,1e-06,2.45378828367393e-09,0.0,"[-147.73952312160117, -147.73938683301586, -147.73938739717286, -147.73938741814283, -147.73938738815974, -147.73938738095902, -147.73938737850523]","[0.07416387499688426, 0.07318429199949605, 0.07067391699820291, 0.07890212499478366, 0.06869762499991339, 0.06741016700107139, 0.06708583400177304]",,False,block2_pauli,O2_1.2075_sto_3g
raw_qubit,12,-147.73944198577567,0.004593447851874544,False,0.583522749999247,12,True,False,False,100,7,1e-06,8.795382200332824e-10,0.0,"[-147.73952312228133, -147.73944538006293, -147.7394465528044, -147.73944198377328, -147.73944198387306, -147.73944198489613, -147.73944198577567]","[0.09215004099678481, 0.07256033299927367, 0.09027837499888847, 0.08240445800038287, 0.08421483400161378, 0.06908612499682931, 0.06762674999481533]",,False,block2_pauli,O2_1.2075_sto_3g
raw_qubit,14,-147.7395164692395,0.004518964388040558,False,0.7292007080031908,14,True,False,False,100,8,1e-06,3.2728706855778e-08,0.0,"[-147.73952312228133, -147.73952186191246, -147.73954159892696, -147.73951631680887, -147.7395207989068, -147.73952082056846, -147.7395165019682, -147.7395164692395]","[0.07902691600611433, 0.08774462499422953, 0.0849082909990102, 0.08177200000500306, 0.10858162499789614, 0.08500145799916936, 0.09462120800162666, 0.0805861660046503]",,False,block2_pauli,O2_1.2075_sto_3g
raw_qubit,16,-147.74366820721457,0.00036722641297615155,True,0.9482229159984854,16,True,False,False,100,10,1e-06,4.344352362295467e-07,0.0,"[-147.73952312394255, -147.73952345903245, -147.73963225447991, -147.73990165171938, -147.74354469989186, -147.74367105554978, -147.74369102423333, -147.7436923715162, -147.7436686416498, -147.74366820721457]","[0.08411004200024763, 0.08009058400057256, 0.09271408399945358, 0.09533987500617513, 0.1110582500041346, 0.10171291699953144, 0.09510095799487317, 0.09046758300246438, 0.08634712499770103, 0.084969125004136]",,False,block2_pauli,O2_1.2075_sto_3g
seniority_Nover2,1,-147.63216699068244,0.11186844294510934,False,0.5557597499937401,1,True,False,False,100,7,1e-06,0.0,0.0,"[-147.73940181764567, -147.63216699068244, -147.63216699068244, -147.63216699068244, -147.63216699068244, -147.63216699068244, -147.63216699068244]","[0.08422000000427943, 0.06918679100635927, 0.05807250000361819, 0.07330437500058906, 0.07901695799955633, 0.08182950000627898, 0.06404812500113621]",Seniority N/2,False,block2_pauli,O2_1.2075_sto_3g
seniority_Nover2,2,-147.67824787904124,0.0657875545863078,False,0.5300172920033219,2,True,False,False,100,7,1e-06,1.9895196601282805e-13,0.0,"[-147.73940215911878, -147.67824648498194, -147.67824787904118, -147.67824787904146, -147.67824787904112, -147.67824787904144, -147.67824787904124]","[0.11226333300146507, 0.06899999999586726, 0.07383179099997506, 0.06281100000342121, 0.05255074999877252, 0.052982374996645376, 0.05155541700514732]",Seniority N/2,False,block2_pauli,O2_1.2075_sto_3g
seniority_Nover2,3,-147.69609929577237,0.047936137855174366,False,0.42960687500453787,3,True,False,False,100,7,1e-06,8.992913080874132e-10,0.0,"[-147.73940216107994, -147.69604605399383, -147.6960992753692, -147.69609927536914, -147.6960992966717, -147.69609929667166, -147.69609929577237]","[0.08200650000071619, 0.052971750003052875, 0.053694917005486786, 0.04947570899821585, 0.05048404200351797, 0.04935549999936484, 0.05543724999733968]",Seniority N/2,False,block2_pauli,O2_1.2075_sto_3g
seniority_Nover2,4,-147.70416936886937,0.039866064758172115,False,0.47403845799999544,4,True,False,False,100,7,1e-06,6.252776074688882e-13,0.0,"[-147.7394029676892, -147.70338730574235, -147.7041693641193, -147.70416936412326, -147.70416936886932, -147.70416936886875, -147.70416936886937]","[0.08415737500035902, 0.05478945799404755, 0.06430354099575197, 0.06344291699497262, 0.057905208006559405, 0.06372891700448235, 0.05033845799334813]",Seniority N/2,False,block2_pauli,O2_1.2075_sto_3g
seniority_Nover2,5,-147.7203406867127,0.02369474691485607,False,0.5181260000026668,5,True,False,False,100,7,1e-06,6.963318810448982e-12,0.0,"[-147.73941652951711, -147.71968043284807, -147.72031516042247, -147.72034101583426, -147.7203410426158, -147.72034068671965, -147.7203406867127]","[0.08856733299762709, 0.05909766699915053, 0.056449125004292, 0.07325679199857404, 0.06242179199762177, 0.07304262500110781, 0.06940283299627481]",Seniority N/2,False,block2_pauli,O2_1.2075_sto_3g
seniority_Nover2,6,-147.7293011541925,0.01473427943503225,False,0.5756577089996426,6,True,False,False,100,7,1e-06,1.3507312246474612e-07,0.0,"[-147.73941652953357, -147.72884293421635, -147.72925397914074, -147.7292985158429, -147.72930366938624, -147.7293010191194, -147.7293011541925]","[0.10585570900002494, 0.0734465839996119, 0.06791808300476987, 0.06931383300252492, 0.06554712499928428, 0.07704729200486327, 0.06418395799846621]",Seniority N/2,False,block2_pauli,O2_1.2075_sto_3g
seniority_Nover2,7,-147.73397224263567,0.010063190991871807,False,0.6471756669998285,7,True,False,False,100,7,1e-06,8.66774030328088e-08,0.0,"[-147.7394165467666, -147.73387713191727, -147.73396977216706, -147.73397401355095, -147.73397209893204, -147.73397215595827, -147.73397224263567]","[0.10706529099843465, 0.07563183399906848, 0.073545416998968, 0.07604883399471873, 0.07078779199946439, 0.0764335839994601, 0.1312328339990927]",Seniority N/2,False,block2_pauli,O2_1.2075_sto_3g
seniority_Nover2,8,-147.73612107223187,0.00791436139567736,False,1.228670416996465,8,True,False,False,100,7,1e-06,7.943228297335736e-08,0.0,"[-147.73941654683466, -147.73601083694035, -147.7361191634725, -147.73611923078454, -147.7361209871952, -147.73612099279958, -147.73612107223187]","[0.12286254200444091, 0.08213862500269897, 0.07480554199719336, 0.41316920799727086, 0.28640666600404074, 0.08789175000129035, 0.08472995899501257]",Seniority N/2,False,block2_pauli,O2_1.2075_sto_3g
seniority_Nover2,9,-147.73761809377302,0.006417339854522197,False,0.7465745410008822,9,True,False,False,100,7,1e-06,3.0647328230770654e-08,0.0,"[-147.73942000470504, -147.73744918374686, -147.73752189613654, -147.73752399854854, -147.73752533641368, -147.7376180631257, -147.73761809377302]","[0.12232487500295974, 0.12493354100297438, 0.10450304199912352, 0.09692754199932097, 0.08645129099750193, 0.09114687499823049, 0.08052529099950334]",Seniority N/2,False,block2_pauli,O2_1.2075_sto_3g
seniority_Nover2,10,-147.7407134035156,0.003322030111945651,False,0.7410900830000173,10,True,False,False,100,8,1e-06,2.0345964912849013e-09,0.0,"[-147.7394371738652, -147.74062198092793, -147.7406985648805, -147.74069941509657, -147.74070145687608, -147.7407014573841, -147.740713401481, -147.7407134035156]","[0.11907833399891388, 0.08785462499508867, 0.08626970799377887, 0.08779083399713272, 0.0817180840022047, 0.07885595800325973, 0.07702691600570688, 0.0857296670001233]",Seniority N/2,False,block2_pauli,O2_1.2075_sto_3g
seniority_Nover2,12,-147.7394959025757,0.004539531051847234,False,0.8873299580009189,12,True,False,False,100,7,1e-06,2.5920599000528455e-11,0.0,"[-147.73948927654837, -147.73950187755764, -147.73949589016215, -147.73949590240343, -147.73949590257394, -147.73949590260162, -147.7394959025757]","[0.13038379199861083, 0.09227487500174902, 0.09580920799635351, 0.08779499999945983, 0.23425824999867473, 0.11641724999935832, 0.09303037499921629]",Seniority N/2,False,block2_pauli,O2_1.2075_sto_3g
seniority_Nover2,14,-147.74244470216564,0.0015907314619028057,True,0.8367626249964815,14,True,False,False,100,7,1e-06,8.810729923425242e-13,0.0,"[-147.7395137668891, -147.74244315606575, -147.74244405981432, -147.74244470217963, -147.74244470223346, -147.74244470216476, -147.74244470216564]","[0.15073424999718554, 0.11506220800220035, 0.11847041599685326, 0.102993417000107, 0.10485633299686015, 0.10438979100581491, 0.10200020800402854]",Seniority N/2,False,block2_pauli,O2_1.2075_sto_3g
HCT_Nover2_Comm,1,-147.6321967310255,0.11183870260205708,False,0.7471819580023293,1,True,False,False,100,7,1e-06,2.842170943040401e-14,0.0,"[-147.7394053908164, -147.63219666582825, -147.63219673102546, -147.63219673102546, -147.6321967310255, -147.63219673102546, -147.6321967310255]","[0.07331154200073797, 0.13545154199528042, 0.21152941699983785, 0.07468974999937927, 0.07877787500183331, 0.06585537500359351, 0.064658707997296]",HCT N/2 Comm,False,block2_pauli,O2_1.2075_sto_3g
HCT_Nover2_Comm,2,-147.67815219470083,0.0658832389267161,False,0.49812945799931185,2,True,False,False,100,7,1e-06,8.526512829121202e-14,0.0,"[-147.73942853428764, -147.6781515599355, -147.6781522297805, -147.6781521947162, -147.6781521947165, -147.6781521947009, -147.67815219470083]","[0.08013245800248114, 0.06766858399350895, 0.06647779099876061, 0.06786833300429862, 0.0569942500005709, 0.05697120800323319, 0.05833037499542115]",HCT N/2 Comm,False,block2_pauli,O2_1.2075_sto_3g
HCT_Nover2_Comm,3,-147.70848059077028,0.03555484285726607,False,0.714654082999914,3,True,False,False,100,7,1e-06,4.7854769036348443e-08,0.0,"[-147.7394390343135, -147.70561948321404, -147.70835768519706, -147.70833664201723, -147.70844937821693, -147.70848063862505, -147.70848059077028]","[0.33304908399441047, 0.06160224999621278, 0.05927016700297827, 0.05715679199784063, 0.05433995900239097, 0.05350179100059904, 0.04984945800242713]",HCT N/2 Comm,False,block2_pauli,O2_1.2075_sto_3g
HCT_Nover2_Comm,4,-147.730843288179,0.013192145448556403,False,0.526116875000298,4,True,False,False,100,7,1e-06,2.574722657300299e-10,0.0,"[-147.73953374422388, -147.72878691813509, -147.73084177275678, -147.73084177275473, -147.73084328843666, -147.73084328843646, -147.730843288179]","[0.08256379199883668, 0.062172833997465204, 0.0731941660051234, 0.0618307500044466, 0.06362179199641105, 0.08076683399849571, 0.05831837499863468]",HCT N/2 Comm,False,block2_pauli,O2_1.2075_sto_3g
HCT_Nover2_Comm,5,-147.73516877930533,0.008866654322218892,False,0.565012791994377,5,True,False,False,100,7,1e-06,1.1211048445147753e-07,0.0,"[-147.73953477182127, -147.73333051869585, -147.7351647824443, -147.7351647824443, -147.73516866719498, -147.73516866719484, -147.73516877930533]","[0.08851554200373357, 0.07283908299723407, 0.08017616699362407, 0.07282262500666548, 0.06862379200174473, 0.07476758299890207, 0.06581237500358839]",HCT N/2 Comm,False,block2_pauli,O2_1.2075_sto_3g
HCT_Nover2_Comm,6,-147.73848650276793,0.00554893085961794,False,0.6217368750003516,6,True,False,False,100,7,1e-06,1.4967127981435624e-08,0.0,"[-147.739862546543, -147.73802101366763, -147.73848477276826, -147.73848477276817, -147.7384864878007, -147.7384864878008, -147.73848650276793]","[0.08529891700163716, 0.0792713749979157, 0.08208079099858878, 0.08485291699616937, 0.09430124999926193, 0.08055329199851258, 0.08194495899806498]",HCT N/2 Comm,False,block2_pauli,O2_1.2075_sto_3g
HCT_Nover2_Comm,7,-147.7392283395048,0.004807094122753597,False,0.6343862080029794,7,True,False,False,100,7,1e-06,1.805233296181541e-08,0.0,"[-147.74018988882287, -147.73897445092103, -147.73922785553287, -147.7392278555278, -147.73922832145772, -147.73922832145246, -147.7392283395048]","[0.08828720799647272, 0.0797356250041048, 0.08057854099752149, 0.0873929999943357, 0.08250879100523889, 0.10372916600317694, 0.07818129200313706]",HCT N/2 Comm,False,block2_pauli,O2_1.2075_sto_3g
HCT_Nover2_Comm,8,-147.74106641150135,0.0029690221261944316,False,0.6278099169940106,8,True,False,False,100,7,1e-06,1.5366239836112072e-07,0.0,"[-147.74045525861698, -147.7410131624512, -147.74106249821676, -147.7410670331732, -147.74106647606013, -147.74106656516375, -147.74106641150135]","[0.09047683399694506, 0.08514429200295126, 0.08023795900226105, 0.0761203750007553, 0.08598233299562708, 0.08091483300086111, 0.0832132499999716]",HCT N/2 Comm,False,block2_pauli,O2_1.2075_sto_3g
HCT_Nover2_Comm,9,-147.74183665088438,0.002198782743164429,False,0.6862743750025402,9,True,False,False,100,7,1e-06,2.042179403360933e-08,0.0,"[-147.74175874961196, -147.74242204273952, -147.7418363113737, -147.74183631137373, -147.74183663046276, -147.7418366304626, -147.74183665088438]","[0.10076187500089873, 0.08851458300341619, 0.08646354100346798, 0.08412979200511472, 0.08511216699844226, 0.10523391699825879, 0.10146979200362694]",HCT N/2 Comm,False,block2_pauli,O2_1.2075_sto_3g
HCT_Nover2_Comm,10,-147.74323149482083,0.0008039388067118125,True,0.7248100840006373,10,True,False,False,100,7,1e-06,2.1860017795916065e-08,0.0,"[-147.74300835501293, -147.74310880191857, -147.74323060425593, -147.74323086379076, -147.74323145657468, -147.74323147296082, -147.74323149482083]","[0.12289716600207612, 0.1041842920021736, 0.09927887500089128, 0.09584762500162469, 0.09226258299895562, 0.0907916659998591, 0.08405083400430158]",HCT N/2 Comm,False,block2_pauli,O2_1.2075_sto_3g
HCT_N_Comm,1,-147.71454563834007,0.029489795287474863,False,0.7444021249975776,1,True,False,False,100,7,1e-06,1.5509726836171467e-10,0.0,"[-147.7399957465335, -147.714557085524, -147.71455760287168, -147.7145459927423, -147.71454599273255, -147.71454563818497, -147.71454563834007]","[0.24884633399778977, 0.07551937500102213, 0.06354316599754384, 0.07331445800082292, 0.09279275000153575, 0.06871633300033864, 0.07565337500273017]",HCT N Comm,False,block2_pauli,O2_1.2075_sto_3g
HCT_N_Comm,2,-147.73575805479408,0.008277378833469129,False,0.7986594999965746,2,True,False,False,100,12,1e-06,1.8262292655890633e-07,0.0,"[-147.74143564536044, -147.73553190785114, -147.73558891981406, -147.73564271137815, -147.73567890927427, -147.73569631401284, -147.73573631848146, -147.7357426010368, -147.73575484459144, -147.735756495662, -147.73575787217115, -147.73575805479408]","[0.07621037500211969, 0.06582787499792175, 0.05813391599804163, 0.06691095800488256, 0.06828470899927197, 0.06312549999711337, 0.05388041699916357, 0.055675999996310566, 0.05589933299779659, 0.07047591699665645, 0.05894941700535128, 0.05981841700122459]",HCT N Comm,False,block2_pauli,O2_1.2075_sto_3g
HCT_N_Comm,3,-147.74089409056637,0.0031413430611735293,False,0.8644038340062252,3,True,False,False,100,13,1e-06,6.637262686126633e-07,0.0,"[-147.74242500333102, -147.7397407647287, -147.7401597379527, -147.74046062095996, -147.74084353081187, -147.7408687584034, -147.74087849053814, -147.74088569812957, -147.74088822427962, -147.74089097077547, -147.74089225595185, -147.7408934268401, -147.74089409056637]","[0.07534354200470261, 0.0709008330013603, 0.06230445799883455, 0.060512957999890205, 0.06052733400429133, 0.06921225000405684, 0.05928933300310746, 0.06312920799973654, 0.0753480830026092, 0.060009957996953744, 0.05812425000476651, 0.0606610000031651, 0.055052125004294794]",HCT N Comm,False,block2_pauli,O2_1.2075_sto_3g
HCT_N_Comm,4,-147.74236540199868,0.0016700316288620343,False,0.5717789999980596,4,True,False,False,100,8,1e-06,3.1217464879773615e-07,0.0,"[-147.74371465863754, -147.74238130334564, -147.74236185322687, -147.7423677010044, -147.7423650010637, -147.7423663563069, -147.74236508982403, -147.74236540199868]","[0.07131512500200188, 0.07174908399611013, 0.06639350000477862, 0.06346379200113006, 0.06158720899838954, 0.06279033399914624, 0.058881165998172946, 0.08642258300096728]",HCT N Comm,False,block2_pauli,O2_1.2075_sto_3g
HCT_N_Comm,5,-147.74380914508365,0.00022628854389949993,True,0.5159818329993868,5,True,False,False,100,7,1e-06,1.024218931888754e-08,0.0,"[-147.7438142473933, -147.74380934352547, -147.7438092347493, -147.74380923032808, -147.74380916174826, -147.74380915532583, -147.74380914508365]","[0.07495254200330237, 0.0677242079982534, 0.06818445800308837, 0.0671820409988868, 0.06682020900188945, 0.06716245799907483, 0.07090195799537469]",HCT N Comm,False,block2_pauli,O2_1.2075_sto_3g
Pauli_BLISS+HCT_N_Comm,1,-147.69260432810435,0.051431105523192855,False,0.6902771669992944,1,True,False,False,100,7,1e-06,2.842170943040401e-14,0.0,"[-147.73940548656407, -147.69260415646983, -147.69260432810435, -147.69260432810435, -147.69260432810432, -147.69260432810432, -147.69260432810435]","[0.1335562079984811, 0.08081995799875585, 0.08420933400338981, 0.08773875000042608, 0.08690183400176466, 0.08059608400071738, 0.07652395799959777]",Pauli BLISS+HCT N Comm,False,block2_pauli,O2_1.2075_sto_3g
Pauli_BLISS+HCT_N_Comm,2,-147.732902421061,0.011133012566546086,False,0.8438513750006678,2,True,False,False,100,7,1e-06,8.09649236543919e-10,0.0,"[-147.73940961029854, -147.73290565429963, -147.73290467105997, -147.73290265908577, -147.73290260623423, -147.73290242187065, -147.732902421061]","[0.20603058300184784, 0.09508412500144914, 0.12110208399826661, 0.08348241700150538, 0.09577449999778764, 0.08443545800400898, 0.08926966699800687]",Pauli BLISS+HCT N Comm,False,block2_pauli,O2_1.2075_sto_3g
Pauli_BLISS+HCT_N_Comm,3,-147.73751965473446,0.006515778893088964,False,1.3564899999983027,3,True,False,False,100,7,1e-06,6.320419743133243e-10,0.0,"[-147.7403818931492, -147.73739558854948, -147.73752140112055, -147.73751968444589, -147.73751967663617, -147.7375196553665, -147.73751965473446]","[0.24052208299690392, 0.11297975000343286, 0.1618238340015523, 0.10742683300486533, 0.31364620899694273, 0.24471395800355822, 0.10599399999773595]",Pauli BLISS+HCT N Comm,False,block2_pauli,O2_1.2075_sto_3g
Pauli_BLISS+HCT_N_Comm,4,-147.74023545793276,0.0037999756947897367,False,1.1355165420027333,4,True,False,False,100,7,1e-06,5.497884671967768e-07,0.0,"[-147.74153208297128, -147.74014552339335, -147.74023952306422, -147.74023885890415, -147.74023622363086, -147.74023600772122, -147.74023545793276]","[0.227441250004631, 0.13141370799712604, 0.13314716699824203, 0.194720542000141, 0.1220083749940386, 0.1365324159996817, 0.11328708400105825]",Pauli BLISS+HCT N Comm,False,block2_pauli,O2_1.2075_sto_3g
Pauli_BLISS+HCT_N_Comm,5,-147.74202760281852,0.002007830809020561,False,1.2797886670014123,5,True,False,False,100,7,1e-06,8.46424370593013e-07,0.0,"[-147.74222127435473, -147.74198412562728, -147.74206335640633, -147.7420616872649, -147.74202808120822, -147.7420284492429, -147.74202760281852]","[0.25318783299735514, 0.16789691599842627, 0.16920354200556176, 0.1583868750021793, 0.16147916699992493, 0.1582931250013644, 0.1491173329995945]",Pauli BLISS+HCT N Comm,False,block2_pauli,O2_1.2075_sto_3g
Pauli_BLISS+HCT_N_Comm,6,-147.74335890050565,0.0006765331218900883,True,1.562595750001492,6,True,False,False,100,8,1e-06,4.7403119651789893e-08,0.0,"[-147.7434978815523, -147.74346281083766, -147.7434109324135, -147.74341120591643, -147.74338030485012, -147.74338024893257, -147.74335894790877, -147.74335890050565]","[0.25984591700398596, 0.19033887500700075, 0.17751829200278735, 0.18005670799902873, 0.1761581250029849, 0.21309695800300688, 0.15403225000045495, 0.15091583299363265]",Pauli BLISS+HCT N Comm,False,block2_pauli,O2_1.2075_sto_3g
BS_Nover2_Comm,1,-147.63633538355475,0.10770005007279337,False,0.6776509579940466,1,True,False,False,100,7,1e-06,1.4210854715202004e-13,0.0,"[-147.73941371653643, -147.6361927553661, -147.636335383197, -147.63633538319732, -147.6363353835546, -147.6363353835546, -147.63633538355475]","[0.14980579200346256, 0.0877625419961987, 0.08390633299859473, 0.08251900000323076, 0.07208091699430952, 0.07781987499765819, 0.06414283299818635]",BS N/2 Comm,False,block2_pauli,O2_1.2075_sto_3g
BS_Nover2_Comm,2,-147.68287039556895,0.06116503805858997,False,0.5218362910018186,2,True,False,False,100,7,1e-06,1.6854073692229576e-11,0.0,"[-147.73945009377218, -147.6828659909038, -147.68286838888167, -147.68287034809717, -147.68287039315106, -147.6828703955858, -147.68287039556895]","[0.09637870799633674, 0.06337216700194404, 0.0596241250023013, 0.0633506669983035, 0.06438095900375629, 0.07312958399415947, 0.06398004199581919]",BS N/2 Comm,False,block2_pauli,O2_1.2075_sto_3g
BS_Nover2_Comm,3,-147.6974994632159,0.04653597041163948,False,0.5678055829994264,3,True,False,False,100,7,1e-06,8.108318638733181e-08,0.0,"[-147.73946892715438, -147.69710618961778, -147.6974491805772, -147.69749159583404, -147.6974981600186, -147.69749938213272, -147.6974994632159]","[0.09546879200206604, 0.077683083996817, 0.06811012500111246, 0.06695604100241326, 0.06814649999432731, 0.07025366599555127, 0.07589066700165858]",BS N/2 Comm,False,block2_pauli,O2_1.2075_sto_3g
BS_Nover2_Comm,4,-147.71469148303794,0.029343950589606038,False,0.6086553750064922,4,True,False,False,100,7,1e-06,1.0265543437526503e-07,0.0,"[-147.73948521092467, -147.71435797803338, -147.71466290160862, -147.7146861819317, -147.71468908404353, -147.7146913803825, -147.71469148303794]","[0.09294924999994691, 0.08695458400325151, 0.07082054200145649, 0.07726112500677118, 0.08039000000280794, 0.07344783300504787, 0.08584141699975589]",BS N/2 Comm,False,block2_pauli,O2_1.2075_sto_3g
BS_Nover2_Comm,5,-147.72495219264334,0.019083240984201666,False,0.6600218750027125,5,True,False,False,100,7,1e-06,1.1900169738510158e-10,0.0,"[-147.73949332242165, -147.7248153646554, -147.72480938257422, -147.7249455966784, -147.72494585418957, -147.72495219276234, -147.72495219264334]","[0.10802220799814677, 0.09037079200061271, 0.08245575000182725, 0.0831892499991227, 0.0802384999988135, 0.09572916699835332, 0.0762801250020857]",BS N/2 Comm,False,block2_pauli,O2_1.2075_sto_3g
BS_Nover2_Comm,6,-147.73243636343716,0.011599070190385419,False,0.6819616249995306,6,True,False,False,100,7,1e-06,1.59077217176673e-07,0.0,"[-147.73957090590488, -147.73272577515198, -147.7323280489669, -147.73244943758408, -147.7324350419271, -147.73243652251438, -147.73243636343716]","[0.10709837499598507, 0.09116600000561448, 0.09091762499883771, 0.09210387500206707, 0.08246495900675654, 0.09708420800598105, 0.08116933299606899]",BS N/2 Comm,False,block2_pauli,O2_1.2075_sto_3g
BS_Nover2_Comm,7,-147.7390411845947,0.00499424903284762,False,0.742765374998271,7,True,False,False,100,7,1e-06,2.3372024315904127e-09,0.0,"[-147.7396533712829, -147.73903637908725, -147.7390391898057, -147.73904130623367, -147.73904115826403, -147.7390411822575, -147.7390411845947]","[0.15366199999698438, 0.09652195800299523, 0.09924491599667817, 0.09098916700168047, 0.08605362499656621, 0.09611554200091632, 0.08302929199999198]",BS N/2 Comm,False,block2_pauli,O2_1.2075_sto_3g
BS_Nover2_Comm,8,-147.7397762371165,0.004259196511043228,False,0.6208877919998486,8,True,False,False,100,7,1e-06,1.338614197265997e-08,0.0,"[-147.7396822027916, -147.7397750135063, -147.7397754466636, -147.73977625464687, -147.73977625377427, -147.73977625050264, -147.7397762371165]","[0.09500137499708217, 0.07972108299873071, 0.0773369169983198, 0.07836841700191144, 0.0867396249959711, 0.08582108300470281, 0.08194995899975765]",BS N/2 Comm,False,block2_pauli,O2_1.2075_sto_3g
BS_Nover2_Comm,9,-147.74336475956085,0.0006706740666970745,True,0.7518647920005606,9,True,False,False,100,7,1e-06,1.2721557141048834e-10,0.0,"[-147.73983969151396, -147.74332601455555, -147.74333532122265, -147.74336448207018, -147.74336483248194, -147.74336475968806, -147.74336475956085]","[0.11240791599993827, 0.10284554099780507, 0.10691066699655494, 0.10191104200202972, 0.0984073330037063, 0.09635187499952735, 0.09538545900431927]",BS N/2 Comm,False,block2_pauli,O2_1.2075_sto_3g
BS_N_Comm,1,-147.708744672324,0.035290761303542695,False,0.6108512499995413,1,True,False,False,100,7,1e-06,1.3351194638744346e-07,0.0,"[-147.7394236179747, -147.7083031181928, -147.7087382717552, -147.7087438510283, -147.70874454016624, -147.70874480583595, -147.708744672324]","[0.09800862499832874, 0.08841962499718647, 0.07171666700014612, 0.0822268330011866, 0.07572366699605482, 0.08001129100011894, 0.072068917004799]",BS N Comm,False,block2_pauli,O2_1.2075_sto_3g
BS_N_Comm,2,-147.73434783368222,0.0096875999453232,False,0.5684569160002866,2,True,False,False,100,7,1e-06,1.2794600934284972e-07,0.0,"[-147.73945939222023, -147.73357366760828, -147.73430538227905, -147.73430538227896, -147.7343479616282, -147.73434796162823, -147.73434783368222]","[0.09685354200337315, 0.08315408400085289, 0.07049945800099522, 0.0726854170061415, 0.074988124993979, 0.06474050000542775, 0.05863937500544125]",BS N Comm,False,block2_pauli,O2_1.2075_sto_3g
BS_N_Comm,3,-147.74154594916996,0.0024894844575840125,False,0.5984729169940692,3,True,False,False,100,8,1e-06,2.0890701080134022e-07,0.0,"[-147.74075479685933, -147.74013214448655, -147.74161428962904, -147.74160972011626, -147.74155845079483, -147.74155722068113, -147.74154615807697, -147.74154594916996]","[0.08654529199702665, 0.06779324999661185, 0.06587379200209398, 0.06688166599633405, 0.0689266659974237, 0.06920433299819706, 0.06401762499444885, 0.06525629200041294]",BS N Comm,False,block2_pauli,O2_1.2075_sto_3g
BS_N_Comm,4,-147.74338426644513,0.0006511671824114273,True,0.6336374590027845,4,True,False,False,100,7,1e-06,9.574191608408e-07,0.0,"[-147.74336814405555, -147.74336814407502, -147.7433893425893, -147.7433893425883, -147.743385223866, -147.7433852238643, -147.74338426644513]","[0.09964825000497513, 0.08115104200260248, 0.0850698750000447, 0.07684570900164545, 0.07542779100185726, 0.08395112500147661, 0.07556800000020303]",BS N Comm,False,block2_pauli,O2_1.2075_sto_3g
HCT_N_Comm_Fiedler,1,-147.7145875870612,0.029447846566341696,False,0.5629686669999501,1,True,False,False,100,7,1e-06,3.2040304631664185e-08,0.0,"[-147.74184370696284, -147.71441803133567, -147.7145859020362, -147.71458942749206, -147.71458760958146, -147.7145876191015, -147.7145875870612]","[0.0830916669947328, 0.07967104199633468, 0.0757638750001206, 0.07484924999880604, 0.07244470899604494, 0.06993379200139316, 0.07585791699966649]",HCT N Comm,True,block2_pauli,O2_1.2075_sto_3g
HCT_N_Comm_Fiedler,2,-147.73725045593633,0.006784977691211225,False,0.5633228750011767,2,True,False,False,100,7,1e-06,4.286692956156912e-08,0.0,"[-147.74222672313311, -147.73724809048673, -147.73725497948354, -147.7372506131556, -147.73725041331832, -147.73725049880326, -147.73725045593633]","[0.11710441600007471, 0.06642741600080626, 0.07783904099778738, 0.0769189999991795, 0.06473683300282573, 0.061506958001700696, 0.0601686250010971]",HCT N Comm,True,block2_pauli,O2_1.2075_sto_3g
HCT_N_Comm_Fiedler,3,-147.74071516903985,0.0033202645876997394,False,0.5592616669964627,3,True,False,False,100,8,1e-06,9.911295535403042e-07,0.0,"[-147.74317963207614, -147.7404950106805, -147.7406239647196, -147.74068348642663, -147.74071971010014, -147.740714945646, -147.7407161601694, -147.74071516903985]","[0.0840445410067332, 0.06809600000269711, 0.06658233299822314, 0.0639788749977015, 0.06685224999819184, 0.05986754200421274, 0.05631962500046939, 0.06104883299849462]",HCT N Comm,True,block2_pauli,O2_1.2075_sto_3g
HCT_N_Comm_Fiedler,4,-147.74337793733244,0.0006574962951049201,True,0.5687340000004042,4,True,False,False,100,7,1e-06,1.6306387351505691e-09,0.0,"[-147.7436035028751, -147.74336247769895, -147.74338403442138, -147.7433783547243, -147.74337832005182, -147.7433779357018, -147.74337793733244]","[0.0856939590012189, 0.08124975000100676, 0.07866441700025462, 0.07309100000566104, 0.07993566700315569, 0.07217083300201921, 0.06442374999460299]",HCT N Comm,True,block2_pauli,O2_1.2075_sto_3g
BS_N_Comm_Fiedler,1,-147.7068076158674,0.03722781776014017,False,0.5985487910002121,1,True,False,False,100,7,1e-06,6.924864237589645e-09,0.0,"[-147.73947767060955, -147.70669756525854, -147.7068115353471, -147.70680808301552, -147.70680796548191, -147.70680760894254, -147.7068076158674]","[0.0809516250010347, 0.07715629200538388, 0.07555549999960931, 0.08921929099597037, 0.083482667003409, 0.08030441700248048, 0.07890199999383185]",BS N Comm,True,block2_pauli,O2_1.2075_sto_3g
BS_N_Comm_Fiedler,2,-147.74009964952813,0.003935784099411421,False,0.5542830420017708,2,True,False,False,100,7,1e-06,6.697793537568941e-07,0.0,"[-147.74019128551404, -147.74015820734755, -147.74010295294383, -147.74010254757854, -147.74010039387997, -147.7401003193075, -147.74009964952813]","[0.08680024999921443, 0.07408304199634586, 0.07324425000115298, 0.07684000000153901, 0.0620837090027635, 0.062480458997015376, 0.06633941600011894]",BS N Comm,True,block2_pauli,O2_1.2075_sto_3g
BS_N_Comm_Fiedler,3,-147.7427187694007,0.0013166642268345186,True,0.5669335409984342,3,True,False,False,100,7,1e-06,2.743996674325899e-07,0.0,"[-147.74251243136496, -147.742691806934, -147.74270945778179, -147.7427166592218, -147.7427168148257, -147.74271849500104, -147.7427187694007]","[0.07687891699606553, 0.08802958299929742, 0.07358266599476337, 0.07730737499514362, 0.07314825000503333, 0.08078337500046473, 0.06495820800046204]",BS N Comm,True,block2_pauli,O2_1.2075_sto_3g
raw_fermionic_su2,1,-147.35692499163127,0.29155371134760344,False,0.09443179100344423,1,True,False,False,100,7,1e-06,0.0,0.0,"[-147.5953120727894, -147.35692499163127, -147.35692499163127, -147.35692499163127, -147.35692499163127, -147.35692499163127, -147.35692499163127]","[0.01657554199482547, 0.010317209002096206, 0.008407333996728994, 0.014706792004290037, 0.010229125000478234, 0.01654995799617609, 0.011095166999439243]",,False,block2_su2,O2_1.7500_sto_3g
raw_fermionic_su2,2,-147.51897782197233,0.12950088100654966,False,0.10297133299900452,2,True,False,False,100,7,1e-06,5.684341886080802e-14,0.0,"[-147.59679914118078, -147.5189778219712, -147.51897782197238, -147.51897782197233, -147.51897782197221, -147.51897782197227, -147.51897782197233]","[0.02140450000297278, 0.011549542003194802, 0.01115912500245031, 0.011175583000294864, 0.019624417000159156, 0.010573665997071657, 0.009772459001396783]",,False,block2_su2,O2_1.7500_sto_3g
raw_fermionic_su2,3,-147.58145715158287,0.06702155139601018,False,0.1224439999932656,3,True,False,False,100,7,1e-06,4.920637479699508e-07,0.0,"[-147.5982326135009, -147.58149592423712, -147.58145804390222, -147.58145804387317, -147.58145764365946, -147.58145764364662, -147.58145715158287]","[0.020113874998060055, 0.016232125002716202, 0.017007542002829723, 0.013767999997071456, 0.011614875002123881, 0.019515457999659702, 0.016881791001651436]",,False,block2_su2,O2_1.7500_sto_3g
raw_fermionic_su2,4,-147.58407798560438,0.06440071737449671,False,0.21241983399522724,4,True,False,False,100,8,1e-06,3.581135388230905e-12,0.0,"[-147.5989373397984, -147.58400795598192, -147.58518805132422, -147.58519778973476, -147.58520182564808, -147.58520325109703, -147.58407798560796, -147.58407798560438]","[0.0181553750007879, 0.02476287500030594, 0.02887308299978031, 0.02158883299853187, 0.033152041003631894, 0.026163041999097914, 0.017798333006794564, 0.026339709002058953]",,False,block2_su2,O2_1.7500_sto_3g
raw_fermionic_su2,5,-147.58978556111765,0.05869314186122665,False,0.23748504200193565,5,True,False,False,100,7,1e-06,1.7916886463353876e-07,0.0,"[-147.5990860320635, -147.58976896510734, -147.58977711743808, -147.58977711744456, -147.58978538194407, -147.5897853819488, -147.58978556111765]","[0.061018790998787154, 0.02712266700109467, 0.021378874997026287, 0.04853637499763863, 0.014149582995742094, 0.02919616700091865, 0.02487525000469759]",,False,block2_su2,O2_1.7500_sto_3g
raw_fermionic_su2,6,-147.5935007262771,0.054977976701763964,False,0.15482508299464826,6,True,False,False,100,8,1e-06,2.6716406864579767e-12,0.0,"[-147.59912836954072, -147.59558810481212, -147.5934880167332, -147.59348801673883, -147.5934961508401, -147.59349615084278, -147.59350072627444, -147.5935007262771]","[0.019620625003881287, 0.02212633399904007, 0.01814175000617979, 0.01846520799881546, 0.016396790997532662, 0.019665292005811352, 0.015539832995273173, 0.01741675000084797]",,False,block2_su2,O2_1.7500_sto_3g
raw_fermionic_su2,7,-147.59766802776136,0.050810675217519474,False,0.12994329199864296,7,True,False,False,100,8,1e-06,7.437961357936729e-10,0.0,"[-147.59912912849938, -147.59766314540718, -147.5976644522782, -147.597666775469, -147.59766686914168, -147.5976668879528, -147.59766802701756, -147.59766802776136]","[0.021699500000977423, 0.01570487499702722, 0.01344937500107335, 0.01470224999502534, 0.013987999998789746, 0.014297209003416356, 0.012393042001349386, 0.012920500004838686]",,False,block2_su2,O2_1.7500_sto_3g
raw_fermionic_su2,8,-147.5991076894922,0.049371013486677384,False,0.1128514170050039,8,True,False,False,100,7,1e-06,2.4379244223382557e-07,0.0,"[-147.5991334203615, -147.5991069440376, -147.59910694407017, -147.59910697057245, -147.5991074455075, -147.59910744569976, -147.5991076894922]","[0.018216584001493175, 0.014946750001399778, 0.014063832997635473, 0.017241249996004626, 0.0137649579992285, 0.01515987500170013, 0.012791084001946729]",,False,block2_su2,O2_1.7500_sto_3g
raw_fermionic_su2,9,-147.59915234755152,0.049326355427353974,False,0.12601645899849245,9,True,False,False,100,7,1e-06,1.1778894304370624e-07,0.0,"[-147.599142072439, -147.5991489847982, -147.59915159224715, -147.59915180711573, -147.59915222713641, -147.59915222976258, -147.59915234755152]","[0.018117874999006744, 0.01816129199869465, 0.016134500001498964, 0.01751466700079618, 0.017244499998923857, 0.01731479199952446, 0.01471020899771247]",,False,block2_su2,O2_1.7500_sto_3g
raw_fermionic_su2,10,-147.59915236337685,0.049326339602032476,False,0.13145679100125562,10,True,False,False,100,7,1e-06,9.458744898438454e-11,0.0,"[-147.5991473492187, -147.5991499553332, -147.59915181009848, -147.59915234509066, -147.59915234508924, -147.59915236328226, -147.59915236337685]","[0.020765749999554828, 0.018833542002539616, 0.01631008300319081, 0.017509290999441873, 0.018018415998085402, 0.01766966700233752, 0.014799625001614913]",,False,block2_su2,O2_1.7500_sto_3g
raw_fermionic_su2,12,-147.62456341045691,0.023915292521962783,False,0.19928149999759626,12,True,False,False,100,10,1e-06,7.428556614286208e-07,0.0,"[-147.59915061019018, -147.6238522032467, -147.62418539523668, -147.62439603177847, -147.62447078507302, -147.6244940705842, -147.62451515430416, -147.62455532160874, -147.62456266760125, -147.62456341045691]","[0.0198175000041374, 0.021881459004362114, 0.019602250002208166, 0.019973709000623785, 0.01905929199710954, 0.0228713329997845, 0.016608958001597784, 0.016928958000789862, 0.017319916994892992, 0.017577250000613276]",,False,block2_su2,O2_1.7500_sto_3g
raw_fermionic_su2,14,-147.62494501573792,0.02353368724095617,False,0.30899254199903226,14,True,False,False,100,13,1e-06,6.872139692859491e-07,0.0,"[-147.59915061849807, -147.62411790077078, -147.6243577837074, -147.62443439558172, -147.62447314115684, -147.62449455817023, -147.62451572743686, -147.62452969276404, -147.6246459080158, -147.6248837037964, -147.62493952716164, -147.62494432852395, -147.62494501573792]","[0.028853833995526657, 0.027066250004281756, 0.02243395799450809, 0.021190249994106125, 0.020060499999090098, 0.019419417003518902, 0.019240832996729296, 0.01946745800523786, 0.01856229100667406, 0.01954904200101737, 0.03834504200494848, 0.018652667000424117, 0.019080124999163672]",,False,block2_su2,O2_1.7500_sto_3g
raw_fermionic_su2,16,-147.64847792359797,7.793809118084027e-07,True,0.3311960829960299,16,True,False,False,100,11,1e-06,6.729204073963047e-07,0.0,"[-147.5991544945499, -147.62414192740346, -147.64510661288494, -147.64819746811673, -147.64839198206766, -147.64845204168603, -147.6484688421583, -147.64847360439285, -147.6484759701725, -147.64847725067756, -147.64847792359797]","[0.051713290995394345, 0.04567479099932825, 0.030843916996673215, 0.025305709001258947, 0.02114487500512041, 0.03201687499677064, 0.02908745900640497, 0.021756540998467244, 0.02521100000012666, 0.021294167003361508, 0.019118165997497272]",,False,block2_su2,O2_1.7500_sto_3g
raw_qubit,1,-147.3569249916309,0.2915537113479729,False,0.4656587080025929,1,True,False,False,100,7,1e-06,0.0,0.0,"[-147.59326146126796, -147.3569249916309, -147.3569249916309, -147.3569249916309, -147.3569249916309, -147.3569249916309, -147.3569249916309]","[0.0645601659998647, 0.05993220800155541, 0.0722878749947995, 0.06028762499772711, 0.06719695900392253, 0.055784999996831175, 0.058073792002687696]",,False,block2_pauli,O2_1.7500_sto_3g
raw_qubit,2,-147.5178222787465,0.13065642423237023,False,0.3998340830003144,2,True,False,False,100,7,1e-06,2.842170943040401e-14,0.0,"[-147.593355151156, -147.51782227874665, -147.5178222787465, -147.5178222787465, -147.5178222787465, -147.51782227874654, -147.5178222787465]","[0.07026820800092537, 0.06348383300064597, 0.052604582997446414, 0.046791042004770134, 0.04626858299889136, 0.04714237499865703, 0.04326241699891398]",,False,block2_pauli,O2_1.7500_sto_3g
raw_qubit,3,-147.57995313510935,0.06852556786952846,False,0.40011212499666726,3,True,False,False,100,7,1e-06,4.5786262603542127e-07,0.0,"[-147.59532760019871, -147.5795641557666, -147.57994076457558, -147.57995249259187, -147.57995434440346, -147.57995359297198, -147.57995313510935]","[0.06343483299860964, 0.05087387499952456, 0.04782474999956321, 0.045411749997583684, 0.049051959002099466, 0.060297125004581176, 0.0576663340034429]",,False,block2_pauli,O2_1.7500_sto_3g
raw_qubit,4,-147.58327301084574,0.06520569213313365,False,0.41819083399605006,4,True,False,False,100,7,1e-06,4.608881454259972e-07,0.0,"[-147.59680345234622, -147.58354330628381, -147.58326055015417, -147.58327239096184, -147.5832742315421, -147.5832734717339, -147.58327301084574]","[0.06782658300653566, 0.062011833004362416, 0.06310966700402787, 0.05422845800057985, 0.04851008299738169, 0.05094541700236732, 0.04483412500121631]",,False,block2_pauli,O2_1.7500_sto_3g
raw_qubit,5,-147.58997759059048,0.058501112388398724,False,0.4659562500019092,5,True,False,False,100,7,1e-06,6.282132858359546e-08,0.0,"[-147.59873797601918, -147.5898194113226, -147.58996932216252, -147.58997508832692, -147.58997577274218, -147.58997752776915, -147.58997759059048]","[0.07263783400412649, 0.055829707998782396, 0.054108000003907364, 0.0736531250004191, 0.06400612500146963, 0.06311079100123607, 0.057461666998278815]",,False,block2_pauli,O2_1.7500_sto_3g
raw_qubit,6,-147.5917535269407,0.056725176038185054,False,0.4928302919943235,6,True,False,False,100,7,1e-06,2.2093990992289037e-07,0.0,"[-147.59906750311535, -147.59141860905478, -147.59173210039955, -147.59175017540238, -147.5917542202016, -147.5917537478806, -147.5917535269407]","[0.07108029200026067, 0.07544695799879264, 0.059617292004986666, 0.055832999998528976, 0.05763620899961097, 0.07470016600564122, 0.06536020900239237]",,False,block2_pauli,O2_1.7500_sto_3g
raw_qubit,7,-147.59673728591548,0.051741417063396966,False,0.8227981249947334,7,True,False,False,100,10,1e-06,5.000638907404209e-07,0.0,"[-147.59913339053043, -147.59701997307613, -147.59664816172688, -147.59667954601142, -147.5966861207524, -147.59669272206725, -147.59669472422158, -147.59669660571817, -147.5967367858516, -147.59673728591548]","[0.08381549999467097, 0.08079095800349023, 0.08267674999660812, 0.07323595799971372, 0.06601483299891697, 0.07444270899577532, 0.06185966699558776, 0.058783083004527725, 0.09664112500468036, 0.0676715419976972]",,False,block2_pauli,O2_1.7500_sto_3g
raw_qubit,8,-147.59764862171284,0.05083008126604227,False,0.5227478750020964,8,True,False,False,100,7,1e-06,1.3917028240939544e-07,0.0,"[-147.59913721467575, -147.59749450832732, -147.5976477750864, -147.59764876119397, -147.59764872913578, -147.59764876088312, -147.59764862171284]","[0.07859979099885095, 0.06334333300037542, 0.061254041000211146, 0.06346258399571525, 0.09280508299707435, 0.07517441699746996, 0.06305020800209604]",,False,block2_pauli,O2_1.7500_sto_3g
raw_qubit,9,-147.59879982683995,0.04967887613892685,False,0.5291135840016068,9,True,False,False,100,7,1e-06,1.4281255289461114e-08,0.0,"[-147.599138579669, -147.59878243550435, -147.5988006445857, -147.59879952697955, -147.59879960612642, -147.5987998125587, -147.59879982683995]","[0.08752154200192308, 0.07180504099960672, 0.06978050000179792, 0.07035324999742443, 0.06879599999956554, 0.06992512499709846, 0.0635690830022213]",,False,block2_pauli,O2_1.7500_sto_3g
raw_qubit,10,-147.59880901412458,0.049669688854294236,False,0.5753265419989475,10,True,False,False,100,7,1e-06,1.4156000816001324e-09,0.0,"[-147.59913955008128, -147.59880653731068, -147.5988071064477, -147.59880899530066, -147.59880900941104, -147.59880901270898, -147.59880901412458]","[0.08347591599886073, 0.07697787500364939, 0.07676349999383092, 0.08279916700121248, 0.07386912500078324, 0.07215145899681374, 0.08472216699738055]",,False,block2_pauli,O2_1.7500_sto_3g
raw_qubit,12,-147.59914852654614,0.04933017643273274,False,0.574996708004619,12,True,False,False,100,7,1e-06,8.355556246897322e-09,0.0,"[-147.5991431283417, -147.59914599049003, -147.5991480395692, -147.59914845362934, -147.59914851806215, -147.5991485181906, -147.59914852654614]","[0.09197858400148107, 0.08070716699876357, 0.07736049999948591, 0.07474870800069766, 0.0733030420014984, 0.07080858299741521, 0.06808037500013597]",,False,block2_pauli,O2_1.7500_sto_3g
raw_qubit,14,-147.64772073288748,0.0007579700913993292,True,1.5931387089949567,14,True,False,False,100,15,1e-06,5.055292433553404e-07,0.0,"[-147.59914673873845, -147.59915131513367, -147.59920749793469, -147.59973886629467, -147.60019019995332, -147.6165733296897, -147.64611085803452, -147.64743991998733, -147.64758591928, -147.64766853196545, -147.64770259467053, -147.64771479496474, -147.64771886752683, -147.64772022735823, -147.64772073288748]","[0.10093400000187103, 0.10252820800087648, 0.09464899999875342, 0.09961908300465439, 0.09857791700051166, 0.11648645799868973, 0.113132582999242, 0.11316695899586193, 0.10709545900317607, 0.10745837499416666, 0.12356150000414345, 0.10212675000366289, 0.09999083400180098, 0.09211995900113834, 0.09206187500240048]",,False,block2_pauli,O2_1.7500_sto_3g
seniority_Nover2,1,-147.35692499163093,0.2915537113479445,False,0.5265814169979421,1,True,False,False,100,7,1e-06,0.0,0.0,"[-147.59326145250952, -147.35692499163093, -147.35692499163093, -147.35692499163093, -147.35692499163093, -147.35692499163093, -147.35692499163093]","[0.08653345800121315, 0.06790033300057985, 0.0639027500001248, 0.0688166249965434, 0.058833792005316354, 0.0710034169969731, 0.05437516600068193]",Seniority N/2,False,block2_pauli,O2_1.7500_sto_3g
seniority_Nover2,2,-147.5189778219719,0.129500881006976,False,0.4891230830035056,2,True,False,False,100,7,1e-06,2.842170943040401e-14,0.0,"[-147.59330178505775, -147.51891963053262, -147.51897782197193, -147.5189778219719, -147.51897782197193, -147.51897782197193, -147.5189778219719]","[0.08632020799996099, 0.05614899999636691, 0.06432229200436268, 0.055106082996644545, 0.05355395799415419, 0.05898183299723314, 0.05266950000077486]",Seniority N/2,False,block2_pauli,O2_1.7500_sto_3g
seniority_Nover2,3,-147.57936810907535,0.06911059390353103,False,0.46647979199769907,3,True,False,False,100,7,1e-06,4.798486088475329e-07,0.0,"[-147.5933197590308, -147.57920844999148, -147.57936868111165, -147.57936868111165, -147.57936858892396, -147.57936858892396, -147.57936810907535]","[0.08091633300500689, 0.05675779100420186, 0.053144833000260405, 0.0624906250013737, 0.05809029100055341, 0.05688154199742712, 0.05679637499997625]",Seniority N/2,False,block2_pauli,O2_1.7500_sto_3g
seniority_Nover2,4,-147.58148840061642,0.06699030236245562,False,0.4895138330030022,4,True,False,False,100,7,1e-06,1.869295260803483e-07,0.0,"[-147.59333204054113, -147.58076653630656, -147.5811805479721, -147.58118054795546, -147.5814882136405, -147.5814882136869, -147.58148840061642]","[0.09430954100389499, 0.05956124999647727, 0.06043529199814657, 0.06086825000238605, 0.058275291994505096, 0.0633729580004001, 0.05631916700076545]",Seniority N/2,False,block2_pauli,O2_1.7500_sto_3g
seniority_Nover2,5,-147.59093798867468,0.05754071430419572,False,0.5613977500033798,5,True,False,False,100,7,1e-06,3.0533442441083025e-08,0.0,"[-147.5952568630239, -147.5903455192248, -147.59094383930923, -147.59093921224266, -147.5909396054994, -147.59093801920812, -147.59093798867468]","[0.12047841700405115, 0.06746220800414449, 0.08356245799950557, 0.06685187500261236, 0.06377170800260501, 0.06304766700486653, 0.05890279199957149]",Seniority N/2,False,block2_pauli,O2_1.7500_sto_3g
seniority_Nover2,6,-147.59656161732278,0.051917085656100426,False,0.5651457920030225,6,True,False,False,100,7,1e-06,2.597175807750318e-10,0.0,"[-147.59700720288697, -147.59651750692325, -147.59654746554207, -147.5965615671206, -147.59656165573233, -147.5965616175825, -147.59656161732278]","[0.10556041699601337, 0.07154345900198678, 0.06808516599994618, 0.07131258400477236, 0.07725766699877568, 0.07059333399956813, 0.06374041699746158]",Seniority N/2,False,block2_pauli,O2_1.7500_sto_3g
seniority_Nover2,7,-147.59803752731617,0.05044117566271211,False,0.5980982499968377,7,True,False,False,100,7,1e-06,2.274106236654916e-09,0.0,"[-147.59785433065778, -147.59781980523982, -147.59803408159848, -147.59803737156653, -147.59803736017477, -147.59803752959027, -147.59803752731617]","[0.10938612499739975, 0.07503212500159862, 0.07774645800236613, 0.07333658300194656, 0.08503424999798881, 0.07307670899899676, 0.06751479199738242]",Seniority N/2,False,block2_pauli,O2_1.7500_sto_3g
seniority_Nover2,8,-147.5984839551701,0.04999474780876767,False,0.7121912910006358,8,True,False,False,100,8,1e-06,1.1253575848968467e-09,0.0,"[-147.598222557937, -147.59837984543879, -147.59840181501062, -147.59844543421795, -147.598474874589, -147.59847639785306, -147.59848395404475, -147.5984839551701]","[0.11751758299942594, 0.08270741600426845, 0.07889666600385681, 0.06997508300264599, 0.07135395899967989, 0.0769850420037983, 0.09235037500184262, 0.06673800000135088]",Seniority N/2,False,block2_pauli,O2_1.7500_sto_3g
seniority_Nover2,9,-147.64549898035256,0.0029797226263212906,False,0.6678726250029285,9,True,False,False,100,7,1e-06,9.118718935496872e-08,0.0,"[-147.59896865753913, -147.606297618381, -147.64511290613393, -147.64535393759488, -147.64549920939265, -147.64549888916537, -147.64549898035256]","[0.13071266699989792, 0.08152162499754922, 0.08322858400060795, 0.0821179159975145, 0.0899614170048153, 0.08478733400261262, 0.07895183299842756]",Seniority N/2,False,block2_pauli,O2_1.7500_sto_3g
seniority_Nover2,10,-147.6456823625858,0.002796340393075525,False,0.6865907500032336,10,True,False,False,100,7,1e-06,3.9941312479641056e-09,0.0,"[-147.59908360613946, -147.6455001438357, -147.64561951625043, -147.6456823609988, -147.64568236651317, -147.64568236657993, -147.6456823625858]","[0.13806566700077383, 0.092831958005263, 0.09210804200120037, 0.08842420799919637, 0.07940741600032197, 0.08352337499673013, 0.07550116600032197]",Seniority N/2,False,block2_pauli,O2_1.7500_sto_3g
seniority_Nover2,12,-147.64572502905497,0.002753673923905353,False,0.6968723749960191,12,True,False,False,100,7,1e-06,1.2668351700995117e-08,0.0,"[-147.59914506750482, -147.64560496416158, -147.64571607911301, -147.64572488120194, -147.64572501406806, -147.64572501638662, -147.64572502905497]","[0.14338766599394148, 0.08808133300044574, 0.09047745900170412, 0.08517258399660932, 0.08565933399950154, 0.0886038339958759, 0.08079970900143962]",Seniority N/2,False,block2_pauli,O2_1.7500_sto_3g
seniority_Nover2,14,-147.64573051514245,0.0027481878364312706,False,0.8237037090002559,14,True,False,False,100,7,1e-06,8.692077813066135e-08,0.0,"[-147.59914748015495, -147.59915141811467, -147.59915164138576, -147.64572354814675, -147.6457301019277, -147.64573042822167, -147.64573051514245]","[0.15905708400532603, 0.10338620800030185, 0.10244587500346825, 0.11195654200128047, 0.11575983300281223, 0.0993891660036752, 0.09657720899849664]",Seniority N/2,False,block2_pauli,O2_1.7500_sto_3g
seniority_Nover2,16,-147.6477244138419,0.0007542891369780591,True,1.2622128750008414,16,True,False,False,100,10,1e-06,7.372929928806116e-07,0.0,"[-147.59915206571233, -147.64587629083366, -147.64595233792056, -147.64595295868398, -147.64595311930182, -147.6459531236306, -147.64600853198823, -147.64756196153957, -147.6477236765489, -147.6477244138419]","[0.1760301660033292, 0.11789349999889964, 0.13346566599648213, 0.11718595900310902, 0.11746712500462309, 0.11089074999472359, 0.11113774999830639, 0.10901704199932283, 0.12417616600578185, 0.10781033300008858]",Seniority N/2,False,block2_pauli,O2_1.7500_sto_3g
HCT_Nover2_Comm,1,-147.51782343576417,0.13065526721470633,False,0.6359564579979633,1,True,False,False,100,7,1e-06,1.9895196601282805e-13,0.0,"[-147.59372987023187, -147.5178231140732, -147.51782343578475, -147.51782343576446, -147.5178234357644, -147.51782343576437, -147.51782343576417]","[0.092873542002053, 0.09555716600152664, 0.08556916700035799, 0.07177370799763594, 0.08615999999892665, 0.080931167001836, 0.06815112500044052]",HCT N/2 Comm,False,block2_pauli,O2_1.7500_sto_3g
HCT_Nover2_Comm,2,-147.5178303168152,0.1306483861636707,False,0.5232623330011847,2,True,False,False,100,7,1e-06,5.866581886948552e-09,0.0,"[-147.61660660524524, -147.51783059303528, -147.51783032870827, -147.51783032914312, -147.51783032271908, -147.5178303226818, -147.5178303168152]","[0.09273270799894817, 0.06605958299769554, 0.06298062500718515, 0.0620808340026997, 0.06228545900376048, 0.06604212500678841, 0.0657258749997709]",HCT N/2 Comm,False,block2_pauli,O2_1.7500_sto_3g
HCT_Nover2_Comm,3,-147.61998890387133,0.028489799107546787,False,0.6347257500019623,3,True,False,False,100,8,1e-06,2.830802259268239e-11,0.0,"[-147.62423209816825, -147.6219026712205, -147.62006368539733, -147.62006370771886, -147.61999096290054, -147.61999096388098, -147.61998890384302, -147.61998890387133]","[0.09960558300372213, 0.0811272499995539, 0.0700174999947194, 0.0668107500023325, 0.0696912909988896, 0.06857862500328338, 0.06200354199972935, 0.07292058399616508]",HCT N/2 Comm,False,block2_pauli,O2_1.7500_sto_3g
HCT_Nover2_Comm,4,-147.62091682205215,0.027561880926725735,False,0.571634375002759,4,True,False,False,100,7,1e-06,1.7579196764927474e-08,0.0,"[-147.62455340352324, -147.62414433518086, -147.62091196709895, -147.6209166365574, -147.62091676015632, -147.62091680447296, -147.62091682205215]","[0.09924691599735525, 0.07410033299674978, 0.0679969590055407, 0.06751087500015274, 0.07906433300377103, 0.07516300000133924, 0.0677774590003537]",HCT N/2 Comm,False,block2_pauli,O2_1.7500_sto_3g
HCT_Nover2_Comm,5,-147.62911962941965,0.0193590735592295,False,0.6689794170015375,5,True,False,False,100,8,1e-06,3.694822225952521e-13,0.0,"[-147.62596627181645, -147.62863034395127, -147.62907566077246, -147.62907566077232, -147.6291122719024, -147.6291122719022, -147.62911962942002, -147.62911962941965]","[0.10829687499790452, 0.08066154200059827, 0.07188783300080104, 0.07482270799664548, 0.07180929199967068, 0.07249516600131756, 0.07161441700009163, 0.06982837500254391]",HCT N/2 Comm,False,block2_pauli,O2_1.7500_sto_3g
HCT_Nover2_Comm,6,-147.63583222713058,0.012646475848299588,False,0.7803597080055624,6,True,False,False,100,8,1e-06,2.921593704741099e-07,0.0,"[-147.63549475909392, -147.63544476939396, -147.63521153111284, -147.6354903448539, -147.6357250610614, -147.63575048911858, -147.6358319349712, -147.63583222713058]","[0.12163470900122775, 0.09398924999550218, 0.0851718339981744, 0.08377904100052547, 0.085618416997022, 0.08301345800282434, 0.10783237500436371, 0.0772022909950465]",HCT N/2 Comm,False,block2_pauli,O2_1.7500_sto_3g
HCT_Nover2_Comm,7,-147.64377262048828,0.004706082490599783,False,0.805560916000104,7,True,False,False,100,8,1e-06,3.410605131648481e-12,0.0,"[-147.63963250483772, -147.64251654818204, -147.64378918321248, -147.64378918320878, -147.64377159188695, -147.64377159188368, -147.6437726204917, -147.64377262048828]","[0.12215316700167023, 0.10327287499967497, 0.09111037499678787, 0.10086129100091057, 0.08785416599857854, 0.08952304100239417, 0.08348654200381134, 0.08597691699833376]",HCT N/2 Comm,False,block2_pauli,O2_1.7500_sto_3g
HCT_Nover2_Comm,8,-147.645666230826,0.002812472152868395,False,0.675713166994683,8,True,False,False,100,7,1e-06,1.4272984572016867e-08,0.0,"[-147.64199532469206, -147.64509802738465, -147.6455839014478, -147.64566533487272, -147.64566623624032, -147.64566621655302, -147.645666230826]","[0.122928040997067, 0.08725708299607504, 0.08549970899912296, 0.08453100000042468, 0.08670120799797587, 0.08800641599373193, 0.0817590000006021]",HCT N/2 Comm,False,block2_pauli,O2_1.7500_sto_3g
HCT_Nover2_Comm,9,-147.64702065259027,0.0014580503886065799,True,0.9480757089986582,9,True,False,False,100,8,1e-06,3.586330876714783e-07,0.0,"[-147.6423763787347, -147.64547812399275, -147.64604691681484, -147.64662047403928, -147.64697952806438, -147.64698711146553, -147.64702101122336, -147.64702065259027]","[0.15101816700189374, 0.11487520800437778, 0.11060050000378396, 0.11311708299763268, 0.10490970800310606, 0.10864845799369505, 0.09905916600109776, 0.10569733300508233]",HCT N/2 Comm,False,block2_pauli,O2_1.7500_sto_3g
HCT_N_Comm,1,-147.6199500095284,0.02852869345048248,False,0.503562707999663,1,True,False,False,100,7,1e-06,4.6381842366827186e-08,0.0,"[-147.63244749641808, -147.61914160481433, -147.6199485251516, -147.61994852536225, -147.61995005591646, -147.61995005591024, -147.6199500095284]","[0.06424274999881163, 0.07372487500106217, 0.0713288749975618, 0.06879816699802177, 0.06608020800194936, 0.06762225000420585, 0.06282370800181525]",HCT N Comm,False,block2_pauli,O2_1.7500_sto_3g
HCT_N_Comm,2,-147.63708691199906,0.011391790979814687,False,0.5179900000002817,2,True,False,False,100,7,1e-06,6.023370247021376e-08,0.0,"[-147.63668876944988, -147.6371736041257, -147.6370891663194, -147.63709004049102, -147.63708709815512, -147.63708697223277, -147.63708691199906]","[0.0797759999986738, 0.07636441700014984, 0.0738769159943331, 0.06412491700029932, 0.06224912500329083, 0.06882220900297398, 0.05876058399735484]",HCT N Comm,False,block2_pauli,O2_1.7500_sto_3g
HCT_N_Comm,3,-147.63952852028385,0.008950182695031117,False,0.48017366700514685,3,True,False,False,100,7,1e-06,2.8232136628503213e-09,0.0,"[-147.64259313440255, -147.63951217313982, -147.63951260046903, -147.6395242233752, -147.63952422601824, -147.63952852310706, -147.63952852028385]","[0.07367045899445657, 0.06958833299722755, 0.06720237500121584, 0.062492917000781745, 0.060625709003943484, 0.059605791997455526, 0.05749537499650614]",HCT N Comm,False,block2_pauli,O2_1.7500_sto_3g
HCT_N_Comm,4,-147.64400513350765,0.004473569471230121,False,0.5825710829958552,4,True,False,False,100,7,1e-06,1.7962520360015333e-11,0.0,"[-147.64323015685974, -147.64400354191116, -147.64400354186523, -147.64400477116328, -147.64400477111272, -147.64400513348969, -147.64400513350765]","[0.08361600000353064, 0.07027795900648925, 0.07539591699605808, 0.0809036249993369, 0.08443241600616602, 0.08820012499927543, 0.06777691599563695]",HCT N Comm,False,block2_pauli,O2_1.7500_sto_3g
HCT_N_Comm,5,-147.64589010198614,0.002588600992737611,False,0.5977000420025433,5,True,False,False,100,7,1e-06,3.6266101233195513e-11,0.0,"[-147.6453128665018, -147.64580405364262, -147.64581462349224, -147.6458835255399, -147.64588352556868, -147.64589010194987, -147.64589010198614]","[0.10001408300013281, 0.07735900000261609, 0.08210408299783012, 0.08006395799748134, 0.07971383399853949, 0.07807279100234155, 0.07243700000253739]",HCT N Comm,False,block2_pauli,O2_1.7500_sto_3g
HCT_N_Comm,6,-147.6475326555556,0.000946047423269647,True,0.7351618340035202,6,True,False,False,100,8,1e-06,3.035790996364085e-08,0.0,"[-147.6466221057126, -147.64729617406275, -147.6473974686945, -147.64749934119948, -147.64752232953543, -147.64752305746453, -147.6475326251977, -147.6475326555556]","[0.11453433400311042, 0.08640604100219207, 0.09233566699549556, 0.08047841700317804, 0.08158666700182948, 0.08168791699426947, 0.08212975000060396, 0.08498120799777098]",HCT N Comm,False,block2_pauli,O2_1.7500_sto_3g
Pauli_BLISS+HCT_N_Comm,1,-147.51687271533348,0.13160598764540055,False,0.7481060840000282,1,True,False,False,100,7,1e-06,1.4210854715202004e-13,0.0,"[-147.61548466929423, -147.51687226711599, -147.51687226711618, -147.51687271533768, -147.51687271533785, -147.51687271533334, -147.51687271533348]","[0.18856125000456814, 0.08096358299371786, 0.07784862499829615, 0.08079316599469166, 0.08190320799621986, 0.08121995800320292, 0.07500812500074971]",Pauli BLISS+HCT N Comm,False,block2_pauli,O2_1.7500_sto_3g
Pauli_BLISS+HCT_N_Comm,2,-147.61792817078052,0.03055053219836168,False,0.7828240000017104,2,True,False,False,100,7,1e-06,3.524291969370097e-11,0.0,"[-147.6369214588491, -147.6179271917234, -147.61792719177515, -147.61792817497047, -147.61792817500742, -147.61792817074527, -147.61792817078052]","[0.23979554199468112, 0.075846374995308, 0.07792820799659239, 0.07163541600311873, 0.07616595800209325, 0.07136241700209212, 0.07134904099802952]",Pauli BLISS+HCT N Comm,False,block2_pauli,O2_1.7500_sto_3g
Pauli_BLISS+HCT_N_Comm,3,-147.62730499212745,0.021173710851428496,False,1.0359797089986387,3,True,False,False,100,7,1e-06,2.1032064978498966e-12,0.0,"[-147.63773477671842, -147.62731210558724, -147.62731210564849, -147.62730502766448, -147.62730502767545, -147.62730499212955, -147.62730499212745]","[0.291936416993849, 0.10190962499473244, 0.09467158400366316, 0.127402833000815, 0.13892774999840185, 0.1050342919988907, 0.0943078330019489]",Pauli BLISS+HCT N Comm,False,block2_pauli,O2_1.7500_sto_3g
Pauli_BLISS+HCT_N_Comm,4,-147.63550882583797,0.012969877140903918,False,1.50202837499819,4,True,False,False,100,8,1e-06,2.7330804641678696e-07,0.0,"[-147.64238462437328, -147.63485558597466, -147.63340197937333, -147.6334020701243, -147.63534949413614, -147.63534847882894, -147.63550909914602, -147.63550882583797]","[0.3882202500026324, 0.1544785000005504, 0.13718387499829987, 0.14340337499743327, 0.14717158299754374, 0.14584175000345567, 0.14780749999772524, 0.15060745899972972]",Pauli BLISS+HCT N Comm,False,block2_pauli,O2_1.7500_sto_3g
Pauli_BLISS+HCT_N_Comm,5,-147.6386840489293,0.00979465404958546,False,1.7600117499969201,5,True,False,False,100,7,1e-06,1.048789215474244e-07,0.0,"[-147.6435685347925, -147.6387183312562, -147.63868802086748, -147.63868313609603, -147.63868351247936, -147.63868394405037, -147.6386840489293]","[0.43608129199856194, 0.22070820900262333, 0.21178720799798612, 0.21313520799594698, 0.1940005420037778, 0.21264558400434908, 0.19034454200300388]",Pauli BLISS+HCT N Comm,False,block2_pauli,O2_1.7500_sto_3g
Pauli_BLISS+HCT_N_Comm,6,-147.64095784108426,0.007520861894619202,False,2.0607667500007665,6,True,False,False,100,7,1e-06,1.688249540165998e-10,0.0,"[-147.6475863153155, -147.64088801690426, -147.6408882829162, -147.64096072743354, -147.64096073236402, -147.64095784125308, -147.64095784108426]","[0.5051492090060492, 0.2428433329987456, 0.2517365410021739, 0.25027316700288793, 0.24664366700017126, 0.24536049999733223, 0.23895345799974166]",Pauli BLISS+HCT N Comm,False,block2_pauli,O2_1.7500_sto_3g
Pauli_BLISS+HCT_N_Comm,7,-147.6415201062698,0.006958596709068843,False,2.373866749992885,7,True,False,False,100,7,1e-06,3.04964942188235e-11,0.0,"[-147.64764623716968, -147.6415925627528, -147.64159271670576, -147.6415233445395, -147.64152334319294, -147.6415201063003, -147.6415201062698]","[0.570728541999415, 0.28593883400026243, 0.29444537500239676, 0.27976712500094436, 0.29607683399808593, 0.2823564579957747, 0.2854243330002646]",Pauli BLISS+HCT N Comm,False,block2_pauli,O2_1.7500_sto_3g
Pauli_BLISS+HCT_N_Comm,8,-147.64232072670927,0.0061579762696055695,False,3.0206422089977423,8,True,False,False,100,7,1e-06,2.4912452545322594e-08,0.0,"[-147.6479806492545, -147.64233400919238, -147.64232568397088, -147.64232128711416, -147.6423206453309, -147.64232070179682, -147.64232072670927]","[0.6974313750033616, 0.3313583330018446, 0.3976544159959303, 0.34851925000111805, 0.39887058399472153, 0.3733106669969857, 0.3940362079956685]",Pauli BLISS+HCT N Comm,False,block2_pauli,O2_1.7500_sto_3g
Pauli_BLISS+HCT_N_Comm,9,-147.64707787742609,0.0014008255527926394,True,3.8720761249933275,9,True,False,False,100,7,1e-06,2.5494273359072395e-11,0.0,"[-147.6481197362239, -147.64710828311823, -147.64710828330354, -147.6470765584085, -147.64707655834593, -147.64707787745158, -147.64707787742609]","[0.8319261249998817, 0.5059005000002799, 0.5043756249942817, 0.5100494579965016, 0.4831967499994789, 0.4781879999936791, 0.46610191599756945]",Pauli BLISS+HCT N Comm,False,block2_pauli,O2_1.7500_sto_3g
BS_Nover2_Comm,1,-147.3606226265889,0.28785607638997135,False,0.582741915997758,1,True,False,False,100,7,1e-06,1.1368683772161603e-13,0.0,"[-147.5942605878788, -147.35972793956145, -147.36062262721504, -147.36062262721467, -147.36062262658902, -147.36062262658902, -147.3606226265889]","[0.0834452089984552, 0.08265212499827612, 0.08059466599661391, 0.07508733300346648, 0.07180308399983915, 0.07268279200070538, 0.06694670800061431]",BS N/2 Comm,False,block2_pauli,O2_1.7500_sto_3g
BS_Nover2_Comm,2,-147.52189013015618,0.12658857282269764,False,0.5461599579939502,2,True,False,False,100,7,1e-06,5.8548721426632255e-12,0.0,"[-147.5948266083952, -147.52176713012142, -147.52189010172688, -147.52189013123052, -147.52189013082642, -147.52189013016203, -147.52189013015618]","[0.10704512499796692, 0.07349370799784083, 0.06208274999517016, 0.07730920899484772, 0.0616464159975294, 0.058228333000442944, 0.0601632910038461]",BS N/2 Comm,False,block2_pauli,O2_1.7500_sto_3g
BS_Nover2_Comm,3,-147.5839131463539,0.06456555662498431,False,0.5021252919977996,3,True,False,False,100,7,1e-06,9.753648555488326e-09,0.0,"[-147.59773008204172, -147.58369481676743, -147.58390989180276, -147.58390991131373, -147.58391315619943, -147.58391315610754, -147.5839131463539]","[0.08675379199848976, 0.07638695799687412, 0.06332208400272066, 0.06303066600230522, 0.06081962500320515, 0.060045792000892106, 0.05625237499771174]",BS N/2 Comm,False,block2_pauli,O2_1.7500_sto_3g
BS_Nover2_Comm,4,-147.58739520536008,0.061083497618795946,False,0.5707937920014956,4,True,False,False,100,7,1e-06,3.8022341186660924e-07,0.0,"[-147.59933481402106, -147.58696633972232, -147.58739551962827, -147.58739551963407, -147.58739558558094, -147.5873955855835, -147.58739520536008]","[0.11721454200596781, 0.07441404100245563, 0.06639183299557772, 0.07255033399997046, 0.07453241699840873, 0.06642945799831068, 0.06305562499619555]",BS N/2 Comm,False,block2_pauli,O2_1.7500_sto_3g
BS_Nover2_Comm,5,-147.5923678822798,0.05611082069907525,False,0.6045242090040119,5,True,False,False,100,7,1e-06,8.15557257283217e-08,0.0,"[-147.59949761247591, -147.59139157284073, -147.59182234128042, -147.59233848501407, -147.59233735408833, -147.59236796383553, -147.5923678822798]","[0.11534070799825713, 0.08446145799825899, 0.06977054100570967, 0.07312420899688732, 0.07538712499808753, 0.07295716700173216, 0.06801000000268687]",BS N/2 Comm,False,block2_pauli,O2_1.7500_sto_3g
BS_Nover2_Comm,6,-147.59671544003263,0.05176326294625255,False,0.6186830419974285,6,True,False,False,100,7,1e-06,4.220697746859514e-08,0.0,"[-147.59950583493378, -147.59618149254837, -147.5964310384328, -147.59667299811707, -147.5966744010537, -147.59671539782565, -147.59671544003263]","[0.10096562500257278, 0.0829428330034716, 0.07880187499540625, 0.07751916700362926, 0.07733374999952503, 0.08649704199342523, 0.07850466599484207]",BS N/2 Comm,False,block2_pauli,O2_1.7500_sto_3g
BS_Nover2_Comm,7,-147.59925115838485,0.049227544594032224,False,0.744691416999558,7,True,False,False,100,7,1e-06,4.057631031173514e-08,0.0,"[-147.59951197351273, -147.59913742982496, -147.59912760657704, -147.59924709764823, -147.59924725039178, -147.59925111780854, -147.59925115838485]","[0.12367066599836107, 0.09234250000008615, 0.08702545899723191, 0.08682499999849824, 0.11273570800403832, 0.10613712499616668, 0.09553862500615651]",BS N/2 Comm,False,block2_pauli,O2_1.7500_sto_3g
BS_Nover2_Comm,8,-147.5999141389427,0.04856456403618381,False,0.6624324579970562,8,True,False,False,100,7,1e-06,8.871094792084477e-08,0.0,"[-147.59988061778225, -147.59990735258503, -147.59990871816373, -147.5999128720413, -147.59991227696102, -147.59991422765364, -147.5999141389427]","[0.1209480409961543, 0.08820583299529972, 0.08315104099892778, 0.0830546669967589, 0.08471933300461387, 0.08414362499752315, 0.07909674999973504]",BS N/2 Comm,False,block2_pauli,O2_1.7500_sto_3g
BS_Nover2_Comm,9,-147.60014475691918,0.04833394605969943,False,0.9016193749994272,9,True,False,False,100,7,1e-06,5.4662564252794255e-08,0.0,"[-147.60007289559073, -147.60012479637868, -147.6001345320003, -147.600140021064, -147.60014223843385, -147.6001447022566, -147.60014475691918]","[0.1417227090059896, 0.11288933300238568, 0.12158133299817564, 0.13772975000028964, 0.1371702920005191, 0.11312233300122898, 0.1006286660049227]",BS N/2 Comm,False,block2_pauli,O2_1.7500_sto_3g
BS_Nover2_Comm,10,-147.60049295022955,0.04798575274932659,False,0.8141806669955258,10,True,False,False,100,7,1e-06,2.967766477013356e-09,0.0,"[-147.60016759387133, -147.60027275840838, -147.60046607273958, -147.60048580075076, -147.60048667301078, -147.60049294726178, -147.60049295022955]","[0.12753904199780663, 0.1147806250010035, 0.11393162499734899, 0.10807920799561543, 0.10290329200506676, 0.10674350000044797, 0.09581054099544417]",BS N/2 Comm,False,block2_pauli,O2_1.7500_sto_3g
BS_Nover2_Comm,12,-147.64832664995203,0.00015205302685217248,True,0.8796650410004077,12,True,False,False,100,7,1e-06,4.3594795329227054e-07,0.0,"[-147.60025497770343, -147.647342411404, -147.64829011284422, -147.6483207122214, -147.6483261289215, -147.64832621400407, -147.64832664995203]","[0.1419119589991169, 0.12472254100430291, 0.13214191699807998, 0.12188075000449317, 0.11399933299981058, 0.10503637499641627, 0.10361204099899624]",BS N/2 Comm,False,block2_pauli,O2_1.7500_sto_3g
BS_N_Comm,1,-147.61957791331673,0.0289007896621456,False,0.7566627910055104,1,True,False,False,100,7,1e-06,1.0231815394945443e-11,0.0,"[-147.63747960479074, -147.61950707203542, -147.6195646050899, -147.61957774105335, -147.61957774442186, -147.6195779133065, -147.61957791331673]","[0.1323762079991866, 0.10145158399973297, 0.08750908400543267, 0.08979774999897927, 0.09724041699519148, 0.10268845800601412, 0.08420137500070268]",BS N Comm,False,block2_pauli,O2_1.7500_sto_3g
BS_N_Comm,2,-147.63439980580688,0.014078897171998506,False,0.7930027920010616,2,True,False,False,100,8,1e-06,9.919176591210999e-11,0.0,"[-147.63949342582737, -147.63389262963557, -147.63439208856468, -147.63439208843187, -147.6343979722563, -147.63439797214227, -147.63439980590607, -147.63439980580688]","[0.1377024999965215, 0.08603450000373414, 0.09269050000148127, 0.09218229199905181, 0.08024524999927962, 0.0900668329995824, 0.07732391699391883, 0.07615099999384256]",BS N Comm,False,block2_pauli,O2_1.7500_sto_3g
BS_N_Comm,3,-147.63697085137466,0.011507851604221742,False,2.7451231660015765,3,True,False,False,100,32,1e-06,8.932475452638755e-07,0.0,"[-147.6421909728105, -147.63667732938032, -147.6372775858359, -147.63736965715185, -147.63743990171972, -147.6373032324676, -147.63734432124744, -147.63719803217063, -147.63722125101717, -147.6371243706453, -147.63713269835353, -147.63707668764619, -147.6370777850281, -147.63704509210095, -147.63704332457178, -147.63702342320184, -147.6370207095242, -147.63700817410256, -147.6370053354878, -147.6369971893467, -147.6369945646638, -147.6369891256638, -147.63698683846192, -147.6369831486378, -147.63698122363854, -147.63697868091847, -147.63697709469565, -147.63697531939582, -147.63697403182377, -147.63697277859882, -147.6369717446222, -147.63697085137466]","[0.166225041000871, 0.093028666000464, 0.08141487499960931, 0.08930124999460531, 0.08982941699650837, 0.08520687500276836, 0.07628612500411691, 0.07657016700250097, 0.07879854099883232, 0.07766866699967068, 0.08012616699852515, 0.08056037499773083, 0.07986220799648436, 0.07757999999739695, 0.07616550000238931, 0.07652637499995762, 0.08313929200085113, 0.07964754199929303, 0.07645687500189524, 0.0967716669983929, 0.07657795899285702, 0.07834566699602874, 0.0760191669978667, 0.07852470799844014, 0.07826241599832429, 0.0768422080000164, 0.0760465830026078, 0.07602033299917821, 0.08348087500053225, 0.07981029100483283, 0.07822433299588738, 0.07686137499695178]",BS N Comm,False,block2_pauli,O2_1.7500_sto_3g
BS_N_Comm,4,-147.64463162823745,0.0038470747414294237,False,0.7703577089996543,4,True,False,False,100,7,1e-06,1.2740562738144945e-07,0.0,"[-147.64558130121395, -147.6440825759306, -147.64463097273068, -147.6446309727842, -147.64463150083384, -147.64463150083182, -147.64463162823745]","[0.16628874999878462, 0.09391299999697367, 0.09051541700318921, 0.09189104200049769, 0.08943229199940106, 0.09093329100142, 0.09117887500178767]",BS N Comm,False,block2_pauli,O2_1.7500_sto_3g
BS_N_Comm,5,-147.64605919390405,0.0024195090748264647,False,0.835930000001099,5,True,False,False,100,7,1e-06,5.8756199905474205e-09,0.0,"[-147.6458474397432, -147.64584906814395, -147.64602423471155, -147.64605761088944, -147.6460576818007, -147.64605918802843, -147.64605919390405]","[0.19170099999610102, 0.10060629100189544, 0.09518395899794996, 0.10057099999539787, 0.10025495800073259, 0.10067362499830779, 0.08996770899830153]",BS N Comm,False,block2_pauli,O2_1.7500_sto_3g
BS_N_Comm,6,-147.64717747231845,0.0013012306604309742,True,0.9878662080009235,6,True,False,False,100,8,1e-06,7.055089099594625e-07,0.0,"[-147.64624842200365, -147.6467942169534, -147.647022590706, -147.64706690317894, -147.64715762140833, -147.64715839743172, -147.64717817782736, -147.64717747231845]","[0.17736462500033667, 0.11229570800060173, 0.10866066600283375, 0.10857670800032793, 0.10807854100130498, 0.11143658299988601, 0.10071387500647688, 0.10412200000428129]",BS N Comm,False,block2_pauli,O2_1.7500_sto_3g
HCT_N_Comm_Fiedler,1,-147.62368980327813,0.024788899700752154,False,0.5823882080003386,1,True,False,False,100,7,1e-06,1.2994746612093877e-08,0.0,"[-147.64063274286752, -147.6234266135627, -147.62371602374463, -147.6236915108363, -147.62369100972163, -147.62368981627287, -147.62368980327813]","[0.08422762499685632, 0.0801179170011892, 0.07118683299631812, 0.0816091249944293, 0.07700949999707518, 0.07417404100124259, 0.07488237499637762]",HCT N Comm,True,block2_pauli,O2_1.7500_sto_3g
HCT_N_Comm_Fiedler,2,-147.6371605750991,0.011318127879775375,False,1.2584954159974586,2,True,False,False,100,18,1e-06,5.623419383482542e-07,0.0,"[-147.64342751769254, -147.6375198595398, -147.63768167799643, -147.6371025870124, -147.63714907639735, -147.6366929409068, -147.6370839358567, -147.63690684189382, -147.6371262551874, -147.63708031635542, -147.63715215521145, -147.63713622846913, -147.63715877492183, -147.63715347496012, -147.63716059978816, -147.63715886397955, -147.63716113744104, -147.6371605750991]","[0.08043604200065602, 0.07022754199715564, 0.0658202499980689, 0.07172758399974555, 0.07138537499849917, 0.06758979200094473, 0.06974820900359191, 0.05985970799520146, 0.06109729199670255, 0.05910366700118175, 0.0601018750021467, 0.09449729100015247, 0.06077737500163494, 0.05835875000047963, 0.07134237499849405, 0.06626274999871384, 0.060359667004377116, 0.058851875000982545]",HCT N Comm,True,block2_pauli,O2_1.7500_sto_3g
HCT_N_Comm_Fiedler,3,-147.64215159912592,0.006327103852953542,False,1.2180044170017936,3,True,False,False,100,17,1e-06,7.830120125618123e-07,0.0,"[-147.6454873456744, -147.6416255959274, -147.64213777948336, -147.64210235353596, -147.64211102812334, -147.6421094627521, -147.64211883588194, -147.6421201409463, -147.64212911658134, -147.64213101507613, -147.64213789235063, -147.6421401067501, -147.64214521921124, -147.64214763940697, -147.64214997063664, -147.64215238213794, -147.64215159912592]","[0.08654112499789335, 0.06673600000067381, 0.07477387499966426, 0.06579008399421582, 0.06661070800328162, 0.0760554999942542, 0.08372941699781222, 0.06902545799675863, 0.06695162500545848, 0.0615064590019756, 0.06119962499360554, 0.06135612499929266, 0.06158679099462461, 0.06338837500516092, 0.0697275830025319, 0.06563379200088093, 0.06271712499437854]",HCT N Comm,True,block2_pauli,O2_1.7500_sto_3g
HCT_N_Comm_Fiedler,4,-147.64634596101007,0.00213274196880775,False,0.6562052919980488,4,True,False,False,100,8,1e-06,1.3111105090501951e-08,0.0,"[-147.64646553987998, -147.64565974809219, -147.6462385563354, -147.64628250279998, -147.64633369784244, -147.64633800752395, -147.64634594789896, -147.64634596101007]","[0.09018975000071805, 0.07570608300011372, 0.0728118750048452, 0.07630370800325181, 0.07461254199733958, 0.0757809169954271, 0.0690841250034282, 0.08930016600061208]",HCT N Comm,True,block2_pauli,O2_1.7500_sto_3g
HCT_N_Comm_Fiedler,5,-147.64751379891214,0.0009649040667341069,True,1.0902858329936862,5,True,False,False,100,13,1e-06,6.674371775261534e-07,0.0,"[-147.64803025497386, -147.64729287561104, -147.6474250965559, -147.64753396825074, -147.64754817081166, -147.6475938177493, -147.64758469310124, -147.64754954615424, -147.64753804554923, -147.64752097187545, -147.64751776451843, -147.64751446634932, -147.64751379891214]","[0.094009874999756, 0.09286604200315196, 0.08428016700054286, 0.08367545800138032, 0.08308079200651264, 0.08244358299998567, 0.07500779099791544, 0.07639537500654114, 0.07668149999517482, 0.07777845799864735, 0.075887375001912, 0.07603983300214168, 0.07573941600276157]",HCT N Comm,True,block2_pauli,O2_1.7500_sto_3g
BS_N_Comm_Fiedler,1,-147.62393415535672,0.024544547622156188,False,0.6025725829967996,1,True,False,False,100,7,1e-06,5.014442194806179e-10,0.0,"[-147.63520749736517, -147.6226868442227, -147.62404010090393, -147.62393678312384, -147.62393749973353, -147.62393415485528, -147.62393415535672]","[0.08871266699861735, 0.08101037499727681, 0.08287866699538426, 0.08061191700107884, 0.07961295799759682, 0.08492079200368607, 0.06990870899608126]",BS N Comm,True,block2_pauli,O2_1.7500_sto_3g
BS_N_Comm_Fiedler,2,-147.6387474708444,0.009731232134470247,False,0.5447761249961331,2,True,False,False,100,7,1e-06,9.399622058481327e-08,0.0,"[-147.639454135092, -147.6379605181532, -147.6387532788388, -147.63874424745148, -147.63874814379218, -147.6387473768482, -147.6387474708444]","[0.09527179099677596, 0.0754974170049536, 0.07016708300216123, 0.06742775000020629, 0.0663542080001207, 0.06545120800001314, 0.06061287500051549]",BS N Comm,True,block2_pauli,O2_1.7500_sto_3g
BS_N_Comm_Fiedler,3,-147.6420548442839,0.0064238586949727505,False,0.8642363749968354,3,True,False,False,100,10,1e-06,1.403919327458425e-07,0.0,"[-147.6391138087718, -147.6404421004045, -147.64158716458942, -147.6417018008571, -147.64190345513876, -147.64191216387917, -147.64201794788187, -147.64201935743358, -147.64205498467584, -147.6420548442839]","[0.09393233300215797, 0.0755191249991185, 0.09021920799568761, 0.08264137499645585, 0.09623095899587497, 0.07989741699566366, 0.07444862499687588, 0.08283612500235904, 0.07230212499416666, 0.07755554100003792]",BS N Comm,True,block2_pauli,O2_1.7500_sto_3g
BS_N_Comm_Fiedler,4,-147.64549439965955,0.0029843033193230895,False,0.6714147079983377,4,True,False,False,100,7,1e-06,1.676116596627253e-07,0.0,"[-147.64491604410034, -147.64526859611493, -147.6454846424012, -147.6454927359823, -147.64549412761738, -147.6454942320479, -147.64549439965955]","[0.11736804200336337, 0.08414349999657134, 0.0923127080022823, 0.08806116600317182, 0.08191574999364093, 0.07974266599921975, 0.07895570900291204]",BS N Comm,True,block2_pauli,O2_1.7500_sto_3g
BS_N_Comm_Fiedler,5,-147.64740483716605,0.0010738658128275347,True,0.7010539169932599,5,True,False,False,100,7,1e-06,3.048006931294367e-07,0.0,"[-147.64678549596866, -147.64711999816166, -147.64737748684686, -147.6474048026567, -147.6474025181341, -147.64740514196674, -147.64740483716605]","[0.12721754200174473, 0.09575054100423586, 0.09254491700266954, 0.08973424999567214, 0.08858295800018823, 0.08569191700371448, 0.08502162500371924]",BS N Comm,True,block2_pauli,O2_1.7500_sto_3g
raw_fermionic_su2,1,-147.24454295736547,0.36249203323413326,False,0.0968400420024409,1,True,False,False,100,7,1e-06,0.0,0.0,"[-147.52741293316197, -147.24454295736547, -147.24454295736547, -147.24454295736547, -147.24454295736547, -147.24454295736547, -147.24454295736547]","[0.018184458996984176, 0.01177770899812458, 0.013654041998961475, 0.01124116699793376, 0.013898041994252708, 0.011120000002847519, 0.009573750001436565]",,False,block2_su2,O2_2.5000_sto_3g
raw_fermionic_su2,2,-147.51766679371858,0.0893681968810256,False,0.0984272920031799,2,True,False,False,100,7,1e-06,8.526512829121202e-13,0.0,"[-147.54037061482066, -147.517666793633, -147.5176667936266, -147.51766679369044, -147.51766679369354, -147.51766679371943, -147.51766679371858]","[0.01952416600397555, 0.011894499999471009, 0.011138750000100117, 0.011803165994933806, 0.011389291001250967, 0.010824832999787759, 0.014278208000177983]",,False,block2_su2,O2_2.5000_sto_3g
raw_fermionic_su2,3,-147.54344067300258,0.06359431759702261,False,0.11792770899774041,3,True,False,False,100,7,1e-06,5.684341886080802e-14,0.0,"[-147.5438135134476, -147.51868039477085, -147.5434406730002, -147.5434406730008, -147.54344067300232, -147.54344067300264, -147.54344067300258]","[0.015546165996056516, 0.02430804199684644, 0.011559917002159636, 0.012508709005487617, 0.01599924999754876, 0.013056916002824437, 0.012219042000651825]",,False,block2_su2,O2_2.5000_sto_3g
raw_fermionic_su2,4,-147.55818921171849,0.048845778881116075,False,0.11441654100053711,4,True,False,False,100,7,1e-06,3.202734433216392e-08,0.0,"[-147.57705484354702, -147.558189211653, -147.55818922754068, -147.5581892275537, -147.55818924374316, -147.55818924374583, -147.55818921171849]","[0.015970791995641775, 0.01443154200387653, 0.01468804199976148, 0.016328749996318948, 0.013359750002564397, 0.011728750003385358, 0.014467499997408595]",,False,block2_su2,O2_2.5000_sto_3g
raw_fermionic_su2,5,-147.56235279481925,0.044682195780353595,False,0.1332479999982752,5,True,False,False,100,7,1e-06,3.572893092496088e-10,0.0,"[-147.57725194135529, -147.56234973504394, -147.56234973699807, -147.56235280250658, -147.56235280289843, -147.56235279446196, -147.56235279481925]","[0.026006541003880557, 0.013621874997625127, 0.012920041997858789, 0.017166707999422215, 0.014157416997477412, 0.017651207999733742, 0.020531750000372995]",,False,block2_su2,O2_2.5000_sto_3g
raw_fermionic_su2,6,-147.57448594491117,0.03254904568842676,False,0.15289470800053095,6,True,False,False,100,7,1e-06,8.526512829121202e-14,0.0,"[-147.57735153666593, -147.57448827894373, -147.57448828005232, -147.57448594906057, -147.5744859491114, -147.57448594491126, -147.57448594491117]","[0.025643916997069027, 0.02821945899631828, 0.016285874997265637, 0.015439166993019171, 0.022570541994355153, 0.013271458999952301, 0.020370999998704065]",,False,block2_su2,O2_2.5000_sto_3g
raw_fermionic_su2,7,-147.5961320505722,0.01090294002739256,False,0.32172654200257966,7,True,False,False,100,21,1e-06,3.3471206961621647e-07,0.0,"[-147.57756993096825, -147.6049482841748, -147.6051447677343, -147.59521236559732, -147.59537909207668, -147.59553559995788, -147.59600532719884, -147.60522926186974, -147.60525156765493, -147.6020880635039, -147.6015371764836, -147.59807925546997, -147.59828877975139, -147.59734532793578, -147.59737231073487, -147.59622584627033, -147.59622243265335, -147.59614057256556, -147.5961370799233, -147.59613171586014, -147.5961320505722]","[0.018508624998503365, 0.02054458299971884, 0.015113125002244487, 0.01532687500002794, 0.014411542004381772, 0.015239708001899999, 0.01349179200042272, 0.014868250000290573, 0.013818082996294834, 0.01465262500278186, 0.014323791001515929, 0.014975874997617211, 0.014250499996705912, 0.014684542002214584, 0.014362457994138822, 0.019114374998025596, 0.013519749998522457, 0.013538084000174422, 0.01321954200102482, 0.013106292004522402, 0.012625499999558087]",,False,block2_su2,O2_2.5000_sto_3g
raw_fermionic_su2,8,-147.60792344600577,0.0008884554061694416,True,0.18125175000022864,8,True,False,False,100,12,1e-06,4.5648050672753016e-08,0.0,"[-147.5776048880822, -147.60575095573816, -147.60659014929158, -147.60716751527832, -147.60741220683508, -147.60755780429415, -147.60770426779035, -147.6078106220954, -147.60791739875543, -147.6079245072467, -147.60792340035772, -147.60792344600577]","[0.018828540996764787, 0.015924917002848815, 0.014381542001501657, 0.014158291996864136, 0.015324708001571707, 0.015111875000002328, 0.012372708995826542, 0.012566249999508727, 0.012968041002750397, 0.012289584003156051, 0.012829125000280328, 0.012482749996706843]",,False,block2_su2,O2_2.5000_sto_3g
raw_qubit,1,-147.26846797717903,0.3385670134205725,False,0.4514347079966683,1,True,False,False,100,7,1e-06,0.0,0.0,"[-147.51228587490664, -147.26846797717903, -147.26846797717903, -147.26846797717903, -147.26846797717903, -147.26846797717903, -147.26846797717903]","[0.06749912500526989, 0.058591916000295896, 0.06908483400184195, 0.05738479199499125, 0.05809508300444577, 0.061145208004745655, 0.05219766699883621]",,False,block2_pauli,O2_2.5000_sto_3g
raw_qubit,2,-147.2892598194407,0.31777517115889964,False,0.4314418750000186,2,True,False,False,100,7,1e-06,0.0,0.0,"[-147.51228727078416, -147.2892598194408, -147.28925981944073, -147.2892598194407, -147.2892598194407, -147.2892598194407, -147.2892598194407]","[0.07779883300099755, 0.05382504199951654, 0.059969082998577505, 0.05603858299582498, 0.04791908299375791, 0.047810125004616566, 0.05455658400023822]",,False,block2_pauli,O2_2.5000_sto_3g
raw_qubit,3,-147.55905273466618,0.04798225593341954,False,0.41321633299958194,3,True,False,False,100,7,1e-06,2.842170943040401e-14,0.0,"[-147.59264178597078, -147.5590527346663, -147.55905273466618, -147.55905273466618, -147.55905273466612, -147.5590527346662, -147.55905273466618]","[0.06483337499957997, 0.04887779199634679, 0.049952875000599306, 0.07054420899657998, 0.055137083007139154, 0.04589562500041211, 0.04167220800445648]",,False,block2_pauli,O2_2.5000_sto_3g
raw_qubit,4,-147.60666180103556,0.00037318956404419623,True,0.3706505410009413,4,True,False,False,100,7,1e-06,5.684341886080802e-14,0.0,"[-147.6066618010355, -147.6066618010355, -147.60666180103556, -147.60666180103556, -147.6066618010355, -147.6066618010355, -147.60666180103556]","[0.06640825000067707, 0.05403895800554892, 0.0452673749969108, 0.04520462499931455, 0.04412187499838183, 0.044678250000288244, 0.04228216600313317]",,False,block2_pauli,O2_2.5000_sto_3g
seniority_Nover2,1,-147.1951921620477,0.41184282855189736,False,1.9026089170001796,1,True,False,False,100,34,1e-06,9.05205780554752e-07,0.0,"[-147.5122858747553, -147.19565865509696, -147.1934714700759, -147.19352496803242, -147.19561433152265, -147.19442636182544, -147.1945336980997, -147.1946464320984, -147.19485071868604, -147.19559963530796, -147.19565432088737, -147.1943424982772, -147.19442982070058, -147.1947425480979, -147.19499291903483, -147.19458955503248, -147.1947962837642, -147.19561486987396, -147.19350856891768, -147.19358091277024, -147.19498562666874, -147.19509054551415, -147.19361048955574, -147.19372101347088, -147.1956095739339, -147.1944149562277, -147.19452683109495, -147.19473865930797, -147.194963675253, -147.1956235846311, -147.19346550477294, -147.1935072406052, -147.19519306725348, -147.1951921620477]","[0.0715684169990709, 0.06661208400328178, 0.07459062500129221, 0.08208675000059884, 0.06730233300186228, 0.07291662499483209, 0.06316900000092573, 0.05826212499960093, 0.06379483400087338, 0.06969249999383464, 0.05642133299988927, 0.06190708399662981, 0.04904341700603254, 0.0536488330035354, 0.048348917000112124, 0.04925537500093924, 0.047295625001424924, 0.04514004199882038, 0.04403587499837158, 0.04426624999905471, 0.043703208000806626, 0.04449633300100686, 0.043860707999556325, 0.04405654199945275, 0.04372187499393476, 0.04400358300335938, 0.04885133400239283, 0.05616595900210086, 0.04865754099591868, 0.049092209002992604, 0.04525512499822071, 0.04431720799766481, 0.05912850000459002, 0.0455160830024397]",Seniority N/2,False,block2_pauli,O2_2.5000_sto_3g
seniority_Nover2,2,-147.47956165642475,0.12747333417485152,False,0.3976843340060441,2,True,False,False,100,7,1e-06,1.1652900866465643e-12,0.0,"[-147.51228618142574, -147.47956330519116, -147.4795633052796, -147.4795617163274, -147.47956171632208, -147.47956165642591, -147.47956165642475]","[0.07318999999552034, 0.049437875000876375, 0.04911858400009805, 0.04944370799785247, 0.04740620899974601, 0.048784999999043066, 0.04533120899577625]",Seniority N/2,False,block2_pauli,O2_2.5000_sto_3g
seniority_Nover2,3,-147.5090814061885,0.09795358441110125,False,0.42414229099813383,3,True,False,False,100,7,1e-06,0.0,0.0,"[-147.5122865751748, -147.50908140618844, -147.5090814061885, -147.5090814061885, -147.50908140618847, -147.5090814061885, -147.5090814061885]","[0.0811530419960036, 0.05012458300188882, 0.05234845900122309, 0.0544111659983173, 0.05191191699850606, 0.05183183299959637, 0.045865624997531995]",Seniority N/2,False,block2_pauli,O2_2.5000_sto_3g
seniority_Nover2,4,-147.60567669451189,0.0013582960877158712,True,0.4571809169938206,4,True,False,False,100,7,1e-06,4.831690603168681e-13,0.0,"[-147.60566524777727, -147.60567668175668, -147.60567669324305, -147.60567669404858, -147.60567669451166, -147.6056766945114, -147.60567669451189]","[0.08510870800091652, 0.052329666999867186, 0.05174429200269515, 0.05392474999825936, 0.05650983299710788, 0.06900837500143098, 0.052610958002333064]",Seniority N/2,False,block2_pauli,O2_2.5000_sto_3g
HCT_Nover2_Comm,1,-147.285889210156,0.32114578044360087,False,0.659090916000423,1,True,False,False,100,7,1e-06,0.0,0.0,"[-147.51453541079536, -147.28588885092017, -147.28588921015603, -147.285889210156, -147.2858892101556, -147.285889210156, -147.285889210156]","[0.11169945800065761, 0.08744733299681684, 0.08290908300114097, 0.0793866660023923, 0.07836574999964796, 0.07903762500063749, 0.07671900000423193]",HCT N/2 Comm,False,block2_pauli,O2_2.5000_sto_3g
HCT_Nover2_Comm,2,-147.33705146177175,0.2699835288278507,False,0.9227498330001254,2,True,False,False,100,13,1e-06,2.923372903751442e-07,0.0,"[-147.55827707406183, -147.32138099923895, -147.33514894881856, -147.33671817945068, -147.33691985316233, -147.33699222091357, -147.3370240956582, -147.33703767248386, -147.3370437731906, -147.33704837591517, -147.3370498190974, -147.33705116943446, -147.33705146177175]","[0.10686133299896028, 0.0686866670002928, 0.06379370899958303, 0.06432599999970989, 0.06319987500319257, 0.06416662500123493, 0.06408562499564141, 0.06407687499449821, 0.0614964999986114, 0.060516833000292536, 0.060392917002900504, 0.06091258299420588, 0.06192325000301935]",HCT N/2 Comm,False,block2_pauli,O2_2.5000_sto_3g
HCT_Nover2_Comm,3,-147.57976312484436,0.027271865755238878,False,0.7832692910014885,3,True,False,False,100,9,1e-06,1.5683440324210096e-08,0.0,"[-147.55943185781027, -147.4917861435238, -147.52854839840558, -147.53025626148715, -147.56995122017847, -147.57953978039052, -147.57953012148346, -147.5797631405278, -147.57976312484436]","[0.11731699999654666, 0.06888883400097257, 0.06634283300081734, 0.06815904099494219, 0.06688841700088233, 0.0822948329951032, 0.06973187500261702, 0.07498433299770113, 0.11304258400195977]",HCT N/2 Comm,False,block2_pauli,O2_2.5000_sto_3g
HCT_Nover2_Comm,4,-147.60656799350525,0.00046699709434960823,True,0.6503515419972246,4,True,False,False,100,7,1e-06,6.422396836569533e-09,0.0,"[-147.60572830686914, -147.57718827351994, -147.60657170889007, -147.60657170888285, -147.60656799990323, -147.60656799992765, -147.60656799350525]","[0.14255254100135062, 0.0784627500033821, 0.07632374999957392, 0.07845854199695168, 0.07074366699816892, 0.07481429100153036, 0.06937800000014249]",HCT N/2 Comm,False,block2_pauli,O2_2.5000_sto_3g
HCT_N_Comm,1,-147.4295239446418,0.1775110459578002,False,0.6261894580020453,1,True,False,False,100,7,1e-06,2.7189059892407386e-09,0.0,"[-147.56263316026994, -147.42407294439639, -147.4240883817873, -147.42977129967682, -147.42977080415505, -147.4295239419229, -147.4295239446418]","[0.10483950000343611, 0.08135591699829092, 0.07136512500437675, 0.08643420800217427, 0.08161562500026776, 0.07181712499732384, 0.08847650000097929]",HCT N Comm,False,block2_pauli,O2_2.5000_sto_3g
HCT_N_Comm,2,-147.56392751042742,0.04310748017218202,False,0.6578794579982059,2,True,False,False,100,8,1e-06,4.5209282006908325e-07,0.0,"[-147.59257430729315, -147.5695437497191, -147.56379861134843, -147.56404594933727, -147.56393034044288, -147.56393131152538, -147.5639270583346, -147.56392751042742]","[0.11099020900292089, 0.07149808300164295, 0.08042804100114154, 0.07023333299730439, 0.06841429199994309, 0.06694383300055051, 0.059314166006515734, 0.05871554100303911]",HCT N Comm,False,block2_pauli,O2_2.5000_sto_3g
HCT_N_Comm,3,-147.6068789220442,0.00015606855541250297,True,0.6150565830030246,3,True,False,False,100,7,1e-06,3.761218181352888e-08,0.0,"[-147.60755040874315, -147.59879548746386, -147.60683547041288, -147.60687520403368, -147.60687886047378, -147.606878884432, -147.6068789220442]","[0.12788729099702323, 0.08042737499636132, 0.07214887499867473, 0.07803012499789475, 0.0694306660006987, 0.07045325000217417, 0.07007900000462541]",HCT N Comm,False,block2_pauli,O2_2.5000_sto_3g
Pauli_BLISS+HCT_N_Comm,1,-147.55888637425272,0.048148616346878725,False,0.9251584590019775,1,True,False,False,100,7,1e-06,2.842170943040401e-14,0.0,"[-147.569639383402, -147.25970506265207, -147.55888639323533, -147.55888639325565, -147.55888637425275, -147.55888637425275, -147.55888637425272]","[0.2775144170009298, 0.09376204199361382, 0.08865554200019687, 0.07640808299765922, 0.07277579099900322, 0.07525304099544883, 0.0656931249977788]",Pauli BLISS+HCT N Comm,False,block2_pauli,O2_2.5000_sto_3g
Pauli_BLISS+HCT_N_Comm,2,-147.59112831297915,0.015906677620449727,False,9.319738292004331,2,False,True,True,100,100,1e-06,0.002562232911117235,0.0,"[-147.57341868605167, -147.5640499822068, -147.59004998189982, -147.5911402100889, -147.59005705929692, -147.59004340144375, -147.5884589296183, -147.58849593357786, -147.58259845831157, -147.58277073984544, -147.56493191470307, -147.56547888655828, -147.56052196710047, -147.56287976585452, -147.58856761776286, -147.59112832634446, -147.59004258555154, -147.59003101832553, -147.5884239210763, -147.58846150976547, -147.58244418391095, -147.58262122869007, -147.5647440038283, -147.56528381079758, -147.56052909315034, -147.5628798199525, -147.58856607971632, -147.59112831297625, -147.59004258372914, -147.5900310209281, -147.5884239292069, -147.58846151797744, -147.58244422077036, -147.58262126441787, -147.5647440477308, -147.5652838564627, -147.56052909152345, -147.5628798199382, -147.58856608006803, -147.5911283129792, -147.59004258372929, -147.59003102092706, -147.58842392920474, -147.58846151797502, -147.5824442207608, -147.582621264409, -147.56474404771973, -147.56528385645134, -147.56052909152356, -147.5628798199382, -147.588566080068, -147.59112831297912, -147.59004258372906, -147.5900310209272, -147.58842392920457, -147.58846151797516, -147.58244422075984, -147.58262126440803, -147.56474404771853, -147.56528385645004, -147.56052909152373, -147.56287981993825, -147.58856608006792, -147.59112831297892, -147.59004258372906, -147.59003102092714, -147.58842392920428, -147.58846151797496, -147.58244422075975, -147.58262126440812, -147.56474404771845, -147.56528385644992, -147.5605290915237, -147.56287981993827, -147.58856608006795, -147.59112831297904, -147.59004258372914, -147.5900310209273, -147.58842392920482, -147.588461517975, -147.58244422076012, -147.5826212644084, -147.56474404771893, -147.56528385645086, -147.56052909152382, -147.56287981993825, -147.58856608006795, -147.59112831297932, -147.5900425837292, -147.59003102092706, -147.58842392920474, -147.58846151797488, -147.58244422076064, -147.58262126440832, -147.564744047719, -147.5652838564506, -147.5605290915236, -147.5628798199382, -147.58856608006803, -147.59112831297915]","[0.5007312500019907, 0.09942674999911105, 0.08771300000080373, 0.09997891599778086, 0.09200062500167405, 0.10227708299498772, 0.09083400000235997, 0.08884354100155178, 0.08603774999937741, 0.0899485839981935, 0.08508512500702636, 0.08683899999596179, 0.0892195830019773, 0.08123708399944007, 0.08019837499887217, 0.08071474999451311, 0.0998166659992421, 0.0902388750037062, 0.09800433300551958, 0.08601025000098161, 0.08588054199935868, 0.08319920799840475, 0.08654645800561411, 0.092642290997901, 0.08491145799780497, 0.08074420799675863, 0.08101774999522604, 0.08333220899658045, 0.08806904199445853, 0.08492624999780674, 0.08510366699920269, 0.08351016599772265, 0.08555366699874867, 0.08992158400360495, 0.09487349999835715, 0.08577137500105891, 0.0938484169964795, 0.08964770800230326, 0.1114065829970059, 0.09332225000252947, 0.08724633300153073, 0.08792945799359586, 0.08715849999862257, 0.08823750000010477, 0.08507141700101783, 0.10586295800021617, 0.0945977090013912, 0.09178916700329864, 0.08950220800034003, 0.08255425000243122, 0.09497433400247246, 0.08090116699895589, 0.08559895899816183, 0.08364558299945202, 0.08708862499770476, 0.08728975000121864, 0.1033324169984553, 0.09180995799397351, 0.08892670800560154, 0.08615329200256383, 0.08996833299897844, 0.08989720800309442, 0.08232225000392646, 0.08170604200131493, 0.08507950000057463, 0.08355295899673365, 0.0846289170003729, 0.08478783399914391, 0.08764437500212807, 0.08665449999534758, 0.08742479100328637, 0.08430654199764831, 0.08269766699959291, 0.08139837499766145, 0.07834187499975087, 0.07996037499833619, 0.08508654199977173, 0.08308795900666155, 0.08404187500127591, 0.08543700000154786, 0.08598120899841888, 0.08443062500009546, 0.08393250000517583, 0.08176375000039116, 0.0825799169979291, 0.0804652079968946, 0.07864737500494812, 0.07986074999644188, 0.08504083300067578, 0.0832584579984541, 0.08444787500047823, 0.084538708004402, 0.08733883300010348, 0.08512404200155288, 0.0836102090033819, 0.08187899999757065, 0.08179208300134633, 0.08178337499703048, 0.07793783299712231, 0.07963570800347952]",Pauli BLISS+HCT N Comm,False,block2_pauli,O2_2.5000_sto_3g
Pauli_BLISS+HCT_N_Comm,3,-147.5688641287638,0.03817086183579477,False,2.2358197909998125,3,True,False,False,100,12,1e-06,1.2407863891894522e-07,0.0,"[-147.60702952408857, -147.56986813163448, -147.5672849585145, -147.56725752241047, -147.56705906874896, -147.56707186477507, -147.5671900860176, -147.56775397501448, -147.56860789337006, -147.56862593730585, -147.56886400468517, -147.5688641287638]","[0.7536124580001342, 0.12322704200050794, 0.1282072500034701, 0.12595566699746996, 0.12778945800528163, 0.12950483300664928, 0.12234620800154516, 0.11988854200171772, 0.12293262499588309, 0.11644416699709836, 0.12166454199905274, 0.11927729200397152]",Pauli BLISS+HCT N Comm,False,block2_pauli,O2_2.5000_sto_3g
Pauli_BLISS+HCT_N_Comm,4,-147.60657901745915,0.0004559731404469858,True,2.02537024999765,4,True,False,False,100,7,1e-06,8.46793568598514e-09,0.0,"[-147.60765986684277, -147.60734077668826, -147.6065363298352, -147.60653639378296, -147.60657902597427, -147.6065790259271, -147.60657901745915]","[0.7822251670004334, 0.21937245900335256, 0.19455775000096764, 0.181584958001622, 0.18540962499537272, 0.17439033400296466, 0.1653571249989909]",Pauli BLISS+HCT N Comm,False,block2_pauli,O2_2.5000_sto_3g
BS_Nover2_Comm,1,-147.2689847660131,0.33805022458651024,False,0.5571743750042515,1,True,False,False,100,7,1e-06,2.842170943040401e-14,0.0,"[-147.51261856471365, -147.26897371594757, -147.26898464938697, -147.2689847645461, -147.26898476575542, -147.26898476601306, -147.2689847660131]","[0.0817619170047692, 0.0691567079993547, 0.0750119580043247, 0.07336116700025741, 0.07272704200295266, 0.0652785420024884, 0.06977887500397628]",BS N/2 Comm,False,block2_pauli,O2_2.5000_sto_3g
BS_Nover2_Comm,2,-147.55904940520543,0.04798558539417286,False,0.5133535420027329,2,True,False,False,100,7,1e-06,4.231992534187157e-11,0.0,"[-147.59643728951653, -147.55904918645638, -147.55904939979894, -147.55904940437216, -147.5590494047891, -147.5590494051631, -147.55904940520543]","[0.08758087499882095, 0.07240333400113741, 0.06629195899586193, 0.06336629200086463, 0.06235766600002535, 0.06799024999781977, 0.055620291001105215]",BS N/2 Comm,False,block2_pauli,O2_2.5000_sto_3g
BS_Nover2_Comm,3,-147.56073819265382,0.046296797945785784,False,0.497435334000329,3,True,False,False,100,7,1e-06,1.588773557159584e-11,0.0,"[-147.60544808420332, -147.5607300927085, -147.56073484323386, -147.56073819555763, -147.5607382228751, -147.56073819263793, -147.56073819265382]","[0.09156250000523869, 0.06431941600021673, 0.06017837500257883, 0.07021529199846555, 0.06056091700156685, 0.05976616700354498, 0.05528516600315925]",BS N/2 Comm,False,block2_pauli,O2_2.5000_sto_3g
BS_Nover2_Comm,4,-147.56344086664356,0.043594123956040676,False,0.5459650000047986,4,True,False,False,100,7,1e-06,2.103794827235106e-08,0.0,"[-147.6060670076556, -147.56326405549765, -147.56342813244032, -147.56344019693486, -147.56344082878076, -147.5634408456056, -147.56344086664356]","[0.09091420799813932, 0.0714353330040467, 0.07031058299617143, 0.08375462500407593, 0.07017329199879896, 0.0659606250046636, 0.05901212499884423]",BS N/2 Comm,False,block2_pauli,O2_2.5000_sto_3g
BS_Nover2_Comm,5,-147.60615307703182,0.0008819135677811119,True,0.5628879580035573,5,True,False,False,100,7,1e-06,3.027992079296382e-09,0.0,"[-147.60614443419314, -147.6061508442289, -147.60614795427003, -147.60615305250428, -147.60615307765434, -147.6061530800598, -147.60615307703182]","[0.10788758299895562, 0.07087245900038397, 0.07819112499419134, 0.06841174999863142, 0.06608699999924283, 0.0658190829999512, 0.06156100000225706]",BS N/2 Comm,False,block2_pauli,O2_2.5000_sto_3g
BS_N_Comm,1,-147.48401570034568,0.12301929025392155,False,0.8246157499961555,1,True,False,False,100,8,1e-06,2.842170943040401e-14,0.0,"[-147.5596056364512, -147.55795601428107, -147.48152180636686, -147.48152180636686, -147.48395723444185, -147.48395723444185, -147.48401570034565, -147.48401570034568]","[0.13249716700374847, 0.09327783299522707, 0.09265725000295788, 0.09669295799540123, 0.0925450840004487, 0.09729950000473764, 0.08343837500433438, 0.07686066699534422]",BS N Comm,False,block2_pauli,O2_2.5000_sto_3g
BS_N_Comm,2,-147.56092746834824,0.04610752225136139,False,0.8660348330013221,2,True,False,False,100,10,1e-06,8.132303719321499e-10,0.0,"[-147.57496592504418, -147.55813301108628, -147.56084180395027, -147.56085679451633, -147.56088974674574, -147.5609034744252, -147.56091120660375, -147.56091356832786, -147.56092746916147, -147.56092746834824]","[0.12667054199846461, 0.07645854099973803, 0.07477983299759217, 0.07541391600534553, 0.07971683399955509, 0.08360012499906588, 0.07544212500215508, 0.07103774999995949, 0.07031741699756822, 0.07193337500211783]",BS N Comm,False,block2_pauli,O2_2.5000_sto_3g
BS_N_Comm,3,-147.59402814863492,0.013006841964681826,False,0.7432523339957697,3,True,False,False,100,7,1e-06,5.403532554737467e-08,0.0,"[-147.5939293665049, -147.59399204541677, -147.5940271484984, -147.5940278796371, -147.5940280882317, -147.5940280945996, -147.59402814863492]","[0.16743441700236872, 0.0857777499986696, 0.09075533299619565, 0.08496016699791653, 0.08269579199986765, 0.09788420900440542, 0.08184924999659415]",BS N Comm,False,block2_pauli,O2_2.5000_sto_3g
BS_N_Comm,4,-147.6077624964673,0.0007275058677009838,True,0.8059438750060508,4,True,False,False,100,7,1e-06,1.6450474049634067e-07,0.0,"[-147.5944623583871, -147.60720065861705, -147.60774787442588, -147.60774803038913, -147.60776233196876, -147.60776233196256, -147.6077624964673]","[0.18809445900114952, 0.10504420799406944, 0.09857908300182316, 0.09588712500408292, 0.08857758299564011, 0.09288429199659731, 0.0844193329976406]",BS N Comm,False,block2_pauli,O2_2.5000_sto_3g
HCT_N_Comm_Fiedler,1,-147.55808473995796,0.048950250641638604,False,0.8000511249992996,1,True,False,False,100,7,1e-06,1.7621459846850485e-11,0.0,"[-147.56399992585165, -147.5580847399157, -147.55808474006602, -147.55808473998448, -147.5580847399183, -147.55808473997558, -147.55808473995796]","[0.11356737499590963, 0.11901574999501463, 0.10236383400479099, 0.11182920900319004, 0.10044208399631316, 0.1036197080029524, 0.08857483400061028]",HCT N Comm,True,block2_pauli,O2_2.5000_sto_3g
HCT_N_Comm_Fiedler,2,-147.60710857202406,7.358142445923477e-05,True,0.7141553749970626,2,True,False,False,100,7,1e-06,2.7910118660656735e-11,0.0,"[-147.60774221829243, -147.60710786921484, -147.607108385686, -147.60710856300867, -147.60710856873033, -147.60710857205197, -147.60710857202406]","[0.14178658300079405, 0.0896604580048006, 0.08542020800086902, 0.08697658299934119, 0.08122729200113099, 0.0853350830002455, 0.0834305829994264]",HCT N Comm,True,block2_pauli,O2_2.5000_sto_3g
BS_N_Comm_Fiedler,1,-147.4837618344925,0.12327315610710343,False,0.8085714159969939,1,True,False,False,100,8,1e-06,4.1046007481782e-08,0.0,"[-147.59605417652864, -147.55832021714812, -147.482945329482, -147.48284178049482, -147.4837283266028, -147.48372935603578, -147.4837617934465, -147.4837618344925]","[0.1145944169984432, 0.09170216700294986, 0.08735804099706002, 0.09696116700069979, 0.09968154200032586, 0.09234087500226451, 0.08926212500227848, 0.08526583300408674]",BS N Comm,True,block2_pauli,O2_2.5000_sto_3g
BS_N_Comm_Fiedler,2,-147.56604575880672,0.040989231792877945,False,1.0254939160004142,2,True,False,False,100,11,1e-06,1.739510366860486e-07,0.0,"[-147.60599215677493, -147.56526154478152, -147.56569203094938, -147.56596109854078, -147.56598363808428, -147.56615467254096, -147.5661567056652, -147.5660463250443, -147.5660477949086, -147.5660455848557, -147.56604575880672]","[0.14912962499511195, 0.08639020800183062, 0.0763358749973122, 0.09009770900593139, 0.0776730840007076, 0.08210283400694607, 0.08107425000343937, 0.09017495900479844, 0.08108837499457877, 0.07586374999664258, 0.07335358399723191]",BS N Comm,True,block2_pauli,O2_2.5000_sto_3g
BS_N_Comm_Fiedler,3,-147.6024301228906,0.004604867708991378,False,1.2003658340036054,3,True,False,False,100,12,1e-06,1.3467439430314698e-07,0.0,"[-147.60593942857412, -147.59300553911746, -147.603971569662, -147.60406041482136, -147.6030430039434, -147.60304050084062, -147.6025070315943, -147.60249766937136, -147.60242946806346, -147.60242739889406, -147.602430257565, -147.6024301228906]","[0.1753591660017264, 0.08823520799342077, 0.08529741700476734, 0.08681729099771474, 0.0878378330016858, 0.09340337499452289, 0.08473175000108313, 0.10006337500090012, 0.08308495800156379, 0.08213179199810838, 0.08901216600497719, 0.0861235830016085]",BS N Comm,True,block2_pauli,O2_2.5000_sto_3g
BS_N_Comm_Fiedler,4,-147.6084538886007,0.0014188980011056174,True,0.8054499169957126,4,True,False,False,100,7,1e-06,6.189395662659081e-09,0.0,"[-147.60827179199373, -147.60842952492277, -147.60845854032144, -147.608453834658, -147.60845399147985, -147.6084538824113, -147.6084538886007]","[0.1364053330034949, 0.0988951250037644, 0.10309837500244612, 0.10907433399552247, 0.10691391699947417, 0.1046109160015476, 0.09935504100576509]",BS N Comm,True,block2_pauli,O2_2.5000_sto_3g
